SSPscen;region;technology;vehicleType;subsectorL3;subsectorL2;subsectorL1;sector;level;2020;2030;2040;2050;2100
SSP2;CAZ;;;;;Cycle;trn_pass;S1S;0.019099999999489;0.0381999999994484;0.0381999999948336;0.0382000000005586;0.0765000000002397
SSP2;CAZ;;;;;Domestic Aviation;trn_pass;S1S;0.00142999999996224;0.00149999999997797;0.00109999999985246;0.000700000000010379;0.000700000000002155
SSP2;CAZ;;;;;Domestic Ship;trn_freight;S1S;0.015799999987576;0.016004940925879;0.01504761903863;0.0143636363676946;0.0131666666733018
SSP2;CAZ;;;;;Freight Rail;trn_freight;S1S;0.106999999918658;0.0711958742021973;0.0571428571409635;0.0454545454698499;0.0166666666717628
SSP2;CAZ;;;;;HSR;trn_pass;S1S;8.7899999997582e-08;8.7899999998721e-05;0.000122999999983286;0.000158000000002362;0.000264000000000796
SSP2;CAZ;;;;;International Aviation;trn_aviation_intl;S1S;1;1;1;1;1
SSP2;CAZ;;;;;International Ship;trn_shipping_intl;S1S;1;1;1;1;1
SSP2;CAZ;;;;;Passenger Rail;trn_pass;S1S;0.000878999999976113;0.000878999999987297;0.000965999999868473;0.00105000000001544;0.00176000000000551
SSP2;CAZ;;;;;Walk;trn_pass;S1S;1;1;1;1;1
SSP2;CAZ;;;;;trn_freight_road;trn_freight;S1S;1;1;1;1;1
SSP2;CAZ;;;;;trn_pass_road;trn_pass;S1S;0.149999999995909;0.109999999998378;0.0924999999874553;0.0750000000011071;0.0755000000002337
SSP2;CAZ;;;;Bus;trn_pass_road;trn_pass;S2S1;0.0885;0.0884999999999998;0.089809523809524;0.0909090909090908;0.1
SSP2;CAZ;;;;Cycle_tmp_subsectorL2;Cycle;trn_pass;S2S1;1;1;1;1;1
SSP2;CAZ;;;;Domestic Aviation_tmp_subsectorL2;Domestic Aviation;trn_pass;S2S1;1;1;1;1;1
SSP2;CAZ;;;;Domestic Ship_tmp_subsectorL2;Domestic Ship;trn_freight;S2S1;1;1;1;1;1
SSP2;CAZ;;;;Freight Rail_tmp_subsectorL2;Freight Rail;trn_freight;S2S1;1;1;1;1;1
SSP2;CAZ;;;;HSR_tmp_subsectorL2;HSR;trn_pass;S2S1;1;1;1;1;1
SSP2;CAZ;;;;International Aviation_tmp_subsectorL2;International Aviation;trn_aviation_intl;S2S1;1;1;1;1;1
SSP2;CAZ;;;;International Ship_tmp_subsectorL2;International Ship;trn_shipping_intl;S2S1;1;1;1;1;1
SSP2;CAZ;;;;Passenger Rail_tmp_subsectorL2;Passenger Rail;trn_pass;S2S1;1;1;1;1;1
SSP2;CAZ;;;;Walk_tmp_subsectorL2;Walk;trn_pass;S2S1;1;1;1;1;1
SSP2;CAZ;;;;trn_freight_road_tmp_subsectorL2;trn_freight_road;trn_freight;S2S1;1;1;1;1;1
SSP2;CAZ;;;;trn_pass_road_LDV;trn_pass_road;trn_pass;S2S1;1;1;1;1;1
SSP2;CAZ;;;Bus_tmp_subsectorL3;Bus;trn_pass_road;trn_pass;S3S2;1;1;1;1;1
SSP2;CAZ;;;Cycle_tmp_subsectorL3;Cycle_tmp_subsectorL2;Cycle;trn_pass;S3S2;1;1;1;1;1
SSP2;CAZ;;;Domestic Aviation_tmp_subsectorL3;Domestic Aviation_tmp_subsectorL2;Domestic Aviation;trn_pass;S3S2;1;1;1;1;1
SSP2;CAZ;;;Domestic Ship_tmp_subsectorL3;Domestic Ship_tmp_subsectorL2;Domestic Ship;trn_freight;S3S2;1;1;1;1;1
SSP2;CAZ;;;Freight Rail_tmp_subsectorL3;Freight Rail_tmp_subsectorL2;Freight Rail;trn_freight;S3S2;1;1;1;1;1
SSP2;CAZ;;;HSR_tmp_subsectorL3;HSR_tmp_subsectorL2;HSR;trn_pass;S3S2;1;1;1;1;1
SSP2;CAZ;;;International Aviation_tmp_subsectorL3;International Aviation_tmp_subsectorL2;International Aviation;trn_aviation_intl;S3S2;1;1;1;1;1
SSP2;CAZ;;;International Ship_tmp_subsectorL3;International Ship_tmp_subsectorL2;International Ship;trn_shipping_intl;S3S2;1;1;1;1;1
SSP2;CAZ;;;Passenger Rail_tmp_subsectorL3;Passenger Rail_tmp_subsectorL2;Passenger Rail;trn_pass;S3S2;1;1;1;1;1
SSP2;CAZ;;;Walk_tmp_subsectorL3;Walk_tmp_subsectorL2;Walk;trn_pass;S3S2;1;1;1;1;1
SSP2;CAZ;;;trn_freight_road_tmp_subsectorL3;trn_freight_road_tmp_subsectorL2;trn_freight_road;trn_freight;S3S2;1;1;1;1;1
SSP2;CAZ;;;trn_pass_road_LDV_2W;trn_pass_road_LDV;trn_pass_road;trn_pass;S3S2;0.99900000707692;0.0339999998715031;0.0320000001023652;0.0299999999956077;0.0200000000148669
SSP2;CAZ;;;trn_pass_road_LDV_4W;trn_pass_road_LDV;trn_pass_road;trn_pass;S3S2;1;1;1;1;1
SSP2;CAZ;;Bus_tmp_vehicletype;Bus_tmp_subsectorL3;Bus;trn_pass_road;trn_pass;VS3;1;1;1;1;1
SSP2;CAZ;;Compact Car;trn_pass_road_LDV_4W;trn_pass_road_LDV;trn_pass_road;trn_pass;VS3;0.129000001138774;0.129000000001845;0.129000000012903;0.129000000019872;0.129000001278059
SSP2;CAZ;;Cycle_tmp_vehicletype;Cycle_tmp_subsectorL3;Cycle_tmp_subsectorL2;Cycle;trn_pass;VS3;1;1;1;1;1
SSP2;CAZ;;Domestic Aviation_tmp_vehicletype;Domestic Aviation_tmp_subsectorL3;Domestic Aviation_tmp_subsectorL2;Domestic Aviation;trn_pass;VS3;1;1;1;1;1
SSP2;CAZ;;Domestic Ship_tmp_vehicletype;Domestic Ship_tmp_subsectorL3;Domestic Ship_tmp_subsectorL2;Domestic Ship;trn_freight;VS3;1;1;1;1;1
SSP2;CAZ;;Freight Rail_tmp_vehicletype;Freight Rail_tmp_subsectorL3;Freight Rail_tmp_subsectorL2;Freight Rail;trn_freight;VS3;1;1;1;1;1
SSP2;CAZ;;HSR_tmp_vehicletype;HSR_tmp_subsectorL3;HSR_tmp_subsectorL2;HSR;trn_pass;VS3;1;1;1;1;1
SSP2;CAZ;;International Aviation_tmp_vehicletype;International Aviation_tmp_subsectorL3;International Aviation_tmp_subsectorL2;International Aviation;trn_aviation_intl;VS3;1;1;1;1;1
SSP2;CAZ;;International Ship_tmp_vehicletype;International Ship_tmp_subsectorL3;International Ship_tmp_subsectorL2;International Ship;trn_shipping_intl;VS3;1;1;1;1;1
SSP2;CAZ;;Large Car;trn_pass_road_LDV_4W;trn_pass_road_LDV;trn_pass_road;trn_pass;VS3;0.325999990098075;0.325999999983904;0.325999999601808;0.325999999831608;0.326000000181566
SSP2;CAZ;;Large Car and SUV;trn_pass_road_LDV_4W;trn_pass_road_LDV;trn_pass_road;trn_pass;VS3;6.97000005758153e-05;6.96999999541297e-05;6.96999999700473e-05;6.97000000236944e-05;6.97000000063116e-05
SSP2;CAZ;;Midsize Car;trn_pass_road_LDV_4W;trn_pass_road_LDV;trn_pass_road;trn_pass;VS3;1;1;1;1;1
SSP2;CAZ;;Mini Car;trn_pass_road_LDV_4W;trn_pass_road_LDV;trn_pass_road;trn_pass;VS3;9.87999996506028e-09;9.87999999504819e-09;9.87999999727507e-09;9.87999999787124e-09;9.88000001421341e-09
SSP2;CAZ;;Moped;trn_pass_road_LDV_2W;trn_pass_road_LDV;trn_pass_road;trn_pass;VS3;0.000286999999999165;0.000287000000001565;0.000286999999999461;0.000287000000000176;0.000286999999997548
SSP2;CAZ;;Motorcycle (50-250cc);trn_pass_road_LDV_2W;trn_pass_road_LDV;trn_pass_road;trn_pass;VS3;0.00019899999999674;0.000199000000000584;0.000198999999999728;0.000198999999999751;0.000198999999998721
SSP2;CAZ;;Motorcycle (>250cc);trn_pass_road_LDV_2W;trn_pass_road_LDV;trn_pass_road;trn_pass;VS3;1;1;1;1;1
SSP2;CAZ;;Passenger Rail_tmp_vehicletype;Passenger Rail_tmp_subsectorL3;Passenger Rail_tmp_subsectorL2;Passenger Rail;trn_pass;VS3;1;1;1;1;1
SSP2;CAZ;;Subcompact Car;trn_pass_road_LDV_4W;trn_pass_road_LDV;trn_pass_road;trn_pass;VS3;6.73000001388449e-05;6.72999999309638e-05;6.72999999641735e-05;6.72999999980575e-05;6.73000000224729e-05
SSP2;CAZ;;Truck (0-3_5t);trn_freight_road_tmp_subsectorL3;trn_freight_road_tmp_subsectorL2;trn_freight_road;trn_freight;VS3;1;1;1;1;1
SSP2;CAZ;;Truck (18t);trn_freight_road_tmp_subsectorL3;trn_freight_road_tmp_subsectorL2;trn_freight_road;trn_freight;VS3;0.232999999673856;0.233000000002131;0.232999999991931;0.233000000107649;0.232999999622039
SSP2;CAZ;;Truck (26t);trn_freight_road_tmp_subsectorL3;trn_freight_road_tmp_subsectorL2;trn_freight_road;trn_freight;VS3;0.833999998792545;0.834000000007388;0.833999999985302;0.834000000415883;0.833999998549215
SSP2;CAZ;;Truck (40t);trn_freight_road_tmp_subsectorL3;trn_freight_road_tmp_subsectorL2;trn_freight_road;trn_freight;VS3;3.49999999503765e-05;3.50000000012053e-05;3.4999999997507e-05;3.50000000161111e-05;3.499999993955e-05
SSP2;CAZ;;Truck (7_5t);trn_freight_road_tmp_subsectorL3;trn_freight_road_tmp_subsectorL2;trn_freight_road;trn_freight;VS3;0.627999999088848;0.628000000015634;0.627999999979353;0.628000000310825;0.627999998804589
SSP2;CAZ;;Van;trn_pass_road_LDV_4W;trn_pass_road_LDV;trn_pass_road;trn_pass;VS3;0.208000000991421;0.207999999838109;0.207999999862337;0.207999999894673;0.208000000487127
SSP2;CAZ;;Walk_tmp_vehicletype;Walk_tmp_subsectorL3;Walk_tmp_subsectorL2;Walk;trn_pass;VS3;1;1;1;1;1
SSP2;CAZ;BEV;Bus_tmp_vehicletype;Bus_tmp_subsectorL3;Bus;trn_pass_road;trn_pass;FV;0;0.112000000009055;0.27699999982491;0.442000000184398;0.974000004004148
SSP2;CAZ;BEV;Compact Car;trn_pass_road_LDV_4W;trn_pass_road_LDV;trn_pass_road;trn_pass;FV;0.0133833958473359;0.0170893742516478;0.0254336992479843;0.0620357388416908;1
SSP2;CAZ;BEV;Large Car;trn_pass_road_LDV_4W;trn_pass_road_LDV;trn_pass_road;trn_pass;FV;0.0437539703620885;0.0512479761783015;0.0673224908776593;0.136518414395847;1
SSP2;CAZ;BEV;Large Car and SUV;trn_pass_road_LDV_4W;trn_pass_road_LDV;trn_pass_road;trn_pass;FV;0.0457079017389471;0.0560759710477961;0.0782572293086792;0.168256429793118;1
SSP2;CAZ;BEV;Midsize Car;trn_pass_road_LDV_4W;trn_pass_road_LDV;trn_pass_road;trn_pass;FV;0.0257117806653296;0.0322179288542149;0.0464462106985655;0.105837718706938;1
SSP2;CAZ;BEV;Mini Car;trn_pass_road_LDV_4W;trn_pass_road_LDV;trn_pass_road;trn_pass;FV;0.0443309411000315;0.0525816163702068;0.0723827815193883;0.147802390240341;1
SSP2;CAZ;BEV;Moped;trn_pass_road_LDV_2W;trn_pass_road_LDV;trn_pass_road;trn_pass;FV;0;0.249999999974394;0.735294118509421;1;1
SSP2;CAZ;BEV;Motorcycle (50-250cc);trn_pass_road_LDV_2W;trn_pass_road_LDV;trn_pass_road;trn_pass;FV;0;0.250000000280939;0.735294116413018;1;1
SSP2;CAZ;BEV;Motorcycle (>250cc);trn_pass_road_LDV_2W;trn_pass_road_LDV;trn_pass_road;trn_pass;FV;0;0.250000002282107;0.735294117572324;1;1
SSP2;CAZ;BEV;Subcompact Car;trn_pass_road_LDV_4W;trn_pass_road_LDV;trn_pass_road;trn_pass;FV;0.0444106674893348;0.0518546125040576;0.0692829810456937;0.137991422936812;1
SSP2;CAZ;BEV;Truck (0-3_5t);trn_freight_road_tmp_subsectorL3;trn_freight_road_tmp_subsectorL2;trn_freight_road;trn_freight;FV;0;0.140999999924402;0.235999999906009;0.331000000053749;0.435000000088521
SSP2;CAZ;BEV;Truck (18t);trn_freight_road_tmp_subsectorL3;trn_freight_road_tmp_subsectorL2;trn_freight_road;trn_freight;FV;0;0.0560999999503038;0.116999999994081;0.177999999974485;0.422000007951242
SSP2;CAZ;BEV;Truck (26t);trn_freight_road_tmp_subsectorL3;trn_freight_road_tmp_subsectorL2;trn_freight_road;trn_freight;FV;0;0.056099999987374;0.117000000003146;0.177999999979644;0.422000000338192
SSP2;CAZ;BEV;Truck (40t);trn_freight_road_tmp_subsectorL3;trn_freight_road_tmp_subsectorL2;trn_freight_road;trn_freight;FV;0;0.0561000000024211;0.116999999999947;0.177999999964516;0.421999998649496
SSP2;CAZ;BEV;Truck (7_5t);trn_freight_road_tmp_subsectorL3;trn_freight_road_tmp_subsectorL2;trn_freight_road;trn_freight;FV;0;0.141000000021648;0.235999999744597;0.33100000002071;0.435000000566522
SSP2;CAZ;BEV;Van;trn_pass_road_LDV_4W;trn_pass_road_LDV;trn_pass_road;trn_pass;FV;0.022667914295557;0.0328683200070405;0.0569732882576133;0.159403839006172;1
SSP2;CAZ;Cycle_tmp_technology;Cycle_tmp_vehicletype;Cycle_tmp_subsectorL3;Cycle_tmp_subsectorL2;Cycle;trn_pass;FV;1;1;1;1;1
SSP2;CAZ;Electric;Freight Rail_tmp_vehicletype;Freight Rail_tmp_subsectorL3;Freight Rail_tmp_subsectorL2;Freight Rail;trn_freight;FV;0.0906999999971476;0.12264839036633;0.318000000060856;0.432000000008888;0.885999990535025
SSP2;CAZ;Electric;HSR_tmp_vehicletype;HSR_tmp_subsectorL3;HSR_tmp_subsectorL2;HSR;trn_pass;FV;1;1;1;1;1
SSP2;CAZ;Electric;Passenger Rail_tmp_vehicletype;Passenger Rail_tmp_subsectorL3;Passenger Rail_tmp_subsectorL2;Passenger Rail;trn_pass;FV;1;1;1;1;1
SSP2;CAZ;FCEV;Bus_tmp_vehicletype;Bus_tmp_subsectorL3;Bus;trn_pass_road;trn_pass;FV;0;0.014600000000698;0.0169999999682723;0.0193000000012243;0.0759999999895721
SSP2;CAZ;FCEV;Compact Car;trn_pass_road_LDV_4W;trn_pass_road_LDV;trn_pass_road;trn_pass;FV;0.00564577426702713;0.00532166682593593;0.00975927089197828;0.0223218094624222;0.00761905584581378
SSP2;CAZ;FCEV;Large Car;trn_pass_road_LDV_4W;trn_pass_road_LDV;trn_pass_road;trn_pass;FV;0.0196461103480896;0.0176719329816809;0.0267551737146833;0.0517528630615536;0.0180491250828266
SSP2;CAZ;FCEV;Large Car and SUV;trn_pass_road_LDV_4W;trn_pass_road_LDV;trn_pass_road;trn_pass;FV;0.0202786744363911;0.0192491184370029;0.0334147113045007;0.0715260441539849;0.0190896305370726
SSP2;CAZ;FCEV;Midsize Car;trn_pass_road_LDV_4W;trn_pass_road_LDV;trn_pass_road;trn_pass;FV;0.0105438821405907;0.010070206526247;0.0184401880131246;0.0413506450480868;0.0121578840779841
SSP2;CAZ;FCEV;Mini Car;trn_pass_road_LDV_4W;trn_pass_road_LDV;trn_pass_road;trn_pass;FV;0.0187148019679236;0.0164957057883167;0.0184372695448273;0.0285150746919167;0.0156879485358044
SSP2;CAZ;FCEV;Subcompact Car;trn_pass_road_LDV_4W;trn_pass_road_LDV;trn_pass_road;trn_pass;FV;0.0187235240223092;0.0162325978204258;0.017770170082732;0.0271110578660304;0.0157262528875283
SSP2;CAZ;FCEV;Truck (0-3_5t);trn_freight_road_tmp_subsectorL3;trn_freight_road_tmp_subsectorL2;trn_freight_road;trn_freight;FV;0;0.0395999999941117;0.047799999988789;0.0560999999998521;0.115000000056081
SSP2;CAZ;FCEV;Truck (18t);trn_freight_road_tmp_subsectorL3;trn_freight_road_tmp_subsectorL2;trn_freight_road;trn_freight;FV;0;0.0145999999628554;0.0178999999983205;0.0212999999994454;0.0788000005124873
SSP2;CAZ;FCEV;Truck (26t);trn_freight_road_tmp_subsectorL3;trn_freight_road_tmp_subsectorL2;trn_freight_road;trn_freight;FV;0;0.0145999999978847;0.0178999999997821;0.0213000000000221;0.0787999998969006
SSP2;CAZ;FCEV;Truck (40t);trn_freight_road_tmp_subsectorL3;trn_freight_road_tmp_subsectorL2;trn_freight_road;trn_freight;FV;0;0.0146000000003988;0.0179000000009502;0.0212999999991575;0.078799999546838
SSP2;CAZ;FCEV;Truck (7_5t);trn_freight_road_tmp_subsectorL3;trn_freight_road_tmp_subsectorL2;trn_freight_road;trn_freight;FV;0;0.0395999999948091;0.0477999999736751;0.056099999994818;0.11499999983606
SSP2;CAZ;FCEV;Van;trn_pass_road_LDV_4W;trn_pass_road_LDV;trn_pass_road;trn_pass;FV;0.00826011723807827;0.00941562148841017;0.0287128344012267;0.0832877970307585;0.0100464468424728
SSP2;CAZ;Gases;Bus_tmp_vehicletype;Bus_tmp_subsectorL3;Bus;trn_pass_road;trn_pass;FV;0.030999999998308;0.0564999999985336;0.0770999998428673;0.0978000000715374;0.15000000056883
SSP2;CAZ;Gases;Compact Car;trn_pass_road_LDV_4W;trn_pass_road_LDV;trn_pass_road;trn_pass;FV;0.00144454634022868;0.00172242419408799;0.00246782341442475;0.003600642423898;0.00508764281998868
SSP2;CAZ;Gases;Large Car;trn_pass_road_LDV_4W;trn_pass_road_LDV;trn_pass_road;trn_pass;FV;0.0065668631542131;0.00741947788326575;0.00968526370681077;0.0128943568536955;0.0152682516212198
SSP2;CAZ;Gases;Large Car and SUV;trn_pass_road_LDV_4W;trn_pass_road_LDV;trn_pass_road;trn_pass;FV;0.00722783675944563;0.00854231706177055;0.0119116529061355;0.0165811182030709;0.0165870813705005
SSP2;CAZ;Gases;Midsize Car;trn_pass_road_LDV_4W;trn_pass_road_LDV;trn_pass_road;trn_pass;FV;0.00314339938378221;0.00375852334625538;0.00531379927399676;0.00766426642351426;0.00905149005719584
SSP2;CAZ;Gases;Mini Car;trn_pass_road_LDV_4W;trn_pass_road_LDV;trn_pass_road;trn_pass;FV;0.00608487739511827;0.00694826701531123;0.00927284179184569;0.0129216534769616;0.0139915470474167
SSP2;CAZ;Gases;Subcompact Car;trn_pass_road_LDV_4W;trn_pass_road_LDV;trn_pass_road;trn_pass;FV;0.00638003969325232;0.00717877651727798;0.0093519380866843;0.0125053874872814;0.0146012648132841
SSP2;CAZ;Gases;Truck (0-3_5t);trn_freight_road_tmp_subsectorL3;trn_freight_road_tmp_subsectorL2;trn_freight_road;trn_freight;FV;0;0.0263000000399547;0.0525999999955923;0.079000000010781;0.153000000034461
SSP2;CAZ;Gases;Truck (18t);trn_freight_road_tmp_subsectorL3;trn_freight_road_tmp_subsectorL2;trn_freight_road;trn_freight;FV;0;0.0263000001217042;0.0525999999966541;0.0790000000018196;0.15300000225171
SSP2;CAZ;Gases;Truck (26t);trn_freight_road_tmp_subsectorL3;trn_freight_road_tmp_subsectorL2;trn_freight_road;trn_freight;FV;0;0.0263000000011177;0.0526000000066059;0.0789999999947495;0.153000000308772
SSP2;CAZ;Gases;Truck (40t);trn_freight_road_tmp_subsectorL3;trn_freight_road_tmp_subsectorL2;trn_freight_road;trn_freight;FV;0;0.026300000001008;0.0526000000011915;0.0789999999877703;0.152999999959951
SSP2;CAZ;Gases;Truck (7_5t);trn_freight_road_tmp_subsectorL3;trn_freight_road_tmp_subsectorL2;trn_freight_road;trn_freight;FV;0;0.0263000000064044;0.0525999999799949;0.0789999999644634;0.153000000221688
SSP2;CAZ;Gases;Van;trn_pass_road_LDV_4W;trn_pass_road_LDV;trn_pass_road;trn_pass;FV;0.00237555790254459;0.00327461385167474;0.00584764394990762;0.0099670482230235;0.00694752231518339
SSP2;CAZ;Hybrid electric;Compact Car;trn_pass_road_LDV_4W;trn_pass_road_LDV;trn_pass_road;trn_pass;FV;0.00913523236937734;0.011226709229936;0.0165002001150127;0.021642072195032;0.0180583898317638
SSP2;CAZ;Hybrid electric;Large Car;trn_pass_road_LDV_4W;trn_pass_road_LDV;trn_pass_road;trn_pass;FV;0.0291184219664527;0.0334029281138254;0.0440937609270438;0.0538150968712673;0.0394595606341824
SSP2;CAZ;Hybrid electric;Large Car and SUV;trn_pass_road_LDV_4W;trn_pass_road_LDV;trn_pass_road;trn_pass;FV;0.0330980981984461;0.0394229510819687;0.0549180240366107;0.0706426701113392;0.0418844609472309
SSP2;CAZ;Hybrid electric;Midsize Car;trn_pass_road_LDV_4W;trn_pass_road_LDV;trn_pass_road;trn_pass;FV;0.0174206154044558;0.0213580437382279;0.0309035825735484;0.0400063648597581;0.0273900804753308
SSP2;CAZ;Hybrid electric;Mini Car;trn_pass_road_LDV_4W;trn_pass_road_LDV;trn_pass_road;trn_pass;FV;0.0282615142677806;0.033537866744506;0.0468373561893134;0.0583689243403949;0.0367231076263836
SSP2;CAZ;Hybrid electric;Subcompact Car;trn_pass_road_LDV_4W;trn_pass_road_LDV;trn_pass_road;trn_pass;FV;0.0286538243229735;0.0333272510693816;0.0449854907542248;0.0545321171459674;0.0369735891119855
SSP2;CAZ;Hybrid electric;Van;trn_pass_road_LDV_4W;trn_pass_road_LDV;trn_pass_road;trn_pass;FV;0.0179795718741942;0.0231516180349914;0.0378452987737884;0.0567342517611643;0.0246441963900846
SSP2;CAZ;Hydrogen;Domestic Aviation_tmp_vehicletype;Domestic Aviation_tmp_subsectorL3;Domestic Aviation_tmp_subsectorL2;Domestic Aviation;trn_pass;FV;0;8.32e-07;2.3100000000002e-05;4.54000000000015e-05;0.118999999980574
SSP2;CAZ;Liquids;Bus_tmp_vehicletype;Bus_tmp_subsectorL3;Bus;trn_pass_road;trn_pass;FV;1;1;1;1;1
SSP2;CAZ;Liquids;Compact Car;trn_pass_road_LDV_4W;trn_pass_road_LDV;trn_pass_road;trn_pass;FV;1;1;1;1;0.507690758410982
SSP2;CAZ;Liquids;Domestic Aviation_tmp_vehicletype;Domestic Aviation_tmp_subsectorL3;Domestic Aviation_tmp_subsectorL2;Domestic Aviation;trn_pass;FV;1;1;1;1;1
SSP2;CAZ;Liquids;Domestic Ship_tmp_vehicletype;Domestic Ship_tmp_subsectorL3;Domestic Ship_tmp_subsectorL2;Domestic Ship;trn_freight;FV;1;1;1;1;1
SSP2;CAZ;Liquids;Freight Rail_tmp_vehicletype;Freight Rail_tmp_subsectorL3;Freight Rail_tmp_subsectorL2;Freight Rail;trn_freight;FV;1;1;1;1;1
SSP2;CAZ;Liquids;International Aviation_tmp_vehicletype;International Aviation_tmp_subsectorL3;International Aviation_tmp_subsectorL2;International Aviation;trn_aviation_intl;FV;1;1;1;1;1
SSP2;CAZ;Liquids;International Ship_tmp_vehicletype;International Ship_tmp_subsectorL3;International Ship_tmp_subsectorL2;International Ship;trn_shipping_intl;FV;1;1;1;1;1
SSP2;CAZ;Liquids;Large Car;trn_pass_road_LDV_4W;trn_pass_road_LDV;trn_pass_road;trn_pass;FV;1;1;1;1;0.512491894695238
SSP2;CAZ;Liquids;Large Car and SUV;trn_pass_road_LDV_4W;trn_pass_road_LDV;trn_pass_road;trn_pass;FV;1;1;1;1;0.387251511351715
SSP2;CAZ;Liquids;Midsize Car;trn_pass_road_LDV_4W;trn_pass_road_LDV;trn_pass_road;trn_pass;FV;1;1;1;1;0.436248888453423
SSP2;CAZ;Liquids;Mini Car;trn_pass_road_LDV_4W;trn_pass_road_LDV;trn_pass_road;trn_pass;FV;1;1;1;1;0.442373403661953
SSP2;CAZ;Liquids;Moped;trn_pass_road_LDV_2W;trn_pass_road_LDV;trn_pass_road;trn_pass;FV;1;1;1;0.699999999686702;0.099999999995348
SSP2;CAZ;Liquids;Motorcycle (50-250cc);trn_pass_road_LDV_2W;trn_pass_road_LDV;trn_pass_road;trn_pass;FV;1;1;1;0.699999998878738;0.100000000004905
SSP2;CAZ;Liquids;Motorcycle (>250cc);trn_pass_road_LDV_2W;trn_pass_road_LDV;trn_pass_road;trn_pass;FV;1;1;1;0.700000002301437;0.0999999999947774
SSP2;CAZ;Liquids;Passenger Rail_tmp_vehicletype;Passenger Rail_tmp_subsectorL3;Passenger Rail_tmp_subsectorL2;Passenger Rail;trn_pass;FV;0.274999999723302;0.275000000379256;0.27500000324727;0.275000000290257;0.275000000385009
SSP2;CAZ;Liquids;Subcompact Car;trn_pass_road_LDV_4W;trn_pass_road_LDV;trn_pass_road;trn_pass;FV;1;1;1;1;0.505147730858108
SSP2;CAZ;Liquids;Truck (0-3_5t);trn_freight_road_tmp_subsectorL3;trn_freight_road_tmp_subsectorL2;trn_freight_road;trn_freight;FV;1;1;1;1;1
SSP2;CAZ;Liquids;Truck (18t);trn_freight_road_tmp_subsectorL3;trn_freight_road_tmp_subsectorL2;trn_freight_road;trn_freight;FV;1;1;1;1;1
SSP2;CAZ;Liquids;Truck (26t);trn_freight_road_tmp_subsectorL3;trn_freight_road_tmp_subsectorL2;trn_freight_road;trn_freight;FV;1;1;1;1;1
SSP2;CAZ;Liquids;Truck (40t);trn_freight_road_tmp_subsectorL3;trn_freight_road_tmp_subsectorL2;trn_freight_road;trn_freight;FV;1;1;1;1;1
SSP2;CAZ;Liquids;Truck (7_5t);trn_freight_road_tmp_subsectorL3;trn_freight_road_tmp_subsectorL2;trn_freight_road;trn_freight;FV;1;1;1;1;1
SSP2;CAZ;Liquids;Van;trn_pass_road_LDV_4W;trn_pass_road_LDV;trn_pass_road;trn_pass;FV;1;1;1;1;0.185725541625509
SSP2;CAZ;Walk_tmp_technology;Walk_tmp_vehicletype;Walk_tmp_subsectorL3;Walk_tmp_subsectorL2;Walk;trn_pass;FV;1;1;1;1;1
SSP2;CHA;;;;;Cycle;trn_pass;S1S;0.09449999996579;0.0599999999957508;0.054999999994174;0.0499999999980538;0.0649999999976735
SSP2;CHA;;;;;Domestic Aviation;trn_pass;S1S;0.0499999999816126;0.0149999999989793;0.0124999999987087;0.00874999999969865;0.00399999999985889
SSP2;CHA;;;;;Domestic Ship;trn_freight;S1S;0.0299999999681725;0.0300000001154755;0.0300000000206451;0.0300000000160576;0.0300000000174506
SSP2;CHA;;;;;Freight Rail;trn_freight;S1S;0.0899999999735688;0.060000000287725;0.0499999998372625;0.0400000000108277;0.0200000000160703
SSP2;CHA;;;;;HSR;trn_pass;S1S;0.239999999903942;0.0499999999964767;0.0312499999966909;0.0124999999995188;0.00399999999984759
SSP2;CHA;;;;;International Aviation;trn_aviation_intl;S1S;1;1;1;1;1
SSP2;CHA;;;;;International Ship;trn_shipping_intl;S1S;1;1;1;1;1
SSP2;CHA;;;;;Passenger Rail;trn_pass;S1S;0.00621999999784592;0.00388749999973344;0.00288749999970537;0.00187499999992453;0.00149999999994857
SSP2;CHA;;;;;Walk;trn_pass;S1S;1;1;1;1;1
SSP2;CHA;;;;;trn_freight_road;trn_freight;S1S;1;1;1;1;1
SSP2;CHA;;;;;trn_pass_road;trn_pass;S1S;0.899999999663354;0.624999999958032;0.374999999960143;0.249999999989913;0.0999999999965569
SSP2;CHA;;;;Bus;trn_pass_road;trn_pass;S2S1;0.600909090909093;0.272727272727272;0.208695652173913;0.156521739130434;0.065
SSP2;CHA;;;;Cycle_tmp_subsectorL2;Cycle;trn_pass;S2S1;1;1;1;1;1
SSP2;CHA;;;;Domestic Aviation_tmp_subsectorL2;Domestic Aviation;trn_pass;S2S1;1;1;1;1;1
SSP2;CHA;;;;Domestic Ship_tmp_subsectorL2;Domestic Ship;trn_freight;S2S1;1;1;1;1;1
SSP2;CHA;;;;Freight Rail_tmp_subsectorL2;Freight Rail;trn_freight;S2S1;1;1;1;1;1
SSP2;CHA;;;;HSR_tmp_subsectorL2;HSR;trn_pass;S2S1;1;1;1;1;1
SSP2;CHA;;;;International Aviation_tmp_subsectorL2;International Aviation;trn_aviation_intl;S2S1;1;1;1;1;1
SSP2;CHA;;;;International Ship_tmp_subsectorL2;International Ship;trn_shipping_intl;S2S1;1;1;1;1;1
SSP2;CHA;;;;Passenger Rail_tmp_subsectorL2;Passenger Rail;trn_pass;S2S1;1;1;1;1;1
SSP2;CHA;;;;Walk_tmp_subsectorL2;Walk;trn_pass;S2S1;1;1;1;1;1
SSP2;CHA;;;;trn_freight_road_tmp_subsectorL2;trn_freight_road;trn_freight;S2S1;1;1;1;1;1
SSP2;CHA;;;;trn_pass_road_LDV;trn_pass_road;trn_pass;S2S1;1;1;1;1;1
SSP2;CHA;;;Bus_tmp_subsectorL3;Bus;trn_pass_road;trn_pass;S3S2;1;1;1;1;1
SSP2;CHA;;;Cycle_tmp_subsectorL3;Cycle_tmp_subsectorL2;Cycle;trn_pass;S3S2;1;1;1;1;1
SSP2;CHA;;;Domestic Aviation_tmp_subsectorL3;Domestic Aviation_tmp_subsectorL2;Domestic Aviation;trn_pass;S3S2;1;1;1;1;1
SSP2;CHA;;;Domestic Ship_tmp_subsectorL3;Domestic Ship_tmp_subsectorL2;Domestic Ship;trn_freight;S3S2;1;1;1;1;1
SSP2;CHA;;;Freight Rail_tmp_subsectorL3;Freight Rail_tmp_subsectorL2;Freight Rail;trn_freight;S3S2;1;1;1;1;1
SSP2;CHA;;;HSR_tmp_subsectorL3;HSR_tmp_subsectorL2;HSR;trn_pass;S3S2;1;1;1;1;1
SSP2;CHA;;;International Aviation_tmp_subsectorL3;International Aviation_tmp_subsectorL2;International Aviation;trn_aviation_intl;S3S2;1;1;1;1;1
SSP2;CHA;;;International Ship_tmp_subsectorL3;International Ship_tmp_subsectorL2;International Ship;trn_shipping_intl;S3S2;1;1;1;1;1
SSP2;CHA;;;Passenger Rail_tmp_subsectorL3;Passenger Rail_tmp_subsectorL2;Passenger Rail;trn_pass;S3S2;1;1;1;1;1
SSP2;CHA;;;Walk_tmp_subsectorL3;Walk_tmp_subsectorL2;Walk;trn_pass;S3S2;1;1;1;1;1
SSP2;CHA;;;trn_freight_road_tmp_subsectorL3;trn_freight_road_tmp_subsectorL2;trn_freight_road;trn_freight;S3S2;1;1;1;1;1
SSP2;CHA;;;trn_pass_road_LDV_2W;trn_pass_road_LDV;trn_pass_road;trn_pass;S3S2;0.0999999999844124;0.0342857142547316;0.0366666671671652;0.0333333332941454;0.0399999999936663
SSP2;CHA;;;trn_pass_road_LDV_4W;trn_pass_road_LDV;trn_pass_road;trn_pass;S3S2;1;1;1;1;1
SSP2;CHA;;Bus_tmp_vehicletype;Bus_tmp_subsectorL3;Bus;trn_pass_road;trn_pass;VS3;1;1;1;1;1
SSP2;CHA;;Compact Car;trn_pass_road_LDV_4W;trn_pass_road_LDV;trn_pass_road;trn_pass;VS3;0.80299999926013;0.723000001911996;0.689999996560679;0.657000000314147;0.55599999943253
SSP2;CHA;;Cycle_tmp_vehicletype;Cycle_tmp_subsectorL3;Cycle_tmp_subsectorL2;Cycle;trn_pass;VS3;1;1;1;1;1
SSP2;CHA;;Domestic Aviation_tmp_vehicletype;Domestic Aviation_tmp_subsectorL3;Domestic Aviation_tmp_subsectorL2;Domestic Aviation;trn_pass;VS3;1;1;1;1;1
SSP2;CHA;;Domestic Ship_tmp_vehicletype;Domestic Ship_tmp_subsectorL3;Domestic Ship_tmp_subsectorL2;Domestic Ship;trn_freight;VS3;1;1;1;1;1
SSP2;CHA;;Freight Rail_tmp_vehicletype;Freight Rail_tmp_subsectorL3;Freight Rail_tmp_subsectorL2;Freight Rail;trn_freight;VS3;1;1;1;1;1
SSP2;CHA;;HSR_tmp_vehicletype;HSR_tmp_subsectorL3;HSR_tmp_subsectorL2;HSR;trn_pass;VS3;1;1;1;1;1
SSP2;CHA;;International Aviation_tmp_vehicletype;International Aviation_tmp_subsectorL3;International Aviation_tmp_subsectorL2;International Aviation;trn_aviation_intl;VS3;1;1;1;1;1
SSP2;CHA;;International Ship_tmp_vehicletype;International Ship_tmp_subsectorL3;International Ship_tmp_subsectorL2;International Ship;trn_shipping_intl;VS3;1;1;1;1;1
SSP2;CHA;;Large Car and SUV;trn_pass_road_LDV_4W;trn_pass_road_LDV;trn_pass_road;trn_pass;VS3;1;1;1;1;1
SSP2;CHA;;Mini Car;trn_pass_road_LDV_4W;trn_pass_road_LDV;trn_pass_road;trn_pass;VS3;0.0177999999618624;0.0160000000380001;0.0152999999202022;0.0146000000020545;0.0122999999570397
SSP2;CHA;;Moped;trn_pass_road_LDV_2W;trn_pass_road_LDV;trn_pass_road;trn_pass;VS3;0.0404000000350527;0.040399999887365;0.0403999999561949;0.0403999999976616;0.0404000000478136
SSP2;CHA;;Motorcycle (50-250cc);trn_pass_road_LDV_2W;trn_pass_road_LDV;trn_pass_road;trn_pass;VS3;0.99999999947859;1;0.99999999980053;1;0.999999999959364
SSP2;CHA;;Motorcycle (>250cc);trn_pass_road_LDV_2W;trn_pass_road_LDV;trn_pass_road;trn_pass;VS3;1;0.999999999968769;1;0.999999999849821;1
SSP2;CHA;;Passenger Rail_tmp_vehicletype;Passenger Rail_tmp_subsectorL3;Passenger Rail_tmp_subsectorL2;Passenger Rail;trn_pass;VS3;1;1;1;1;1
SSP2;CHA;;Subcompact Car;trn_pass_road_LDV_4W;trn_pass_road_LDV;trn_pass_road;trn_pass;VS3;0.0865999999390474;0.0780000001163905;0.0743999996243733;0.0708999999879337;0.0599999996113771
SSP2;CHA;;Truck (0-3_5t);trn_freight_road_tmp_subsectorL3;trn_freight_road_tmp_subsectorL2;trn_freight_road;trn_freight;VS3;1;1;1;1;1
SSP2;CHA;;Truck (18t);trn_freight_road_tmp_subsectorL3;trn_freight_road_tmp_subsectorL2;trn_freight_road;trn_freight;VS3;0.70000000003361;0.599999999586984;0.55000000846378;0.500000000297164;0.500000000150924
SSP2;CHA;;Truck (26t);trn_freight_road_tmp_subsectorL3;trn_freight_road_tmp_subsectorL2;trn_freight_road;trn_freight;VS3;0.0999999999993601;0.149999999923471;0.175000002831431;0.200000000112396;0.25000000004963
SSP2;CHA;;Truck (40t);trn_freight_road_tmp_subsectorL3;trn_freight_road_tmp_subsectorL2;trn_freight_road;trn_freight;VS3;0.0999999999922173;0.0999999999596284;0.100000001607172;0.100000000050823;0.100000000033313
SSP2;CHA;;Truck (7_5t);trn_freight_road_tmp_subsectorL3;trn_freight_road_tmp_subsectorL2;trn_freight_road;trn_freight;VS3;0.199999999990096;0.199999999919836;0.200000003162382;0.200000000106158;0.200000000045122
SSP2;CHA;;Walk_tmp_vehicletype;Walk_tmp_subsectorL3;Walk_tmp_subsectorL2;Walk;trn_pass;VS3;1;1;1;1;1
SSP2;CHA;BEV;Bus_tmp_vehicletype;Bus_tmp_subsectorL3;Bus;trn_pass_road;trn_pass;FV;0.15000000009119;0.815000000281426;1;1;1
SSP2;CHA;BEV;Compact Car;trn_pass_road_LDV_4W;trn_pass_road_LDV;trn_pass_road;trn_pass;FV;0.0143443916085363;0.0390805635846525;0.169179998126598;1;1
SSP2;CHA;BEV;Large Car and SUV;trn_pass_road_LDV_4W;trn_pass_road_LDV;trn_pass_road;trn_pass;FV;0.0475617383103857;0.0946689367478124;0.27910275992576;1;1
SSP2;CHA;BEV;Mini Car;trn_pass_road_LDV_4W;trn_pass_road_LDV;trn_pass_road;trn_pass;FV;0.00264948158400501;0.0101365819367727;0.0771381835090314;1;1
SSP2;CHA;BEV;Moped;trn_pass_road_LDV_2W;trn_pass_road_LDV;trn_pass_road;trn_pass;FV;0.800000000973725;1;1;1;1
SSP2;CHA;BEV;Motorcycle (50-250cc);trn_pass_road_LDV_2W;trn_pass_road_LDV;trn_pass_road;trn_pass;FV;0.799999999907586;1;1;1;1
SSP2;CHA;BEV;Motorcycle (>250cc);trn_pass_road_LDV_2W;trn_pass_road_LDV;trn_pass_road;trn_pass;FV;0.799999999260962;1;1;1;1
SSP2;CHA;BEV;Subcompact Car;trn_pass_road_LDV_4W;trn_pass_road_LDV;trn_pass_road;trn_pass;FV;0.00606764592685478;0.0197543454126848;0.115557106387135;1;1
SSP2;CHA;BEV;Truck (0-3_5t);trn_freight_road_tmp_subsectorL3;trn_freight_road_tmp_subsectorL2;trn_freight_road;trn_freight;FV;0;0.700000000926626;0.850000000150339;1;1
SSP2;CHA;BEV;Truck (18t);trn_freight_road_tmp_subsectorL3;trn_freight_road_tmp_subsectorL2;trn_freight_road;trn_freight;FV;0;0.999999998043926;1;1;1
SSP2;CHA;BEV;Truck (26t);trn_freight_road_tmp_subsectorL3;trn_freight_road_tmp_subsectorL2;trn_freight_road;trn_freight;FV;0.402000000084545;1;1;1;1
SSP2;CHA;BEV;Truck (40t);trn_freight_road_tmp_subsectorL3;trn_freight_road_tmp_subsectorL2;trn_freight_road;trn_freight;FV;0.401999999304588;1;1;1;1
SSP2;CHA;BEV;Truck (7_5t);trn_freight_road_tmp_subsectorL3;trn_freight_road_tmp_subsectorL2;trn_freight_road;trn_freight;FV;0;0.999999999029343;1;1;1
SSP2;CHA;Cycle_tmp_technology;Cycle_tmp_vehicletype;Cycle_tmp_subsectorL3;Cycle_tmp_subsectorL2;Cycle;trn_pass;FV;1;1;1;1;1
SSP2;CHA;Electric;Freight Rail_tmp_vehicletype;Freight Rail_tmp_subsectorL3;Freight Rail_tmp_subsectorL2;Freight Rail;trn_freight;FV;0.45500000009783;0.523000000899887;0.591000000511974;0.658999998288519;0.932000001929315
SSP2;CHA;Electric;HSR_tmp_vehicletype;HSR_tmp_subsectorL3;HSR_tmp_subsectorL2;HSR;trn_pass;FV;1;1;1;1;1
SSP2;CHA;Electric;Passenger Rail_tmp_vehicletype;Passenger Rail_tmp_subsectorL3;Passenger Rail_tmp_subsectorL2;Passenger Rail;trn_pass;FV;0.415999999619864;0.48900000005347;0.561999999462369;0.634999998973594;0.926999993234325
SSP2;CHA;FCEV;Bus_tmp_vehicletype;Bus_tmp_subsectorL3;Bus;trn_pass_road;trn_pass;FV;0;0.0201999999900373;0.0441984732483605;0.0530555555462103;0.038888888883003
SSP2;CHA;FCEV;Compact Car;trn_pass_road_LDV_4W;trn_pass_road_LDV;trn_pass_road;trn_pass;FV;0.00140106688436463;0.00328552378106129;0.00872662072533178;0.00969507371288415;0.00432149263149772
SSP2;CHA;FCEV;Large Car and SUV;trn_pass_road_LDV_4W;trn_pass_road_LDV;trn_pass_road;trn_pass;FV;0.00541219424754048;0.00953859744710368;0.0183150900696446;0.0185488548198805;0.0109578034177875
SSP2;CHA;FCEV;Mini Car;trn_pass_road_LDV_4W;trn_pass_road_LDV;trn_pass_road;trn_pass;FV;0.000286468354613953;0.000920150786604235;0.00385612554564979;0.00368252734388166;0.000848155677201095
SSP2;CHA;FCEV;Subcompact Car;trn_pass_road_LDV_4W;trn_pass_road_LDV;trn_pass_road;trn_pass;FV;0.00055100025130512;0.00150279169326838;0.00499194185520514;0.00475725907543221;0.00150340920260145
SSP2;CHA;FCEV;Truck (0-3_5t);trn_freight_road_tmp_subsectorL3;trn_freight_road_tmp_subsectorL2;trn_freight_road;trn_freight;FV;0;0.00112000000136872;0.0091300000019712;0.0169306930669068;0.0601659750463845
SSP2;CHA;FCEV;Truck (18t);trn_freight_road_tmp_subsectorL3;trn_freight_road_tmp_subsectorL2;trn_freight_road;trn_freight;FV;0;0.000414999999737135;0.00247142857128826;0.00342105263212065;0.041161825876918
SSP2;CHA;FCEV;Truck (26t);trn_freight_road_tmp_subsectorL3;trn_freight_road_tmp_subsectorL2;trn_freight_road;trn_freight;FV;0.00992000000164569;0.123529411693085;0.156804733600761;0.179601990258792;0.0821576762756569
SSP2;CHA;FCEV;Truck (40t);trn_freight_road_tmp_subsectorL3;trn_freight_road_tmp_subsectorL2;trn_freight_road;trn_freight;FV;0.00991999999423063;0.123529411809864;0.156804733635433;0.179601991087796;0.0821576764634217
SSP2;CHA;FCEV;Truck (7_5t);trn_freight_road_tmp_subsectorL3;trn_freight_road_tmp_subsectorL2;trn_freight_road;trn_freight;FV;0;0.00111999999960349;0.00652142858072074;0.00899999999657522;0.0601659750704851
SSP2;CHA;Gases;Bus_tmp_vehicletype;Bus_tmp_subsectorL3;Bus;trn_pass_road;trn_pass;FV;0.141999999980625;0.13300000004478;0.0961832060657146;0.0655555554918443;0.0583333333091747
SSP2;CHA;Gases;Compact Car;trn_pass_road_LDV_4W;trn_pass_road_LDV;trn_pass_road;trn_pass;FV;0.000205592089647097;0.000716622848159606;0.00253147542333826;0.00433188034960417;0.00282746405449116
SSP2;CHA;Gases;Large Car and SUV;trn_pass_road_LDV_4W;trn_pass_road_LDV;trn_pass_road;trn_pass;FV;0.00126809608984082;0.00313125557985374;0.00786063635352209;0.0107992938970478;0.00893933376285881
SSP2;CHA;Gases;Mini Car;trn_pass_road_LDV_4W;trn_pass_road_LDV;trn_pass_road;trn_pass;FV;1.78568600673423e-05;9.3815062080325e-05;0.000522903191887342;0.000955157528191876;0.000357759375021692
SSP2;CHA;Gases;Subcompact Car;trn_pass_road_LDV_4W;trn_pass_road_LDV;trn_pass_road;trn_pass;FV;5.5070445876223e-05;0.000236431321333284;0.0010529326825925;0.00176979038291489;0.000878003516267895
SSP2;CHA;Gases;Truck (0-3_5t);trn_freight_road_tmp_subsectorL3;trn_freight_road_tmp_subsectorL2;trn_freight_road;trn_freight;FV;1.70999999999997e-05;0.0101000000048068;0.0241000000127168;0.0377227722711432;0.0347717841952722
SSP2;CHA;Gases;Truck (18t);trn_freight_road_tmp_subsectorL3;trn_freight_road_tmp_subsectorL2;trn_freight_road;trn_freight;FV;0.000714000000004855;0.0110999999884953;0.0179999999950884;0.0206842105101837;0.0351452282766118
SSP2;CHA;Gases;Truck (26t);trn_freight_road_tmp_subsectorL3;trn_freight_road_tmp_subsectorL2;trn_freight_road;trn_freight;FV;0.273000000045942;0.283088234996103;0.256804733814075;0.240298507739155;0.188796680181099
SSP2;CHA;Gases;Truck (40t);trn_freight_road_tmp_subsectorL3;trn_freight_road_tmp_subsectorL2;trn_freight_road;trn_freight;FV;0.273000000083897;0.283088235204412;0.256804733795935;0.240298507573614;0.188796680452078
SSP2;CHA;Gases;Truck (7_5t);trn_freight_road_tmp_subsectorL3;trn_freight_road_tmp_subsectorL2;trn_freight_road;trn_freight;FV;0.000300999999999983;0.0104999999963155;0.0175714285531214;0.0203157894571712;0.0348962655225958
SSP2;CHA;Hybrid electric;Compact Car;trn_pass_road_LDV_4W;trn_pass_road_LDV;trn_pass_road;trn_pass;FV;0.00157799772543542;0.00427324818389079;0.0122028735325144;0.0167242673096286;0.00586561994029994
SSP2;CHA;Hybrid electric;Large Car and SUV;trn_pass_road_LDV_4W;trn_pass_road_LDV;trn_pass_road;trn_pass;FV;0.00694525755320083;0.0138356331907366;0.0295934722935647;0.0335256163396719;0.0154488733882707
SSP2;CHA;Hybrid electric;Mini Car;trn_pass_road_LDV_4W;trn_pass_road_LDV;trn_pass_road;trn_pass;FV;0.00025107762777961;0.000948757614478394;0.00394231011903049;0.00552146963042698;0.000909494218060311
SSP2;CHA;Hybrid electric;Subcompact Car;trn_pass_road_LDV_4W;trn_pass_road_LDV;trn_pass_road;trn_pass;FV;0.000561047651934856;0.00179520160291216;0.00624187398705535;0.00813692717828966;0.00188369014482223
SSP2;CHA;Hydrogen;Domestic Aviation_tmp_vehicletype;Domestic Aviation_tmp_subsectorL3;Domestic Aviation_tmp_subsectorL2;Domestic Aviation;trn_pass;FV;0;8.31999999999999e-07;2.30999999999986e-05;4.54000000000006e-05;0.118999999993257
SSP2;CHA;Liquids;Bus_tmp_vehicletype;Bus_tmp_subsectorL3;Bus;trn_pass_road;trn_pass;FV;1;1;0.753435113856714;0.541111109705618;0.196111111023948
SSP2;CHA;Liquids;Compact Car;trn_pass_road_LDV_4W;trn_pass_road_LDV;trn_pass_road;trn_pass;FV;1;1;1;0.599364515356471;0.040277553896384
SSP2;CHA;Liquids;Domestic Aviation_tmp_vehicletype;Domestic Aviation_tmp_subsectorL3;Domestic Aviation_tmp_subsectorL2;Domestic Aviation;trn_pass;FV;1;1;1;1;1
SSP2;CHA;Liquids;Domestic Ship_tmp_vehicletype;Domestic Ship_tmp_subsectorL3;Domestic Ship_tmp_subsectorL2;Domestic Ship;trn_freight;FV;1;1;1;1;1
SSP2;CHA;Liquids;Freight Rail_tmp_vehicletype;Freight Rail_tmp_subsectorL3;Freight Rail_tmp_subsectorL2;Freight Rail;trn_freight;FV;1;1;1;1;1
SSP2;CHA;Liquids;International Aviation_tmp_vehicletype;International Aviation_tmp_subsectorL3;International Aviation_tmp_subsectorL2;International Aviation;trn_aviation_intl;FV;1;1;1;1;1
SSP2;CHA;Liquids;International Ship_tmp_vehicletype;International Ship_tmp_subsectorL3;International Ship_tmp_subsectorL2;International Ship;trn_shipping_intl;FV;1;1;1;1;1
SSP2;CHA;Liquids;Large Car and SUV;trn_pass_road_LDV_4W;trn_pass_road_LDV;trn_pass_road;trn_pass;FV;1;1;1;0.613449340922297;0.0706982202080722
SSP2;CHA;Liquids;Mini Car;trn_pass_road_LDV_4W;trn_pass_road_LDV;trn_pass_road;trn_pass;FV;1;1;1;0.50078484158951;0.0097077843221026
SSP2;CHA;Liquids;Moped;trn_pass_road_LDV_2W;trn_pass_road_LDV;trn_pass_road;trn_pass;FV;1;0.699999999235911;0.400000000030233;0.0999999999948098;0.0999999999823376
SSP2;CHA;Liquids;Motorcycle (50-250cc);trn_pass_road_LDV_2W;trn_pass_road_LDV;trn_pass_road;trn_pass;FV;1;0.699999997987068;0.400000000154137;0.0999999998806585;0.0999999999253836
SSP2;CHA;Liquids;Motorcycle (>250cc);trn_pass_road_LDV_2W;trn_pass_road_LDV;trn_pass_road;trn_pass;FV;1;0.69999999971233;0.400000000061829;0.10000000000099;0.0999999999658913
SSP2;CHA;Liquids;Passenger Rail_tmp_vehicletype;Passenger Rail_tmp_subsectorL3;Passenger Rail_tmp_subsectorL2;Passenger Rail;trn_pass;FV;1;1;1;1;1
SSP2;CHA;Liquids;Subcompact Car;trn_pass_road_LDV_4W;trn_pass_road_LDV;trn_pass_road;trn_pass;FV;1;1;1;0.515131907726024;0.0172451963713792
SSP2;CHA;Liquids;Truck (0-3_5t);trn_freight_road_tmp_subsectorL3;trn_freight_road_tmp_subsectorL2;trn_freight_road;trn_freight;FV;1;1;1;0.990099009334551;0.414937759142363
SSP2;CHA;Liquids;Truck (18t);trn_freight_road_tmp_subsectorL3;trn_freight_road_tmp_subsectorL2;trn_freight_road;trn_freight;FV;1;1;0.714285714191502;0.526315789064874;0.414937761176354
SSP2;CHA;Liquids;Truck (26t);trn_freight_road_tmp_subsectorL3;trn_freight_road_tmp_subsectorL2;trn_freight_road;trn_freight;FV;1;0.735294115628039;0.59171597685169;0.497512438867421;0.414937758677302
SSP2;CHA;Liquids;Truck (40t);trn_freight_road_tmp_subsectorL3;trn_freight_road_tmp_subsectorL2;trn_freight_road;trn_freight;FV;1;0.735294116006449;0.591715977468184;0.497512439243874;0.414937760008483
SSP2;CHA;Liquids;Truck (7_5t);trn_freight_road_tmp_subsectorL3;trn_freight_road_tmp_subsectorL2;trn_freight_road;trn_freight;FV;1;1;0.714285714993933;0.526315789740082;0.414937759138196
SSP2;CHA;Walk_tmp_technology;Walk_tmp_vehicletype;Walk_tmp_subsectorL3;Walk_tmp_subsectorL2;Walk;trn_pass;FV;1;1;1;1;1
SSP2;DEU;;;;;Cycle;trn_pass;S1S;0.0419999999991045;0.0583333333310977;0.0576923077076215;0.0571428571429703;0.0944444443223409
SSP2;DEU;;;;;Domestic Aviation;trn_pass;S1S;6.5999999998629e-05;4.99999999978884e-05;4.23076923194464e-05;3.57142857143693e-05;2.77777777429925e-05
SSP2;DEU;;;;;Domestic Ship;trn_freight;S1S;0.00425531912331936;0.00425531914982213;0.00315463917412365;0.00212999999994127;0.00213000000101533
SSP2;DEU;;;;;Freight Rail;trn_freight;S1S;0.0340425530626704;0.034042553212969;0.0294845360621979;0.025199999978653;0.0420000000108192
SSP2;DEU;;;;;HSR;trn_pass;S1S;0.000179999999996323;0.000166666666660195;0.000192307692364664;0.000214285714285786;0.000227777777487244
SSP2;DEU;;;;;International Aviation;trn_aviation_intl;S1S;1;1;1;1;1
SSP2;DEU;;;;;International Ship;trn_shipping_intl;S1S;1;1;1;1;1
SSP2;DEU;;;;;Passenger Rail;trn_pass;S1S;0.00319999999992937;0.00333333333320264;0.00307692307785681;0.00285714285715814;0.00333333332920329
SSP2;DEU;;;;;Walk;trn_pass;S1S;1;1;1;1;1
SSP2;DEU;;;;;trn_freight_road;trn_freight;S1S;1;1;1;1;1
SSP2;DEU;;;;;trn_pass_road;trn_pass;S1S;0.0724999999983904;0.060416666664204;0.0529230769393095;0.0464285714287641;0.0361111110657114
SSP2;DEU;;;;Bus;trn_pass_road;trn_pass;S2S1;0.04;0.0500000000000001;0.0476190476190476;0.0454545454545454;0.0499999999999999
SSP2;DEU;;;;Cycle_tmp_subsectorL2;Cycle;trn_pass;S2S1;1;1;1;1;1
SSP2;DEU;;;;Domestic Aviation_tmp_subsectorL2;Domestic Aviation;trn_pass;S2S1;1;1;1;1;1
SSP2;DEU;;;;Domestic Ship_tmp_subsectorL2;Domestic Ship;trn_freight;S2S1;1;1;1;1;1
SSP2;DEU;;;;Freight Rail_tmp_subsectorL2;Freight Rail;trn_freight;S2S1;1;1;1;1;1
SSP2;DEU;;;;HSR_tmp_subsectorL2;HSR;trn_pass;S2S1;1;1;1;1;1
SSP2;DEU;;;;International Aviation_tmp_subsectorL2;International Aviation;trn_aviation_intl;S2S1;1;1;1;1;1
SSP2;DEU;;;;International Ship_tmp_subsectorL2;International Ship;trn_shipping_intl;S2S1;1;1;1;1;1
SSP2;DEU;;;;Passenger Rail_tmp_subsectorL2;Passenger Rail;trn_pass;S2S1;1;1;1;1;1
SSP2;DEU;;;;Walk_tmp_subsectorL2;Walk;trn_pass;S2S1;1;1;1;1;1
SSP2;DEU;;;;trn_freight_road_tmp_subsectorL2;trn_freight_road;trn_freight;S2S1;1;1;1;1;1
SSP2;DEU;;;;trn_pass_road_LDV;trn_pass_road;trn_pass;S2S1;1;1;1;1;1
SSP2;DEU;;;Bus_tmp_subsectorL3;Bus;trn_pass_road;trn_pass;S3S2;1;1;1;1;1
SSP2;DEU;;;Cycle_tmp_subsectorL3;Cycle_tmp_subsectorL2;Cycle;trn_pass;S3S2;1;1;1;1;1
SSP2;DEU;;;Domestic Aviation_tmp_subsectorL3;Domestic Aviation_tmp_subsectorL2;Domestic Aviation;trn_pass;S3S2;1;1;1;1;1
SSP2;DEU;;;Domestic Ship_tmp_subsectorL3;Domestic Ship_tmp_subsectorL2;Domestic Ship;trn_freight;S3S2;1;1;1;1;1
SSP2;DEU;;;Freight Rail_tmp_subsectorL3;Freight Rail_tmp_subsectorL2;Freight Rail;trn_freight;S3S2;1;1;1;1;1
SSP2;DEU;;;HSR_tmp_subsectorL3;HSR_tmp_subsectorL2;HSR;trn_pass;S3S2;1;1;1;1;1
SSP2;DEU;;;International Aviation_tmp_subsectorL3;International Aviation_tmp_subsectorL2;International Aviation;trn_aviation_intl;S3S2;1;1;1;1;1
SSP2;DEU;;;International Ship_tmp_subsectorL3;International Ship_tmp_subsectorL2;International Ship;trn_shipping_intl;S3S2;1;1;1;1;1
SSP2;DEU;;;Passenger Rail_tmp_subsectorL3;Passenger Rail_tmp_subsectorL2;Passenger Rail;trn_pass;S3S2;1;1;1;1;1
SSP2;DEU;;;Walk_tmp_subsectorL3;Walk_tmp_subsectorL2;Walk;trn_pass;S3S2;1;1;1;1;1
SSP2;DEU;;;trn_freight_road_tmp_subsectorL3;trn_freight_road_tmp_subsectorL2;trn_freight_road;trn_freight;S3S2;1;1;1;1;1
SSP2;DEU;;;trn_pass_road_LDV_2W;trn_pass_road_LDV;trn_pass_road;trn_pass;S3S2;0.059999999985888;0.0600000000827987;0.0600000000186455;0.0600000000056126;0.0600000000024089
SSP2;DEU;;;trn_pass_road_LDV_4W;trn_pass_road_LDV;trn_pass_road;trn_pass;S3S2;1;1;1;1;1
SSP2;DEU;;Bus_tmp_vehicletype;Bus_tmp_subsectorL3;Bus;trn_pass_road;trn_pass;VS3;1;1;1;1;1
SSP2;DEU;;Compact Car;trn_pass_road_LDV_4W;trn_pass_road_LDV;trn_pass_road;trn_pass;VS3;0.5250000013269;0.525000000566869;0.499000000483553;0.472000003194932;0.472000001492649
SSP2;DEU;;Cycle_tmp_vehicletype;Cycle_tmp_subsectorL3;Cycle_tmp_subsectorL2;Cycle;trn_pass;VS3;1;1;1;1;1
SSP2;DEU;;Domestic Aviation_tmp_vehicletype;Domestic Aviation_tmp_subsectorL3;Domestic Aviation_tmp_subsectorL2;Domestic Aviation;trn_pass;VS3;1;1;1;1;1
SSP2;DEU;;Domestic Ship_tmp_vehicletype;Domestic Ship_tmp_subsectorL3;Domestic Ship_tmp_subsectorL2;Domestic Ship;trn_freight;VS3;1;1;1;1;1
SSP2;DEU;;Freight Rail_tmp_vehicletype;Freight Rail_tmp_subsectorL3;Freight Rail_tmp_subsectorL2;Freight Rail;trn_freight;VS3;1;1;1;1;1
SSP2;DEU;;HSR_tmp_vehicletype;HSR_tmp_subsectorL3;HSR_tmp_subsectorL2;HSR;trn_pass;VS3;1;1;1;1;1
SSP2;DEU;;International Aviation_tmp_vehicletype;International Aviation_tmp_subsectorL3;International Aviation_tmp_subsectorL2;International Aviation;trn_aviation_intl;VS3;1;1;1;1;1
SSP2;DEU;;International Ship_tmp_vehicletype;International Ship_tmp_subsectorL3;International Ship_tmp_subsectorL2;International Ship;trn_shipping_intl;VS3;1;1;1;1;1
SSP2;DEU;;Large Car and SUV;trn_pass_road_LDV_4W;trn_pass_road_LDV;trn_pass_road;trn_pass;VS3;1;1;1;1;1
SSP2;DEU;;Midsize Car;trn_pass_road_LDV_4W;trn_pass_road_LDV;trn_pass_road;trn_pass;VS3;0.271999998870496;0.271999999090139;0.27199999936623;0.272000001205518;0.272000000790217
SSP2;DEU;;Moped;trn_pass_road_LDV_2W;trn_pass_road_LDV;trn_pass_road;trn_pass;VS3;0.217999999461732;0.218000000831934;0.218000000468125;0.21799999989009;0.217999999126573
SSP2;DEU;;Motorcycle (50-250cc);trn_pass_road_LDV_2W;trn_pass_road_LDV;trn_pass_road;trn_pass;VS3;0.0066300000033579;0.00663000004831686;0.00662999999191565;0.00662999996579461;0.00662999999670369
SSP2;DEU;;Motorcycle (>250cc);trn_pass_road_LDV_2W;trn_pass_road_LDV;trn_pass_road;trn_pass;VS3;1;1;1;1;1
SSP2;DEU;;Passenger Rail_tmp_vehicletype;Passenger Rail_tmp_subsectorL3;Passenger Rail_tmp_subsectorL2;Passenger Rail;trn_pass;VS3;1;1;1;1;1
SSP2;DEU;;Subcompact Car;trn_pass_road_LDV_4W;trn_pass_road_LDV;trn_pass_road;trn_pass;VS3;0.534000001237009;0.533999998553563;0.506999999819904;0.480000003774272;0.480000008879596
SSP2;DEU;;Truck (0-3_5t);trn_freight_road_tmp_subsectorL3;trn_freight_road_tmp_subsectorL2;trn_freight_road;trn_freight;VS3;1;1;1;1;1
SSP2;DEU;;Truck (18t);trn_freight_road_tmp_subsectorL3;trn_freight_road_tmp_subsectorL2;trn_freight_road;trn_freight;VS3;0.186999999772403;0.186999999530623;0.187000000105002;0.186999999130153;0.187000000452159
SSP2;DEU;;Truck (26t);trn_freight_road_tmp_subsectorL3;trn_freight_road_tmp_subsectorL2;trn_freight_road;trn_freight;VS3;0.256999999707195;0.256999999368973;0.257000000138855;0.256999998815644;0.257000000629985
SSP2;DEU;;Truck (40t);trn_freight_road_tmp_subsectorL3;trn_freight_road_tmp_subsectorL2;trn_freight_road;trn_freight;VS3;0.85699999896932;0.856999997913839;0.857000000427643;0.856999995951737;0.857000002141828
SSP2;DEU;;Truck (7_5t);trn_freight_road_tmp_subsectorL3;trn_freight_road_tmp_subsectorL2;trn_freight_road;trn_freight;VS3;0.495999999430183;0.495999998786985;0.496000000281971;0.495999997725093;0.496000001226251
SSP2;DEU;;Walk_tmp_vehicletype;Walk_tmp_subsectorL3;Walk_tmp_subsectorL2;Walk;trn_pass;VS3;1;1;1;1;1
SSP2;DEU;BEV;Bus_tmp_vehicletype;Bus_tmp_subsectorL3;Bus;trn_pass_road;trn_pass;FV;0;0.128999999977636;0.248000024181237;0.367000000733756;0.779999998440983
SSP2;DEU;BEV;Compact Car;trn_pass_road_LDV_4W;trn_pass_road_LDV;trn_pass_road;trn_pass;FV;0.0133118466575415;0.0210046599554091;0.0335554149103669;0.0687066046958735;1
SSP2;DEU;BEV;Large Car and SUV;trn_pass_road_LDV_4W;trn_pass_road_LDV;trn_pass_road;trn_pass;FV;0.0632438850741647;0.0814123530853141;0.110436954367676;0.18953263327654;1
SSP2;DEU;BEV;Midsize Car;trn_pass_road_LDV_4W;trn_pass_road_LDV;trn_pass_road;trn_pass;FV;0.01379727226413;0.0215517716048522;0.0339952516917648;0.0690904677514943;1
SSP2;DEU;BEV;Moped;trn_pass_road_LDV_2W;trn_pass_road_LDV;trn_pass_road;trn_pass;FV;0;0.249999999719728;0.735294117099214;1;1
SSP2;DEU;BEV;Motorcycle (50-250cc);trn_pass_road_LDV_2W;trn_pass_road_LDV;trn_pass_road;trn_pass;FV;0;0.249999999981868;0.735294117991038;1;1
SSP2;DEU;BEV;Motorcycle (>250cc);trn_pass_road_LDV_2W;trn_pass_road_LDV;trn_pass_road;trn_pass;FV;0;0.24999999964752;0.73529411702528;1;1
SSP2;DEU;BEV;Subcompact Car;trn_pass_road_LDV_4W;trn_pass_road_LDV;trn_pass_road;trn_pass;FV;0.00620369640937297;0.0110784776819624;0.0191209632813158;0.0410933641192259;1
SSP2;DEU;BEV;Truck (0-3_5t);trn_freight_road_tmp_subsectorL3;trn_freight_road_tmp_subsectorL2;trn_freight_road;trn_freight;FV;0;0.35200000001823;0.514999998676151;0.677999998694248;0.871000002097245
SSP2;DEU;BEV;Truck (18t);trn_freight_road_tmp_subsectorL3;trn_freight_road_tmp_subsectorL2;trn_freight_road;trn_freight;FV;0;0.140000000007153;0.252999999983301;0.36500000009022;0.844999999557124
SSP2;DEU;BEV;Truck (26t);trn_freight_road_tmp_subsectorL3;trn_freight_road_tmp_subsectorL2;trn_freight_road;trn_freight;FV;0;0.14000000000635;0.252999999798142;0.365000000313243;0.844999999965865
SSP2;DEU;BEV;Truck (40t);trn_freight_road_tmp_subsectorL3;trn_freight_road_tmp_subsectorL2;trn_freight_road;trn_freight;FV;0;0.139999999951209;0.252999999826391;0.364999999560955;0.845000000012733
SSP2;DEU;BEV;Truck (7_5t);trn_freight_road_tmp_subsectorL3;trn_freight_road_tmp_subsectorL2;trn_freight_road;trn_freight;FV;0;0.352000000273295;0.515000002910108;0.678000000167062;0.870999997455283
SSP2;DEU;Cycle_tmp_technology;Cycle_tmp_vehicletype;Cycle_tmp_subsectorL3;Cycle_tmp_subsectorL2;Cycle;trn_pass;FV;1;1;1;1;1
SSP2;DEU;Electric;Freight Rail_tmp_vehicletype;Freight Rail_tmp_subsectorL3;Freight Rail_tmp_subsectorL2;Freight Rail;trn_freight;FV;1;1;1;1;1
SSP2;DEU;Electric;HSR_tmp_vehicletype;HSR_tmp_subsectorL3;HSR_tmp_subsectorL2;HSR;trn_pass;FV;1;1;1;1;1
SSP2;DEU;Electric;Passenger Rail_tmp_vehicletype;Passenger Rail_tmp_subsectorL3;Passenger Rail_tmp_subsectorL2;Passenger Rail;trn_pass;FV;1;1;1;1;1
SSP2;DEU;FCEV;Bus_tmp_vehicletype;Bus_tmp_subsectorL3;Bus;trn_pass_road;trn_pass;FV;0;0.00224999999882025;0.00929999972398953;0.016400000030993;0.0454999999327194
SSP2;DEU;FCEV;Compact Car;trn_pass_road_LDV_4W;trn_pass_road_LDV;trn_pass_road;trn_pass;FV;0.00307047565709792;0.00342751656653888;0.0039473558549703;0.00522234561432584;0.00649088108506121
SSP2;DEU;FCEV;Large Car and SUV;trn_pass_road_LDV_4W;trn_pass_road_LDV;trn_pass_road;trn_pass;FV;0.0165744721007323;0.0163858456285844;0.01687204664132;0.0207086514473563;0.0187628306323908
SSP2;DEU;FCEV;Midsize Car;trn_pass_road_LDV_4W;trn_pass_road_LDV;trn_pass_road;trn_pass;FV;0.00317849649627947;0.00354564152620828;0.00407492361578115;0.0053325648503279;0.00669424237583564
SSP2;DEU;FCEV;Subcompact Car;trn_pass_road_LDV_4W;trn_pass_road_LDV;trn_pass_road;trn_pass;FV;0.00123261202338973;0.00153755888734904;0.00192832692564558;0.00261631568530635;0.00431573378575311
SSP2;DEU;FCEV;Truck (0-3_5t);trn_freight_road_tmp_subsectorL3;trn_freight_road_tmp_subsectorL2;trn_freight_road;trn_freight;FV;0;0.094999999981567;0.243999999788012;0.392999999319284;0.184000000296729
SSP2;DEU;FCEV;Truck (18t);trn_freight_road_tmp_subsectorL3;trn_freight_road_tmp_subsectorL2;trn_freight_road;trn_freight;FV;0;0.0351000000048682;0.091999999998971;0.148999999971436;0.126000000076207
SSP2;DEU;FCEV;Truck (26t);trn_freight_road_tmp_subsectorL3;trn_freight_road_tmp_subsectorL2;trn_freight_road;trn_freight;FV;0;0.0350999999995123;0.0920000000866156;0.148999999874245;0.125999999369817
SSP2;DEU;FCEV;Truck (40t);trn_freight_road_tmp_subsectorL3;trn_freight_road_tmp_subsectorL2;trn_freight_road;trn_freight;FV;0;0.0350999999928151;0.0919999999767761;0.14899999992462;0.125999999962871
SSP2;DEU;FCEV;Truck (7_5t);trn_freight_road_tmp_subsectorL3;trn_freight_road_tmp_subsectorL2;trn_freight_road;trn_freight;FV;0;0.0950000000154807;0.244000000676942;0.393000000472692;0.183999999989964
SSP2;DEU;Gases;Bus_tmp_vehicletype;Bus_tmp_subsectorL3;Bus;trn_pass_road;trn_pass;FV;0.0395000000028055;0.0497999999820804;0.0693000041932213;0.0887000002492982;0.132999999950326
SSP2;DEU;Gases;Compact Car;trn_pass_road_LDV_4W;trn_pass_road_LDV;trn_pass_road;trn_pass;FV;0.000430240545930888;0.000544905470113915;0.000779480894636892;0.00121083020796716;0.00219202610846364
SSP2;DEU;Gases;Large Car and SUV;trn_pass_road_LDV_4W;trn_pass_road_LDV;trn_pass_road;trn_pass;FV;0.00298093804363603;0.00351499977297741;0.00446750441645677;0.00626818826601779;0.00766286152253839
SSP2;DEU;Gases;Midsize Car;trn_pass_road_LDV_4W;trn_pass_road_LDV;trn_pass_road;trn_pass;FV;0.000430699534301467;0.00054355089667762;0.000772217543033617;0.00119197295584277;0.00216712275608166
SSP2;DEU;Gases;Subcompact Car;trn_pass_road_LDV_4W;trn_pass_road_LDV;trn_pass_road;trn_pass;FV;0.000196743517174882;0.00025785185882257;0.000385828215176998;0.000609921137419483;0.00143187112114527
SSP2;DEU;Gases;Truck (0-3_5t);trn_freight_road_tmp_subsectorL3;trn_freight_road_tmp_subsectorL2;trn_freight_road;trn_freight;FV;0.0261000000034712;0.0414000000066304;0.0721999998095289;0.102999999870504;0.171000000166181
SSP2;DEU;Gases;Truck (18t);trn_freight_road_tmp_subsectorL3;trn_freight_road_tmp_subsectorL2;trn_freight_road;trn_freight;FV;0;0.0210000000250332;0.0499999999981035;0.078999999996701;0.153000000057647
SSP2;DEU;Gases;Truck (26t);trn_freight_road_tmp_subsectorL3;trn_freight_road_tmp_subsectorL2;trn_freight_road;trn_freight;FV;0;0.02099999999976;0.0500000000093654;0.0790000000092989;0.152999999462764
SSP2;DEU;Gases;Truck (40t);trn_freight_road_tmp_subsectorL3;trn_freight_road_tmp_subsectorL2;trn_freight_road;trn_freight;FV;0;0.0210000000590653;0.0500000000091131;0.0789999999665285;0.152999999917471
SSP2;DEU;Gases;Truck (7_5t);trn_freight_road_tmp_subsectorL3;trn_freight_road_tmp_subsectorL2;trn_freight_road;trn_freight;FV;0;0.0210000000020236;0.0500000000123302;0.0790000000084065;0.153000000330278
SSP2;DEU;Hybrid electric;Compact Car;trn_pass_road_LDV_4W;trn_pass_road_LDV;trn_pass_road;trn_pass;FV;0.0628235374554348;0.0780501589867477;0.113427235892413;0.162398136256418;0.206187016015231
SSP2;DEU;Hybrid electric;Large Car and SUV;trn_pass_road_LDV_4W;trn_pass_road_LDV;trn_pass_road;trn_pass;FV;0.174718497115943;0.20408773746229;0.268727423895819;0.351446824105735;0.334243260582364
SSP2;DEU;Hybrid electric;Midsize Car;trn_pass_road_LDV_4W;trn_pass_road_LDV;trn_pass_road;trn_pass;FV;0.0679568885224346;0.0841781003982999;0.121270639846275;0.17318653589637;0.22432656879976
SSP2;DEU;Hybrid electric;Subcompact Car;trn_pass_road_LDV_4W;trn_pass_road_LDV;trn_pass_road;trn_pass;FV;0.0365148230995295;0.0459208467627538;0.0680287044374659;0.0987228475787088;0.156102492545355
SSP2;DEU;Hydrogen;Domestic Aviation_tmp_vehicletype;Domestic Aviation_tmp_subsectorL3;Domestic Aviation_tmp_subsectorL2;Domestic Aviation;trn_pass;FV;0;8.32e-07;2.30999999999991e-05;4.53999999999955e-05;0.119000000036052
SSP2;DEU;Liquids;Bus_tmp_vehicletype;Bus_tmp_subsectorL3;Bus;trn_pass_road;trn_pass;FV;1;1;1;1;1
SSP2;DEU;Liquids;Compact Car;trn_pass_road_LDV_4W;trn_pass_road_LDV;trn_pass_road;trn_pass;FV;1;1;1;1;0.640333614371017
SSP2;DEU;Liquids;Domestic Aviation_tmp_vehicletype;Domestic Aviation_tmp_subsectorL3;Domestic Aviation_tmp_subsectorL2;Domestic Aviation;trn_pass;FV;1;1;1;1;1
SSP2;DEU;Liquids;Domestic Ship_tmp_vehicletype;Domestic Ship_tmp_subsectorL3;Domestic Ship_tmp_subsectorL2;Domestic Ship;trn_freight;FV;1;1;1;1;1
SSP2;DEU;Liquids;Freight Rail_tmp_vehicletype;Freight Rail_tmp_subsectorL3;Freight Rail_tmp_subsectorL2;Freight Rail;trn_freight;FV;0.252000000044288;0.251999998844585;0.252000000375668;0.252000000266322;0.251999999702037
SSP2;DEU;Liquids;International Aviation_tmp_vehicletype;International Aviation_tmp_subsectorL3;International Aviation_tmp_subsectorL2;International Aviation;trn_aviation_intl;FV;1;1;1;1;1
SSP2;DEU;Liquids;International Ship_tmp_vehicletype;International Ship_tmp_subsectorL3;International Ship_tmp_subsectorL2;International Ship;trn_shipping_intl;FV;1;1;1;1;1
SSP2;DEU;Liquids;Large Car and SUV;trn_pass_road_LDV_4W;trn_pass_road_LDV;trn_pass_road;trn_pass;FV;1;1;1;1;0.551533802105123
SSP2;DEU;Liquids;Midsize Car;trn_pass_road_LDV_4W;trn_pass_road_LDV;trn_pass_road;trn_pass;FV;1;1;1;1;0.653003418595972
SSP2;DEU;Liquids;Moped;trn_pass_road_LDV_2W;trn_pass_road_LDV;trn_pass_road;trn_pass;FV;1;1;1;0.700000009818792;0.0999999999981867
SSP2;DEU;Liquids;Motorcycle (50-250cc);trn_pass_road_LDV_2W;trn_pass_road_LDV;trn_pass_road;trn_pass;FV;1;1;1;0.700000000742179;0.0999999999664691
SSP2;DEU;Liquids;Motorcycle (>250cc);trn_pass_road_LDV_2W;trn_pass_road_LDV;trn_pass_road;trn_pass;FV;1;1;1;0.699999998453971;0.0999999999964118
SSP2;DEU;Liquids;Passenger Rail_tmp_vehicletype;Passenger Rail_tmp_subsectorL3;Passenger Rail_tmp_subsectorL2;Passenger Rail;trn_pass;FV;0.0539000000006303;0.0539000000093442;0.0538999999977433;0.0539000000128924;0.0538999999925508
SSP2;DEU;Liquids;Subcompact Car;trn_pass_road_LDV_4W;trn_pass_road_LDV;trn_pass_road;trn_pass;FV;1;1;1;1;0.792418049129887
SSP2;DEU;Liquids;Truck (0-3_5t);trn_freight_road_tmp_subsectorL3;trn_freight_road_tmp_subsectorL2;trn_freight_road;trn_freight;FV;1;1;1;1;1
SSP2;DEU;Liquids;Truck (18t);trn_freight_road_tmp_subsectorL3;trn_freight_road_tmp_subsectorL2;trn_freight_road;trn_freight;FV;1;1;1;1;1
SSP2;DEU;Liquids;Truck (26t);trn_freight_road_tmp_subsectorL3;trn_freight_road_tmp_subsectorL2;trn_freight_road;trn_freight;FV;1;1;1;1;1
SSP2;DEU;Liquids;Truck (40t);trn_freight_road_tmp_subsectorL3;trn_freight_road_tmp_subsectorL2;trn_freight_road;trn_freight;FV;1;1;1;1;1
SSP2;DEU;Liquids;Truck (7_5t);trn_freight_road_tmp_subsectorL3;trn_freight_road_tmp_subsectorL2;trn_freight_road;trn_freight;FV;1;1;1;1;1
SSP2;DEU;Walk_tmp_technology;Walk_tmp_vehicletype;Walk_tmp_subsectorL3;Walk_tmp_subsectorL2;Walk;trn_pass;FV;1;1;1;1;1
SSP2;ECE;;;;;Cycle;trn_pass;S1S;0.0193999999991294;0.040000000004682;0.0699999999957082;0.100000000012691;0.199999999996251
SSP2;ECE;;;;;Domestic Aviation;trn_pass;S1S;6.97999999971867e-05;0.000500000000051224;0.000349999999976614;0.00020000000002897;0.000199999999996006
SSP2;ECE;;;;;Domestic Ship;trn_freight;S1S;0.000396999998757739;0.000396999988928444;0.000397000000107935;0.000397000000036803;0.000396999999719799
SSP2;ECE;;;;;Freight Rail;trn_freight;S1S;0.0601999998774464;0.060200000455698;0.0545000000387315;0.0488000000113434;0.0812999999537575
SSP2;ECE;;;;;HSR;trn_pass;S1S;0.000113999999994742;0.000171000000019801;0.000221999999985575;0.000273000000041024;0.00031999999999431
SSP2;ECE;;;;;International Aviation;trn_aviation_intl;S1S;1;1;1;1;1
SSP2;ECE;;;;;International Ship;trn_shipping_intl;S1S;1;1;1;1;1
SSP2;ECE;;;;;Passenger Rail;trn_pass;S1S;0.00679999999963874;0.00680000000075626;0.00739999999952032;0.0080000000011756;0.00849999999983202
SSP2;ECE;;;;;Walk;trn_pass;S1S;1;1;1;1;1
SSP2;ECE;;;;;trn_freight_road;trn_freight;S1S;1;1;1;1;1
SSP2;ECE;;;;;trn_pass_road;trn_pass;S1S;0.616999999970589;0.617000000069388;0.557999999964113;0.500000000071651;0.399999999992189
SSP2;ECE;;;;Bus;trn_pass_road;trn_pass;S2S1;0.270999999999999;0.2;0.174999999999999;0.15;0.0699999999999998
SSP2;ECE;;;;Cycle_tmp_subsectorL2;Cycle;trn_pass;S2S1;1;1;1;1;1
SSP2;ECE;;;;Domestic Aviation_tmp_subsectorL2;Domestic Aviation;trn_pass;S2S1;1;1;1;1;1
SSP2;ECE;;;;Domestic Ship_tmp_subsectorL2;Domestic Ship;trn_freight;S2S1;1;1;1;1;1
SSP2;ECE;;;;Freight Rail_tmp_subsectorL2;Freight Rail;trn_freight;S2S1;1;1;1;1;1
SSP2;ECE;;;;HSR_tmp_subsectorL2;HSR;trn_pass;S2S1;1;1;1;1;1
SSP2;ECE;;;;International Aviation_tmp_subsectorL2;International Aviation;trn_aviation_intl;S2S1;1;1;1;1;1
SSP2;ECE;;;;International Ship_tmp_subsectorL2;International Ship;trn_shipping_intl;S2S1;1;1;1;1;1
SSP2;ECE;;;;Passenger Rail_tmp_subsectorL2;Passenger Rail;trn_pass;S2S1;1;1;1;1;1
SSP2;ECE;;;;Walk_tmp_subsectorL2;Walk;trn_pass;S2S1;1;1;1;1;1
SSP2;ECE;;;;trn_freight_road_tmp_subsectorL2;trn_freight_road;trn_freight;S2S1;1;1;1;1;1
SSP2;ECE;;;;trn_pass_road_LDV;trn_pass_road;trn_pass;S2S1;1;1;1;1;1
SSP2;ECE;;;Bus_tmp_subsectorL3;Bus;trn_pass_road;trn_pass;S3S2;1;1;1;1;1
SSP2;ECE;;;Cycle_tmp_subsectorL3;Cycle_tmp_subsectorL2;Cycle;trn_pass;S3S2;1;1;1;1;1
SSP2;ECE;;;Domestic Aviation_tmp_subsectorL3;Domestic Aviation_tmp_subsectorL2;Domestic Aviation;trn_pass;S3S2;1;1;1;1;1
SSP2;ECE;;;Domestic Ship_tmp_subsectorL3;Domestic Ship_tmp_subsectorL2;Domestic Ship;trn_freight;S3S2;1;1;1;1;1
SSP2;ECE;;;Freight Rail_tmp_subsectorL3;Freight Rail_tmp_subsectorL2;Freight Rail;trn_freight;S3S2;1;1;1;1;1
SSP2;ECE;;;HSR_tmp_subsectorL3;HSR_tmp_subsectorL2;HSR;trn_pass;S3S2;1;1;1;1;1
SSP2;ECE;;;International Aviation_tmp_subsectorL3;International Aviation_tmp_subsectorL2;International Aviation;trn_aviation_intl;S3S2;1;1;1;1;1
SSP2;ECE;;;International Ship_tmp_subsectorL3;International Ship_tmp_subsectorL2;International Ship;trn_shipping_intl;S3S2;1;1;1;1;1
SSP2;ECE;;;Passenger Rail_tmp_subsectorL3;Passenger Rail_tmp_subsectorL2;Passenger Rail;trn_pass;S3S2;1;1;1;1;1
SSP2;ECE;;;Walk_tmp_subsectorL3;Walk_tmp_subsectorL2;Walk;trn_pass;S3S2;1;1;1;1;1
SSP2;ECE;;;trn_freight_road_tmp_subsectorL3;trn_freight_road_tmp_subsectorL2;trn_freight_road;trn_freight;S3S2;1;1;1;1;1
SSP2;ECE;;;trn_pass_road_LDV_2W;trn_pass_road_LDV;trn_pass_road;trn_pass;S3S2;0.0199999999996947;0.0200000000005519;0.0199999999968664;0.0199999999967507;0.019999999999216
SSP2;ECE;;;trn_pass_road_LDV_4W;trn_pass_road_LDV;trn_pass_road;trn_pass;S3S2;1;1;1;1;1
SSP2;ECE;;Bus_tmp_vehicletype;Bus_tmp_subsectorL3;Bus;trn_pass_road;trn_pass;VS3;1;1;1;1;1
SSP2;ECE;;Compact Car;trn_pass_road_LDV_4W;trn_pass_road_LDV;trn_pass_road;trn_pass;VS3;0.470999999807187;0.471000000487684;0.465000000358726;0.459999999925534;0.430999998540503
SSP2;ECE;;Cycle_tmp_vehicletype;Cycle_tmp_subsectorL3;Cycle_tmp_subsectorL2;Cycle;trn_pass;VS3;1;1;1;1;1
SSP2;ECE;;Domestic Aviation_tmp_vehicletype;Domestic Aviation_tmp_subsectorL3;Domestic Aviation_tmp_subsectorL2;Domestic Aviation;trn_pass;VS3;1;1;1;1;1
SSP2;ECE;;Domestic Ship_tmp_vehicletype;Domestic Ship_tmp_subsectorL3;Domestic Ship_tmp_subsectorL2;Domestic Ship;trn_freight;VS3;1;1;1;1;1
SSP2;ECE;;Freight Rail_tmp_vehicletype;Freight Rail_tmp_subsectorL3;Freight Rail_tmp_subsectorL2;Freight Rail;trn_freight;VS3;1;1;1;1;1
SSP2;ECE;;HSR_tmp_vehicletype;HSR_tmp_subsectorL3;HSR_tmp_subsectorL2;HSR;trn_pass;VS3;1;1;1;1;1
SSP2;ECE;;International Aviation_tmp_vehicletype;International Aviation_tmp_subsectorL3;International Aviation_tmp_subsectorL2;International Aviation;trn_aviation_intl;VS3;1;1;1;1;1
SSP2;ECE;;International Ship_tmp_vehicletype;International Ship_tmp_subsectorL3;International Ship_tmp_subsectorL2;International Ship;trn_shipping_intl;VS3;1;1;1;1;1
SSP2;ECE;;Large Car and SUV;trn_pass_road_LDV_4W;trn_pass_road_LDV;trn_pass_road;trn_pass;VS3;0.781999998111703;0.781999996356666;0.782000001111144;0.781999997930227;0.782000000107528
SSP2;ECE;;Midsize Car;trn_pass_road_LDV_4W;trn_pass_road_LDV;trn_pass_road;trn_pass;VS3;1;1;1;1;1
SSP2;ECE;;Moped;trn_pass_road_LDV_2W;trn_pass_road_LDV;trn_pass_road;trn_pass;VS3;0.0532000000215907;0.0532000000633696;0.0531999999690994;0.0531999996013441;0.0531999999840655
SSP2;ECE;;Motorcycle (50-250cc);trn_pass_road_LDV_2W;trn_pass_road_LDV;trn_pass_road;trn_pass;VS3;0.000472999999782391;0.000472999999783895;0.000473000000336256;0.000472999998155707;0.000473000000203833
SSP2;ECE;;Motorcycle (>250cc);trn_pass_road_LDV_2W;trn_pass_road_LDV;trn_pass_road;trn_pass;VS3;1;1;1;1;1
SSP2;ECE;;Passenger Rail_tmp_vehicletype;Passenger Rail_tmp_subsectorL3;Passenger Rail_tmp_subsectorL2;Passenger Rail;trn_pass;VS3;1;1;1;1;1
SSP2;ECE;;Subcompact Car;trn_pass_road_LDV_4W;trn_pass_road_LDV;trn_pass_road;trn_pass;VS3;0.638999999881075;0.639000000498961;0.631000000747527;0.624000000499041;0.584999998372921
SSP2;ECE;;Truck (0-3_5t);trn_freight_road_tmp_subsectorL3;trn_freight_road_tmp_subsectorL2;trn_freight_road;trn_freight;VS3;0.61600000003315;0.615999999833948;0.615999998186382;0.61599999970469;0.615999999214669
SSP2;ECE;;Truck (18t);trn_freight_road_tmp_subsectorL3;trn_freight_road_tmp_subsectorL2;trn_freight_road;trn_freight;VS3;0.137999999944674;0.138000000052962;0.138000000046155;0.137999999940421;0.138000000000293
SSP2;ECE;;Truck (26t);trn_freight_road_tmp_subsectorL3;trn_freight_road_tmp_subsectorL2;trn_freight_road;trn_freight;VS3;0.136999999962198;0.137000000026263;0.137000000028887;0.136999999902456;0.136999999985766
SSP2;ECE;;Truck (40t);trn_freight_road_tmp_subsectorL3;trn_freight_road_tmp_subsectorL2;trn_freight_road;trn_freight;VS3;0.16899999994189;0.169000000050534;0.169000000069039;0.169000000008159;0.168999999983979
SSP2;ECE;;Truck (7_5t);trn_freight_road_tmp_subsectorL3;trn_freight_road_tmp_subsectorL2;trn_freight_road;trn_freight;VS3;1;1;1;1;1
SSP2;ECE;;Walk_tmp_vehicletype;Walk_tmp_subsectorL3;Walk_tmp_subsectorL2;Walk;trn_pass;VS3;1;1;1;1;1
SSP2;ECE;BEV;Bus_tmp_vehicletype;Bus_tmp_subsectorL3;Bus;trn_pass_road;trn_pass;FV;0;0.154999999996772;0.34200000002001;0.528000000110339;1
SSP2;ECE;BEV;Compact Car;trn_pass_road_LDV_4W;trn_pass_road_LDV;trn_pass_road;trn_pass;FV;0.00406473673263291;0.00683532504760817;0.0118596602306284;0.0230511177225939;1
SSP2;ECE;BEV;Large Car and SUV;trn_pass_road_LDV_4W;trn_pass_road_LDV;trn_pass_road;trn_pass;FV;0.01692727567267;0.0252718186506296;0.0384794634838866;0.0656305919522177;1
SSP2;ECE;BEV;Midsize Car;trn_pass_road_LDV_4W;trn_pass_road_LDV;trn_pass_road;trn_pass;FV;0.00458082466916564;0.0074939405387446;0.0126333509836342;0.0240252333194709;1
SSP2;ECE;BEV;Moped;trn_pass_road_LDV_2W;trn_pass_road_LDV;trn_pass_road;trn_pass;FV;0;0.250000000770141;0.735294114879664;1;1
SSP2;ECE;BEV;Motorcycle (50-250cc);trn_pass_road_LDV_2W;trn_pass_road_LDV;trn_pass_road;trn_pass;FV;0;0.250000000147683;0.735294119221118;1;1
SSP2;ECE;BEV;Motorcycle (>250cc);trn_pass_road_LDV_2W;trn_pass_road_LDV;trn_pass_road;trn_pass;FV;0;0.250000001814309;0.735294121388376;1;1
SSP2;ECE;BEV;Subcompact Car;trn_pass_road_LDV_4W;trn_pass_road_LDV;trn_pass_road;trn_pass;FV;0.00201647121047065;0.00350585319111339;0.00628712036770465;0.0126282511413066;0.900088710020432
SSP2;ECE;BEV;Truck (0-3_5t);trn_freight_road_tmp_subsectorL3;trn_freight_road_tmp_subsectorL2;trn_freight_road;trn_freight;FV;0;0.0650000000018687;0.105000000024696;0.145000000030097;0.279000000015712
SSP2;ECE;BEV;Truck (18t);trn_freight_road_tmp_subsectorL3;trn_freight_road_tmp_subsectorL2;trn_freight_road;trn_freight;FV;0;0.0259000000003224;0.0520999999869704;0.0783000000100735;0.270000000429617
SSP2;ECE;BEV;Truck (26t);trn_freight_road_tmp_subsectorL3;trn_freight_road_tmp_subsectorL2;trn_freight_road;trn_freight;FV;0;0.0258999999993314;0.0520999999969074;0.0783000000111834;0.269999999988035
SSP2;ECE;BEV;Truck (40t);trn_freight_road_tmp_subsectorL3;trn_freight_road_tmp_subsectorL2;trn_freight_road;trn_freight;FV;0;0.025900000011828;0.0521000000552341;0.0783000001629068;0.270000001255597
SSP2;ECE;BEV;Truck (7_5t);trn_freight_road_tmp_subsectorL3;trn_freight_road_tmp_subsectorL2;trn_freight_road;trn_freight;FV;0;0.0650000000317123;0.105000000021856;0.145000000045579;0.278999999911288
SSP2;ECE;Cycle_tmp_technology;Cycle_tmp_vehicletype;Cycle_tmp_subsectorL3;Cycle_tmp_subsectorL2;Cycle;trn_pass;FV;1;1;1;1;1
SSP2;ECE;Electric;Freight Rail_tmp_vehicletype;Freight Rail_tmp_subsectorL3;Freight Rail_tmp_subsectorL2;Freight Rail;trn_freight;FV;1;1;1;1;1
SSP2;ECE;Electric;HSR_tmp_vehicletype;HSR_tmp_subsectorL3;HSR_tmp_subsectorL2;HSR;trn_pass;FV;1;1;1;1;1
SSP2;ECE;Electric;Passenger Rail_tmp_vehicletype;Passenger Rail_tmp_subsectorL3;Passenger Rail_tmp_subsectorL2;Passenger Rail;trn_pass;FV;1;1;1;1;1
SSP2;ECE;FCEV;Bus_tmp_vehicletype;Bus_tmp_subsectorL3;Bus;trn_pass_road;trn_pass;FV;0;0.0134999999998583;0.0166000000034943;0.0196000000034885;0.0875000000245523
SSP2;ECE;FCEV;Compact Car;trn_pass_road_LDV_4W;trn_pass_road_LDV;trn_pass_road;trn_pass;FV;0.00081646846468014;0.00125473295143101;0.00188113217334911;0.00304058510496829;0.00557252382260257
SSP2;ECE;FCEV;Large Car and SUV;trn_pass_road_LDV_4W;trn_pass_road_LDV;trn_pass_road;trn_pass;FV;0.00354293426050713;0.00500614241262573;0.00674532650065405;0.010166039500766;0.0132960038651207
SSP2;ECE;FCEV;Midsize Car;trn_pass_road_LDV_4W;trn_pass_road_LDV;trn_pass_road;trn_pass;FV;0.0009130452613628;0.00137984116653321;0.00203243704884785;0.00321667042155319;0.00593181576950051
SSP2;ECE;FCEV;Subcompact Car;trn_pass_road_LDV_4W;trn_pass_road_LDV;trn_pass_road;trn_pass;FV;0.000364456476452271;0.000584756896444332;0.000923043235706394;0.00152820466093798;0.00353625498249099
SSP2;ECE;FCEV;Truck (0-3_5t);trn_freight_road_tmp_subsectorL3;trn_freight_road_tmp_subsectorL2;trn_freight_road;trn_freight;FV;0;0.0146000000010882;0.0361000000028765;0.0574999999955749;0.063799999974718
SSP2;ECE;FCEV;Truck (18t);trn_freight_road_tmp_subsectorL3;trn_freight_road_tmp_subsectorL2;trn_freight_road;trn_freight;FV;0;0.00540000000013104;0.0135999999964443;0.0218000000032247;0.0437000000457233
SSP2;ECE;FCEV;Truck (26t);trn_freight_road_tmp_subsectorL3;trn_freight_road_tmp_subsectorL2;trn_freight_road;trn_freight;FV;0;0.00540000000003266;0.0135999999997387;0.0217999999958066;0.043700000124164
SSP2;ECE;FCEV;Truck (40t);trn_freight_road_tmp_subsectorL3;trn_freight_road_tmp_subsectorL2;trn_freight_road;trn_freight;FV;0;0.00540000000007058;0.0136000000071271;0.0218000000602655;0.0436999996962644
SSP2;ECE;FCEV;Truck (7_5t);trn_freight_road_tmp_subsectorL3;trn_freight_road_tmp_subsectorL2;trn_freight_road;trn_freight;FV;0;0.0146000000059461;0.0361000000008932;0.0575000000375415;0.063799999990841
SSP2;ECE;Gases;Bus_tmp_vehicletype;Bus_tmp_subsectorL3;Bus;trn_pass_road;trn_pass;FV;0.0100000000000607;0.0199999999999986;0.0450000000019988;0.0700000000123344;0.0900000000270278
SSP2;ECE;Gases;Compact Car;trn_pass_road_LDV_4W;trn_pass_road_LDV;trn_pass_road;trn_pass;FV;0.00862419877426868;0.00939152004673669;0.0121779518328055;0.0146618077967224;0.0521951369854826
SSP2;ECE;Gases;Large Car and SUV;trn_pass_road_LDV_4W;trn_pass_road_LDV;trn_pass_road;trn_pass;FV;0.0125393629034792;0.0141626063939545;0.01830414191769;0.0225441302023396;0.0521654946724039
SSP2;ECE;Gases;Midsize Car;trn_pass_road_LDV_4W;trn_pass_road_LDV;trn_pass_road;trn_pass;FV;0.00890821005834256;0.00967427892157105;0.0124782643796665;0.0149672669174824;0.0534941523554821
SSP2;ECE;Gases;Subcompact Car;trn_pass_road_LDV_4W;trn_pass_road_LDV;trn_pass_road;trn_pass;FV;0.00687348038455434;0.00793059946104924;0.0107029891052001;0.0127642503127263;0.0575995370938831
SSP2;ECE;Gases;Truck (0-3_5t);trn_freight_road_tmp_subsectorL3;trn_freight_road_tmp_subsectorL2;trn_freight_road;trn_freight;FV;0;0.0500000000011185;0.0805000000011069;0.110999999999611;0.18699999996823
SSP2;ECE;Gases;Truck (18t);trn_freight_road_tmp_subsectorL3;trn_freight_road_tmp_subsectorL2;trn_freight_road;trn_freight;FV;0;0.050000000001716;0.0804999999631213;0.110999999987097;0.187000000237894
SSP2;ECE;Gases;Truck (26t);trn_freight_road_tmp_subsectorL3;trn_freight_road_tmp_subsectorL2;trn_freight_road;trn_freight;FV;0;0.050000000000581;0.0804999999890934;0.111000000030475;0.186999999796421
SSP2;ECE;Gases;Truck (40t);trn_freight_road_tmp_subsectorL3;trn_freight_road_tmp_subsectorL2;trn_freight_road;trn_freight;FV;0;0;0;0;0
SSP2;ECE;Gases;Truck (7_5t);trn_freight_road_tmp_subsectorL3;trn_freight_road_tmp_subsectorL2;trn_freight_road;trn_freight;FV;0;0.0500000000315557;0.0805000000051098;0.11100000001011;0.18700000000083
SSP2;ECE;Hybrid electric;Compact Car;trn_pass_road_LDV_4W;trn_pass_road_LDV;trn_pass_road;trn_pass;FV;0.0126577164068072;0.0234133035015921;0.0438863128560858;0.0703310903831281;0.107771714576763
SSP2;ECE;Hybrid electric;Large Car and SUV;trn_pass_road_LDV_4W;trn_pass_road_LDV;trn_pass_road;trn_pass;FV;0.0430164598688965;0.0684051663872361;0.111223743884886;0.15998483066098;0.175245275760176
SSP2;ECE;Hybrid electric;Midsize Car;trn_pass_road_LDV_4W;trn_pass_road_LDV;trn_pass_road;trn_pass;FV;0.0143947768185913;0.0257014881269244;0.0464866385352527;0.0729286459736341;0.112583075723727
SSP2;ECE;Hybrid electric;Subcompact Car;trn_pass_road_LDV_4W;trn_pass_road_LDV;trn_pass_road;trn_pass;FV;0.00657908029946016;0.0128948561387361;0.0253430672872735;0.0417544226576928;0.0770399164469953
SSP2;ECE;Hydrogen;Domestic Aviation_tmp_vehicletype;Domestic Aviation_tmp_subsectorL3;Domestic Aviation_tmp_subsectorL2;Domestic Aviation;trn_pass;FV;0;8.32e-07;2.31000000000007e-05;4.54000000000118e-05;0.1190000004605
SSP2;ECE;Liquids;Bus_tmp_vehicletype;Bus_tmp_subsectorL3;Bus;trn_pass_road;trn_pass;FV;1;1;1;1;0.80200000021598
SSP2;ECE;Liquids;Compact Car;trn_pass_road_LDV_4W;trn_pass_road_LDV;trn_pass_road;trn_pass;FV;1;1;1;1;0.835443867437361
SSP2;ECE;Liquids;Domestic Aviation_tmp_vehicletype;Domestic Aviation_tmp_subsectorL3;Domestic Aviation_tmp_subsectorL2;Domestic Aviation;trn_pass;FV;1;1;1;1;1
SSP2;ECE;Liquids;Domestic Ship_tmp_vehicletype;Domestic Ship_tmp_subsectorL3;Domestic Ship_tmp_subsectorL2;Domestic Ship;trn_freight;FV;1;1;1;1;1
SSP2;ECE;Liquids;Freight Rail_tmp_vehicletype;Freight Rail_tmp_subsectorL3;Freight Rail_tmp_subsectorL2;Freight Rail;trn_freight;FV;0.587000001805876;0.586999997666179;0.587000000171562;0.58700000013186;0.587
SSP2;ECE;Liquids;International Aviation_tmp_vehicletype;International Aviation_tmp_subsectorL3;International Aviation_tmp_subsectorL2;International Aviation;trn_aviation_intl;FV;1;1;1;1;1
SSP2;ECE;Liquids;International Ship_tmp_vehicletype;International Ship_tmp_subsectorL3;International Ship_tmp_subsectorL2;International Ship;trn_shipping_intl;FV;1;1;1;1;1
SSP2;ECE;Liquids;Large Car and SUV;trn_pass_road_LDV_4W;trn_pass_road_LDV;trn_pass_road;trn_pass;FV;1;1;1;1;0.702308318292956
SSP2;ECE;Liquids;Midsize Car;trn_pass_road_LDV_4W;trn_pass_road_LDV;trn_pass_road;trn_pass;FV;1;1;1;1;0.870064584580528
SSP2;ECE;Liquids;Moped;trn_pass_road_LDV_2W;trn_pass_road_LDV;trn_pass_road;trn_pass;FV;1;1;1;0.699999996829769;0.0999999999829426
SSP2;ECE;Liquids;Motorcycle (50-250cc);trn_pass_road_LDV_2W;trn_pass_road_LDV;trn_pass_road;trn_pass;FV;1;1;1;0.699999999307759;0.0999999999677587
SSP2;ECE;Liquids;Motorcycle (>250cc);trn_pass_road_LDV_2W;trn_pass_road_LDV;trn_pass_road;trn_pass;FV;1;1;1;0.699999999790413;0.0999999999697524
SSP2;ECE;Liquids;Passenger Rail_tmp_vehicletype;Passenger Rail_tmp_subsectorL3;Passenger Rail_tmp_subsectorL2;Passenger Rail;trn_pass;FV;0.14499999990933;0.14500000021359;0.144999999908436;0.14499999989538;0.144999999800933
SSP2;ECE;Liquids;Subcompact Car;trn_pass_road_LDV_4W;trn_pass_road_LDV;trn_pass_road;trn_pass;FV;1;1;1;1;1
SSP2;ECE;Liquids;Truck (0-3_5t);trn_freight_road_tmp_subsectorL3;trn_freight_road_tmp_subsectorL2;trn_freight_road;trn_freight;FV;1;1;1;1;1
SSP2;ECE;Liquids;Truck (18t);trn_freight_road_tmp_subsectorL3;trn_freight_road_tmp_subsectorL2;trn_freight_road;trn_freight;FV;1;1;1;1;1
SSP2;ECE;Liquids;Truck (26t);trn_freight_road_tmp_subsectorL3;trn_freight_road_tmp_subsectorL2;trn_freight_road;trn_freight;FV;1;1;1;1;1
SSP2;ECE;Liquids;Truck (40t);trn_freight_road_tmp_subsectorL3;trn_freight_road_tmp_subsectorL2;trn_freight_road;trn_freight;FV;1;1;1;1;1
SSP2;ECE;Liquids;Truck (7_5t);trn_freight_road_tmp_subsectorL3;trn_freight_road_tmp_subsectorL2;trn_freight_road;trn_freight;FV;1;1;1;1;1
SSP2;ECE;Walk_tmp_technology;Walk_tmp_vehicletype;Walk_tmp_subsectorL3;Walk_tmp_subsectorL2;Walk;trn_pass;FV;1;1;1;1;1
SSP2;ECS;;;;;Cycle;trn_pass;S1S;0.0110000000000095;0.059999999998477;0.0949999999929227;0.129999999998989;0.199999999997271
SSP2;ECS;;;;;Domestic Aviation;trn_pass;S1S;0.00371999999986503;0.00399999999989574;0.0032499999997645;0.00249999999995041;0.0014999999999795
SSP2;ECS;;;;;Domestic Ship;trn_freight;S1S;0.00395000000518074;0.00394999999617736;0.00377000000017884;0.00359000000301266;0.00394999993705773
SSP2;ECS;;;;;Freight Rail;trn_freight;S1S;0.0598000001255117;0.0597999999481396;0.0543000000116881;0.0488999999818286;0.0806999992280652
SSP2;ECS;;;;;HSR;trn_pass;S1S;0.00029699999997847;0.000296999999994618;0.000385999999972983;0.000474999999990818;0.000399999999994535
SSP2;ECS;;;;;International Aviation;trn_aviation_intl;S1S;1;1;1;1;1
SSP2;ECS;;;;;International Ship;trn_shipping_intl;S1S;1;1;1;1;1
SSP2;ECS;;;;;Passenger Rail;trn_pass;S1S;0.00792000000007459;0.0105999999995561;0.0131999999990401;0.0157999999997298;0.00999999999986413
SSP2;ECS;;;;;Walk;trn_pass;S1S;1;1;1;1;1
SSP2;ECS;;;;;trn_freight_road;trn_freight;S1S;1;1;1;1;1
SSP2;ECS;;;;;trn_pass_road;trn_pass;S1S;0.744999999998377;0.744999999980896;0.722999999948984;0.699999999987253;0.299999999995899
SSP2;ECS;;;;Bus;trn_pass_road;trn_pass;S2S1;0.209;0.25;0.195238095238094;0.145454545454546;0.0899999999999999
SSP2;ECS;;;;Cycle_tmp_subsectorL2;Cycle;trn_pass;S2S1;1;1;1;1;1
SSP2;ECS;;;;Domestic Aviation_tmp_subsectorL2;Domestic Aviation;trn_pass;S2S1;1;1;1;1;1
SSP2;ECS;;;;Domestic Ship_tmp_subsectorL2;Domestic Ship;trn_freight;S2S1;1;1;1;1;1
SSP2;ECS;;;;Freight Rail_tmp_subsectorL2;Freight Rail;trn_freight;S2S1;1;1;1;1;1
SSP2;ECS;;;;HSR_tmp_subsectorL2;HSR;trn_pass;S2S1;1;1;1;1;1
SSP2;ECS;;;;International Aviation_tmp_subsectorL2;International Aviation;trn_aviation_intl;S2S1;1;1;1;1;1
SSP2;ECS;;;;International Ship_tmp_subsectorL2;International Ship;trn_shipping_intl;S2S1;1;1;1;1;1
SSP2;ECS;;;;Passenger Rail_tmp_subsectorL2;Passenger Rail;trn_pass;S2S1;1;1;1;1;1
SSP2;ECS;;;;Walk_tmp_subsectorL2;Walk;trn_pass;S2S1;1;1;1;1;1
SSP2;ECS;;;;trn_freight_road_tmp_subsectorL2;trn_freight_road;trn_freight;S2S1;1;1;1;1;1
SSP2;ECS;;;;trn_pass_road_LDV;trn_pass_road;trn_pass;S2S1;1;1;1;1;1
SSP2;ECS;;;Bus_tmp_subsectorL3;Bus;trn_pass_road;trn_pass;S3S2;1;1;1;1;1
SSP2;ECS;;;Cycle_tmp_subsectorL3;Cycle_tmp_subsectorL2;Cycle;trn_pass;S3S2;1;1;1;1;1
SSP2;ECS;;;Domestic Aviation_tmp_subsectorL3;Domestic Aviation_tmp_subsectorL2;Domestic Aviation;trn_pass;S3S2;1;1;1;1;1
SSP2;ECS;;;Domestic Ship_tmp_subsectorL3;Domestic Ship_tmp_subsectorL2;Domestic Ship;trn_freight;S3S2;1;1;1;1;1
SSP2;ECS;;;Freight Rail_tmp_subsectorL3;Freight Rail_tmp_subsectorL2;Freight Rail;trn_freight;S3S2;1;1;1;1;1
SSP2;ECS;;;HSR_tmp_subsectorL3;HSR_tmp_subsectorL2;HSR;trn_pass;S3S2;1;1;1;1;1
SSP2;ECS;;;International Aviation_tmp_subsectorL3;International Aviation_tmp_subsectorL2;International Aviation;trn_aviation_intl;S3S2;1;1;1;1;1
SSP2;ECS;;;International Ship_tmp_subsectorL3;International Ship_tmp_subsectorL2;International Ship;trn_shipping_intl;S3S2;1;1;1;1;1
SSP2;ECS;;;Passenger Rail_tmp_subsectorL3;Passenger Rail_tmp_subsectorL2;Passenger Rail;trn_pass;S3S2;1;1;1;1;1
SSP2;ECS;;;Walk_tmp_subsectorL3;Walk_tmp_subsectorL2;Walk;trn_pass;S3S2;1;1;1;1;1
SSP2;ECS;;;trn_freight_road_tmp_subsectorL3;trn_freight_road_tmp_subsectorL2;trn_freight_road;trn_freight;S3S2;1;1;1;1;1
SSP2;ECS;;;trn_pass_road_LDV_2W;trn_pass_road_LDV;trn_pass_road;trn_pass;S3S2;0.0100000000005145;0.0099999999999656;0.0100000000059889;0.0099999999984923;0.0100000000027282
SSP2;ECS;;;trn_pass_road_LDV_4W;trn_pass_road_LDV;trn_pass_road;trn_pass;S3S2;1;1;1;1;1
SSP2;ECS;;Bus_tmp_vehicletype;Bus_tmp_subsectorL3;Bus;trn_pass_road;trn_pass;VS3;1;1;1;1;1
SSP2;ECS;;Compact Car;trn_pass_road_LDV_4W;trn_pass_road_LDV;trn_pass_road;trn_pass;VS3;0.499999999632724;0.499999997508221;0.499999999197589;0.500000000837297;0.454999995840728
SSP2;ECS;;Cycle_tmp_vehicletype;Cycle_tmp_subsectorL3;Cycle_tmp_subsectorL2;Cycle;trn_pass;VS3;1;1;1;1;1
SSP2;ECS;;Domestic Aviation_tmp_vehicletype;Domestic Aviation_tmp_subsectorL3;Domestic Aviation_tmp_subsectorL2;Domestic Aviation;trn_pass;VS3;1;1;1;1;1
SSP2;ECS;;Domestic Ship_tmp_vehicletype;Domestic Ship_tmp_subsectorL3;Domestic Ship_tmp_subsectorL2;Domestic Ship;trn_freight;VS3;1;1;1;1;1
SSP2;ECS;;Freight Rail_tmp_vehicletype;Freight Rail_tmp_subsectorL3;Freight Rail_tmp_subsectorL2;Freight Rail;trn_freight;VS3;1;1;1;1;1
SSP2;ECS;;HSR_tmp_vehicletype;HSR_tmp_subsectorL3;HSR_tmp_subsectorL2;HSR;trn_pass;VS3;1;1;1;1;1
SSP2;ECS;;International Aviation_tmp_vehicletype;International Aviation_tmp_subsectorL3;International Aviation_tmp_subsectorL2;International Aviation;trn_aviation_intl;VS3;1;1;1;1;1
SSP2;ECS;;International Ship_tmp_vehicletype;International Ship_tmp_subsectorL3;International Ship_tmp_subsectorL2;International Ship;trn_shipping_intl;VS3;1;1;1;1;1
SSP2;ECS;;Large Car and SUV;trn_pass_road_LDV_4W;trn_pass_road_LDV;trn_pass_road;trn_pass;VS3;1;1;1;1;1
SSP2;ECS;;Midsize Car;trn_pass_road_LDV_4W;trn_pass_road_LDV;trn_pass_road;trn_pass;VS3;0.961000000770594;0.960999994522786;0.960999996373874;0.961000001331542;0.960999989088508
SSP2;ECS;;Moped;trn_pass_road_LDV_2W;trn_pass_road_LDV;trn_pass_road;trn_pass;VS3;0.111999999699548;0.112000000129576;0.112000000012669;0.112000000123794;0.112000002599186
SSP2;ECS;;Motorcycle (50-250cc);trn_pass_road_LDV_2W;trn_pass_road_LDV;trn_pass_road;trn_pass;VS3;0.0358000000084484;0.0358000000462647;0.0358000000873937;0.0358000000804358;0.0358000007317808
SSP2;ECS;;Motorcycle (>250cc);trn_pass_road_LDV_2W;trn_pass_road_LDV;trn_pass_road;trn_pass;VS3;1;1;1;1;1
SSP2;ECS;;Passenger Rail_tmp_vehicletype;Passenger Rail_tmp_subsectorL3;Passenger Rail_tmp_subsectorL2;Passenger Rail;trn_pass;VS3;1;1;1;1;1
SSP2;ECS;;Subcompact Car;trn_pass_road_LDV_4W;trn_pass_road_LDV;trn_pass_road;trn_pass;VS3;0.978000000851422;0.977999989831466;0.977999998160226;0.977999999918874;0.888999992370243
SSP2;ECS;;Truck (0-3_5t);trn_freight_road_tmp_subsectorL3;trn_freight_road_tmp_subsectorL2;trn_freight_road;trn_freight;VS3;1;1;1;1;1
SSP2;ECS;;Truck (18t);trn_freight_road_tmp_subsectorL3;trn_freight_road_tmp_subsectorL2;trn_freight_road;trn_freight;VS3;0.256000000217011;0.255999999956228;0.256000000177862;0.256000000105243;0.25599999977864
SSP2;ECS;;Truck (26t);trn_freight_road_tmp_subsectorL3;trn_freight_road_tmp_subsectorL2;trn_freight_road;trn_freight;VS3;0.310000000167751;0.309999999970814;0.309999999894791;0.310000000074156;0.309999999675058
SSP2;ECS;;Truck (40t);trn_freight_road_tmp_subsectorL3;trn_freight_road_tmp_subsectorL2;trn_freight_road;trn_freight;VS3;0.128000000053006;0.127999999966759;0.128000000004291;0.128000000041152;0.127999999872357
SSP2;ECS;;Truck (7_5t);trn_freight_road_tmp_subsectorL3;trn_freight_road_tmp_subsectorL2;trn_freight_road;trn_freight;VS3;0.44100000050003;0.440999999672822;0.441000000067177;0.44100000022086;0.440999999626988
SSP2;ECS;;Walk_tmp_vehicletype;Walk_tmp_subsectorL3;Walk_tmp_subsectorL2;Walk;trn_pass;VS3;1;1;1;1;1
SSP2;ECS;BEV;Bus_tmp_vehicletype;Bus_tmp_subsectorL3;Bus;trn_pass_road;trn_pass;FV;0;0.0930999999993755;0.237000000282043;0.381999999559334;0.841999999747763
SSP2;ECS;BEV;Compact Car;trn_pass_road_LDV_4W;trn_pass_road_LDV;trn_pass_road;trn_pass;FV;0.00402395300156085;0.00741779143879493;0.0133847304073507;0.0261738864976955;0.0467521294791927
SSP2;ECS;BEV;Large Car and SUV;trn_pass_road_LDV_4W;trn_pass_road_LDV;trn_pass_road;trn_pass;FV;0.0160898679241286;0.0260477968185287;0.0409581458607163;0.0705927728327828;0.109511319462986
SSP2;ECS;BEV;Midsize Car;trn_pass_road_LDV_4W;trn_pass_road_LDV;trn_pass_road;trn_pass;FV;0.00407629451821573;0.00732073289659911;0.0128449287169384;0.0247263532118206;0.0432306082751189
SSP2;ECS;BEV;Moped;trn_pass_road_LDV_2W;trn_pass_road_LDV;trn_pass_road;trn_pass;FV;0;0.249999999116031;0.735294107784025;1;1
SSP2;ECS;BEV;Motorcycle (50-250cc);trn_pass_road_LDV_2W;trn_pass_road_LDV;trn_pass_road;trn_pass;FV;0;0.249999999516694;0.735294120473534;1;1
SSP2;ECS;BEV;Motorcycle (>250cc);trn_pass_road_LDV_2W;trn_pass_road_LDV;trn_pass_road;trn_pass;FV;0;0.250000001381022;0.735294120075517;1;1
SSP2;ECS;BEV;Subcompact Car;trn_pass_road_LDV_4W;trn_pass_road_LDV;trn_pass_road;trn_pass;FV;0.00195222282204353;0.00363756677214742;0.00660241868479851;0.0130560991196372;0.0225035320026635
SSP2;ECS;BEV;Truck (0-3_5t);trn_freight_road_tmp_subsectorL3;trn_freight_road_tmp_subsectorL2;trn_freight_road;trn_freight;FV;0;0.103999999998909;0.161000000406468;0.217999999908642;0.288999997319275
SSP2;ECS;BEV;Truck (18t);trn_freight_road_tmp_subsectorL3;trn_freight_road_tmp_subsectorL2;trn_freight_road;trn_freight;FV;0;0.0414000000034067;0.0793999999514296;0.117000000140666;0.28099999974391
SSP2;ECS;BEV;Truck (26t);trn_freight_road_tmp_subsectorL3;trn_freight_road_tmp_subsectorL2;trn_freight_road;trn_freight;FV;0;0.0413999999921209;0.0794000001029343;0.116999999085375;0.280999979305952
SSP2;ECS;BEV;Truck (40t);trn_freight_road_tmp_subsectorL3;trn_freight_road_tmp_subsectorL2;trn_freight_road;trn_freight;FV;0;0.0413999999933772;0.0794000000127168;0.116999999981567;0.280999998239932
SSP2;ECS;BEV;Truck (7_5t);trn_freight_road_tmp_subsectorL3;trn_freight_road_tmp_subsectorL2;trn_freight_road;trn_freight;FV;0;0.103999999998175;0.160999999637905;0.218000000364992;0.288999998963416
SSP2;ECS;Cycle_tmp_technology;Cycle_tmp_vehicletype;Cycle_tmp_subsectorL3;Cycle_tmp_subsectorL2;Cycle;trn_pass;FV;1;1;1;1;1
SSP2;ECS;Electric;Freight Rail_tmp_vehicletype;Freight Rail_tmp_subsectorL3;Freight Rail_tmp_subsectorL2;Freight Rail;trn_freight;FV;1;1;1;1;1
SSP2;ECS;Electric;HSR_tmp_vehicletype;HSR_tmp_subsectorL3;HSR_tmp_subsectorL2;HSR;trn_pass;FV;1;1;1;1;1
SSP2;ECS;Electric;Passenger Rail_tmp_vehicletype;Passenger Rail_tmp_subsectorL3;Passenger Rail_tmp_subsectorL2;Passenger Rail;trn_pass;FV;1;1;1;1;1
SSP2;ECS;FCEV;Bus_tmp_vehicletype;Bus_tmp_subsectorL3;Bus;trn_pass_road;trn_pass;FV;0;0.00269999999981543;0.0381000000960098;0.0736000001586519;0.10900000001187
SSP2;ECS;FCEV;Compact Car;trn_pass_road_LDV_4W;trn_pass_road_LDV;trn_pass_road;trn_pass;FV;0.000784175767254015;0.00135329450066718;0.00224213255904494;0.00353701319012218;0.00943111916433619
SSP2;ECS;FCEV;Large Car and SUV;trn_pass_road_LDV_4W;trn_pass_road_LDV;trn_pass_road;trn_pass;FV;0.00321011336816456;0.00506349374104099;0.00742677238096842;0.0109874303145781;0.0255897466932637
SSP2;ECS;FCEV;Midsize Car;trn_pass_road_LDV_4W;trn_pass_road_LDV;trn_pass_road;trn_pass;FV;0.000794526028509726;0.00134683579538228;0.0021908487821686;0.00338663360297337;0.00884585797986957
SSP2;ECS;FCEV;Subcompact Car;trn_pass_road_LDV_4W;trn_pass_road_LDV;trn_pass_road;trn_pass;FV;0.00035129097984746;0.000609802646777933;0.0010199722013657;0.00163059710238063;0.00434532684268523
SSP2;ECS;FCEV;Truck (0-3_5t);trn_freight_road_tmp_subsectorL3;trn_freight_road_tmp_subsectorL2;trn_freight_road;trn_freight;FV;0;0.0145999999995051;0.0417999999927986;0.0690000000566092;0.079799999929152
SSP2;ECS;FCEV;Truck (18t);trn_freight_road_tmp_subsectorL3;trn_freight_road_tmp_subsectorL2;trn_freight_road;trn_freight;FV;0;0.00540000000005407;0.0158000000022326;0.0262000000186155;0.0546000002067824
SSP2;ECS;FCEV;Truck (26t);trn_freight_road_tmp_subsectorL3;trn_freight_road_tmp_subsectorL2;trn_freight_road;trn_freight;FV;0;0.00539999999752089;0.015800000022556;0.026199999869512;0.0545999993654952
SSP2;ECS;FCEV;Truck (40t);trn_freight_road_tmp_subsectorL3;trn_freight_road_tmp_subsectorL2;trn_freight_road;trn_freight;FV;0;0.00539999999657101;0.0157999999944815;0.0262000000449519;0.0546000000556715
SSP2;ECS;FCEV;Truck (7_5t);trn_freight_road_tmp_subsectorL3;trn_freight_road_tmp_subsectorL2;trn_freight_road;trn_freight;FV;0;0.0145999999999469;0.0417999999995404;0.0689999999749391;0.079800000019334
SSP2;ECS;Gases;Bus_tmp_vehicletype;Bus_tmp_subsectorL3;Bus;trn_pass_road;trn_pass;FV;0.00999999999956422;0.0199999999982123;0.0413000001018677;0.0625000000824879;0.0999999999266553
SSP2;ECS;Gases;Compact Car;trn_pass_road_LDV_4W;trn_pass_road_LDV;trn_pass_road;trn_pass;FV;0.000176976346799291;0.000501862241923555;0.00121918502106413;0.00547441935702611;0.104639948192164
SSP2;ECS;Gases;Large Car and SUV;trn_pass_road_LDV_4W;trn_pass_road_LDV;trn_pass_road;trn_pass;FV;0.000578026513473328;0.00161532586423535;0.00375798419047118;0.0151673636794095;0.199750955008981
SSP2;ECS;Gases;Midsize Car;trn_pass_road_LDV_4W;trn_pass_road_LDV;trn_pass_road;trn_pass;FV;0.000185066800527049;0.000511909320892674;0.00120479200759352;0.00527074302612256;0.0943492607405266
SSP2;ECS;Gases;Subcompact Car;trn_pass_road_LDV_4W;trn_pass_road_LDV;trn_pass_road;trn_pass;FV;0.000106322114823105;0.00030261123276416;0.000711809170113689;0.00312303847612394;0.0614393436738419
SSP2;ECS;Gases;Truck (0-3_5t);trn_freight_road_tmp_subsectorL3;trn_freight_road_tmp_subsectorL2;trn_freight_road;trn_freight;FV;1.00000000000004e-05;0.0129999999995722;0.0397999999934763;0.0666999999910506;0.140000003029629
SSP2;ECS;Gases;Truck (18t);trn_freight_road_tmp_subsectorL3;trn_freight_road_tmp_subsectorL2;trn_freight_road;trn_freight;FV;9.99999999999998e-06;0.0129999999991938;0.0398000000041555;0.0667000000444705;0.140000000314268
SSP2;ECS;Gases;Truck (26t);trn_freight_road_tmp_subsectorL3;trn_freight_road_tmp_subsectorL2;trn_freight_road;trn_freight;FV;1.00000000000028e-05;0.0130000000041056;0.0398000000290586;0.0667000002515429;0.139999991836602
SSP2;ECS;Gases;Truck (40t);trn_freight_road_tmp_subsectorL3;trn_freight_road_tmp_subsectorL2;trn_freight_road;trn_freight;FV;1.00000000000002e-05;0.0129999999905402;0.0398000000108939;0.0667000000976657;0.13999999978401
SSP2;ECS;Gases;Truck (7_5t);trn_freight_road_tmp_subsectorL3;trn_freight_road_tmp_subsectorL2;trn_freight_road;trn_freight;FV;1.00000000000002e-05;0.0130000000029221;0.0398000000218125;0.0667000000545248;0.140000000025707
SSP2;ECS;Hybrid electric;Compact Car;trn_pass_road_LDV_4W;trn_pass_road_LDV;trn_pass_road;trn_pass;FV;0.015083148265234;0.0265812974133972;0.04965242051198;0.0817369679901934;0.176367418199522
SSP2;ECS;Hybrid electric;Large Car and SUV;trn_pass_road_LDV_4W;trn_pass_road_LDV;trn_pass_road;trn_pass;FV;0.0483095087074161;0.0736331402458278;0.119367716292988;0.176535164037576;0.322650611638257
SSP2;ECS;Hybrid electric;Midsize Car;trn_pass_road_LDV_4W;trn_pass_road_LDV;trn_pass_road;trn_pass;FV;0.0157865867792045;0.0267873135153607;0.0482415404250663;0.0779511240986855;0.163941290083387
SSP2;ECS;Hybrid electric;Subcompact Car;trn_pass_road_LDV_4W;trn_pass_road_LDV;trn_pass_road;trn_pass;FV;0.00745272764235716;0.0137396411198231;0.0262876559336505;0.0436589255799977;0.0913671659145186
SSP2;ECS;Hydrogen;Domestic Aviation_tmp_vehicletype;Domestic Aviation_tmp_subsectorL3;Domestic Aviation_tmp_subsectorL2;Domestic Aviation;trn_pass;FV;0;8.31999999999999e-07;2.31000000000001e-05;4.53999999999954e-05;0.118999999844632
SSP2;ECS;Liquids;Bus_tmp_vehicletype;Bus_tmp_subsectorL3;Bus;trn_pass_road;trn_pass;FV;1;1;1;1;1
SSP2;ECS;Liquids;Compact Car;trn_pass_road_LDV_4W;trn_pass_road_LDV;trn_pass_road;trn_pass;FV;1;1;1;1;1
SSP2;ECS;Liquids;Domestic Aviation_tmp_vehicletype;Domestic Aviation_tmp_subsectorL3;Domestic Aviation_tmp_subsectorL2;Domestic Aviation;trn_pass;FV;1;1;1;1;1
SSP2;ECS;Liquids;Domestic Ship_tmp_vehicletype;Domestic Ship_tmp_subsectorL3;Domestic Ship_tmp_subsectorL2;Domestic Ship;trn_freight;FV;1;1;1;1;1
SSP2;ECS;Liquids;Freight Rail_tmp_vehicletype;Freight Rail_tmp_subsectorL3;Freight Rail_tmp_subsectorL2;Freight Rail;trn_freight;FV;0.629999997503665;0.630000000864372;0.629999998732675;0.629999998033175;0.629999999262741
SSP2;ECS;Liquids;International Aviation_tmp_vehicletype;International Aviation_tmp_subsectorL3;International Aviation_tmp_subsectorL2;International Aviation;trn_aviation_intl;FV;1;1;1;1;1
SSP2;ECS;Liquids;International Ship_tmp_vehicletype;International Ship_tmp_subsectorL3;International Ship_tmp_subsectorL2;International Ship;trn_shipping_intl;FV;1;1;1;1;1
SSP2;ECS;Liquids;Large Car and SUV;trn_pass_road_LDV_4W;trn_pass_road_LDV;trn_pass_road;trn_pass;FV;1;1;1;1;1
SSP2;ECS;Liquids;Midsize Car;trn_pass_road_LDV_4W;trn_pass_road_LDV;trn_pass_road;trn_pass;FV;1;1;1;1;1
SSP2;ECS;Liquids;Moped;trn_pass_road_LDV_2W;trn_pass_road_LDV;trn_pass_road;trn_pass;FV;1;1;1;0.457091737444107;0.0999999999857373
SSP2;ECS;Liquids;Motorcycle (50-250cc);trn_pass_road_LDV_2W;trn_pass_road_LDV;trn_pass_road;trn_pass;FV;1;1;1;0.699999997268052;0.100000000017084
SSP2;ECS;Liquids;Motorcycle (>250cc);trn_pass_road_LDV_2W;trn_pass_road_LDV;trn_pass_road;trn_pass;FV;1;1;1;0.699999993133981;0.0999999997874876
SSP2;ECS;Liquids;Passenger Rail_tmp_vehicletype;Passenger Rail_tmp_subsectorL3;Passenger Rail_tmp_subsectorL2;Passenger Rail;trn_pass;FV;0.230000000038938;0.230000000706277;0.2300000000377;0.229999999793547;0.229999999994145
SSP2;ECS;Liquids;Subcompact Car;trn_pass_road_LDV_4W;trn_pass_road_LDV;trn_pass_road;trn_pass;FV;1;1;1;1;1
SSP2;ECS;Liquids;Truck (0-3_5t);trn_freight_road_tmp_subsectorL3;trn_freight_road_tmp_subsectorL2;trn_freight_road;trn_freight;FV;1;1;1;1;1
SSP2;ECS;Liquids;Truck (18t);trn_freight_road_tmp_subsectorL3;trn_freight_road_tmp_subsectorL2;trn_freight_road;trn_freight;FV;1;1;1;1;1
SSP2;ECS;Liquids;Truck (26t);trn_freight_road_tmp_subsectorL3;trn_freight_road_tmp_subsectorL2;trn_freight_road;trn_freight;FV;1;1;1;1;1
SSP2;ECS;Liquids;Truck (40t);trn_freight_road_tmp_subsectorL3;trn_freight_road_tmp_subsectorL2;trn_freight_road;trn_freight;FV;1;1;1;1;1
SSP2;ECS;Liquids;Truck (7_5t);trn_freight_road_tmp_subsectorL3;trn_freight_road_tmp_subsectorL2;trn_freight_road;trn_freight;FV;1;1;1;1;1
SSP2;ECS;Walk_tmp_technology;Walk_tmp_vehicletype;Walk_tmp_subsectorL3;Walk_tmp_subsectorL2;Walk;trn_pass;FV;1;1;1;1;1
SSP2;ENC;;;;;Cycle;trn_pass;S1S;0.02499999999977;0.0349999999997827;0.045300000001838;0.0556000000019509;0.0999999999903688
SSP2;ENC;;;;;Domestic Aviation;trn_pass;S1S;5.9699999999361e-05;5.96999999995185e-05;5.48000000024046e-05;5.0000000001677e-05;4.99999999951648e-05
SSP2;ENC;;;;;Domestic Ship;trn_freight;S1S;0.0125000000005177;0.0125000000052578;0.0127547611792077;0.0124999999911534;0.0134681346450978
SSP2;ENC;;;;;Freight Rail;trn_freight;S1S;0.0293000000006585;0.0293000000184279;0.0279349294101225;0.0263999999787319;0.0428887591478196
SSP2;ENC;;;;;HSR;trn_pass;S1S;0.000124999999998761;0.000249999999998522;0.000192000000008059;0.0001330000000044;0.000199999999980719
SSP2;ENC;;;;;International Aviation;trn_aviation_intl;S1S;1;1;1;1;1
SSP2;ENC;;;;;International Ship;trn_shipping_intl;S1S;1;1;1;1;1
SSP2;ENC;;;;;Passenger Rail;trn_pass;S1S;0.00312999999996341;0.00312999999999108;0.00356000000014828;0.00400000000014001;0.00399999999961616
SSP2;ENC;;;;;Walk;trn_pass;S1S;1;1;1;1;1
SSP2;ENC;;;;;trn_freight_road;trn_freight;S1S;1;1;1;1;1
SSP2;ENC;;;;;trn_pass_road;trn_pass;S1S;0.0735999999992883;0.0735999999995987;0.0668000000028159;0.0600000000020701;0.0499999999952051
SSP2;ENC;;;;Bus;trn_pass_road;trn_pass;S2S1;0.204;0.153;0.148571428571429;0.145454545454545;0.1
SSP2;ENC;;;;Cycle_tmp_subsectorL2;Cycle;trn_pass;S2S1;1;1;1;1;1
SSP2;ENC;;;;Domestic Aviation_tmp_subsectorL2;Domestic Aviation;trn_pass;S2S1;1;1;1;1;1
SSP2;ENC;;;;Domestic Ship_tmp_subsectorL2;Domestic Ship;trn_freight;S2S1;1;1;1;1;1
SSP2;ENC;;;;Freight Rail_tmp_subsectorL2;Freight Rail;trn_freight;S2S1;1;1;1;1;1
SSP2;ENC;;;;HSR_tmp_subsectorL2;HSR;trn_pass;S2S1;1;1;1;1;1
SSP2;ENC;;;;International Aviation_tmp_subsectorL2;International Aviation;trn_aviation_intl;S2S1;1;1;1;1;1
SSP2;ENC;;;;International Ship_tmp_subsectorL2;International Ship;trn_shipping_intl;S2S1;1;1;1;1;1
SSP2;ENC;;;;Passenger Rail_tmp_subsectorL2;Passenger Rail;trn_pass;S2S1;1;1;1;1;1
SSP2;ENC;;;;Walk_tmp_subsectorL2;Walk;trn_pass;S2S1;1;1;1;1;1
SSP2;ENC;;;;trn_freight_road_tmp_subsectorL2;trn_freight_road;trn_freight;S2S1;1;1;1;1;1
SSP2;ENC;;;;trn_pass_road_LDV;trn_pass_road;trn_pass;S2S1;1;1;1;1;1
SSP2;ENC;;;Bus_tmp_subsectorL3;Bus;trn_pass_road;trn_pass;S3S2;1;1;1;1;1
SSP2;ENC;;;Cycle_tmp_subsectorL3;Cycle_tmp_subsectorL2;Cycle;trn_pass;S3S2;1;1;1;1;1
SSP2;ENC;;;Domestic Aviation_tmp_subsectorL3;Domestic Aviation_tmp_subsectorL2;Domestic Aviation;trn_pass;S3S2;1;1;1;1;1
SSP2;ENC;;;Domestic Ship_tmp_subsectorL3;Domestic Ship_tmp_subsectorL2;Domestic Ship;trn_freight;S3S2;1;1;1;1;1
SSP2;ENC;;;Freight Rail_tmp_subsectorL3;Freight Rail_tmp_subsectorL2;Freight Rail;trn_freight;S3S2;1;1;1;1;1
SSP2;ENC;;;HSR_tmp_subsectorL3;HSR_tmp_subsectorL2;HSR;trn_pass;S3S2;1;1;1;1;1
SSP2;ENC;;;International Aviation_tmp_subsectorL3;International Aviation_tmp_subsectorL2;International Aviation;trn_aviation_intl;S3S2;1;1;1;1;1
SSP2;ENC;;;International Ship_tmp_subsectorL3;International Ship_tmp_subsectorL2;International Ship;trn_shipping_intl;S3S2;1;1;1;1;1
SSP2;ENC;;;Passenger Rail_tmp_subsectorL3;Passenger Rail_tmp_subsectorL2;Passenger Rail;trn_pass;S3S2;1;1;1;1;1
SSP2;ENC;;;Walk_tmp_subsectorL3;Walk_tmp_subsectorL2;Walk;trn_pass;S3S2;1;1;1;1;1
SSP2;ENC;;;trn_freight_road_tmp_subsectorL3;trn_freight_road_tmp_subsectorL2;trn_freight_road;trn_freight;S3S2;1;1;1;1;1
SSP2;ENC;;;trn_pass_road_LDV_2W;trn_pass_road_LDV;trn_pass_road;trn_pass;S3S2;0.0599999999947742;0.0600000000145425;0.0600000000096165;0.0600000000080772;0.0599999999496436
SSP2;ENC;;;trn_pass_road_LDV_4W;trn_pass_road_LDV;trn_pass_road;trn_pass;S3S2;1;1;1;1;1
SSP2;ENC;;Bus_tmp_vehicletype;Bus_tmp_subsectorL3;Bus;trn_pass_road;trn_pass;VS3;1;1;1;1;1
SSP2;ENC;;Compact Car;trn_pass_road_LDV_4W;trn_pass_road_LDV;trn_pass_road;trn_pass;VS3;0.395999999974096;0.395999999054917;0.396000000001024;0.39600000083356;0.356000000151014
SSP2;ENC;;Cycle_tmp_vehicletype;Cycle_tmp_subsectorL3;Cycle_tmp_subsectorL2;Cycle;trn_pass;VS3;1;1;1;1;1
SSP2;ENC;;Domestic Aviation_tmp_vehicletype;Domestic Aviation_tmp_subsectorL3;Domestic Aviation_tmp_subsectorL2;Domestic Aviation;trn_pass;VS3;1;1;1;1;1
SSP2;ENC;;Domestic Ship_tmp_vehicletype;Domestic Ship_tmp_subsectorL3;Domestic Ship_tmp_subsectorL2;Domestic Ship;trn_freight;VS3;1;1;1;1;1
SSP2;ENC;;Freight Rail_tmp_vehicletype;Freight Rail_tmp_subsectorL3;Freight Rail_tmp_subsectorL2;Freight Rail;trn_freight;VS3;1;1;1;1;1
SSP2;ENC;;HSR_tmp_vehicletype;HSR_tmp_subsectorL3;HSR_tmp_subsectorL2;HSR;trn_pass;VS3;1;1;1;1;1
SSP2;ENC;;International Aviation_tmp_vehicletype;International Aviation_tmp_subsectorL3;International Aviation_tmp_subsectorL2;International Aviation;trn_aviation_intl;VS3;1;1;1;1;1
SSP2;ENC;;International Ship_tmp_vehicletype;International Ship_tmp_subsectorL3;International Ship_tmp_subsectorL2;International Ship;trn_shipping_intl;VS3;1;1;1;1;1
SSP2;ENC;;Large Car and SUV;trn_pass_road_LDV_4W;trn_pass_road_LDV;trn_pass_road;trn_pass;VS3;1;1;1;1;1
SSP2;ENC;;Midsize Car;trn_pass_road_LDV_4W;trn_pass_road_LDV;trn_pass_road;trn_pass;VS3;0.196000000043258;0.195999999716134;0.196000001357474;0.1960000001459;0.195999999929796
SSP2;ENC;;Mini Car;trn_pass_road_LDV_4W;trn_pass_road_LDV;trn_pass_road;trn_pass;VS3;2.62000000118354e-07;2.61999999487423e-07;2.6200000070477e-07;2.61999998894604e-07;2.36000000138207e-07
SSP2;ENC;;Moped;trn_pass_road_LDV_2W;trn_pass_road_LDV;trn_pass_road;trn_pass;VS3;0.157999999917336;0.158000000500089;0.157999999988051;0.158000000021478;0.158000000182638
SSP2;ENC;;Motorcycle (50-250cc);trn_pass_road_LDV_2W;trn_pass_road_LDV;trn_pass_road;trn_pass;VS3;0.0375000000463534;0.0375000000544707;0.0375000000419026;0.0374999999861701;0.0375000000217603
SSP2;ENC;;Motorcycle (>250cc);trn_pass_road_LDV_2W;trn_pass_road_LDV;trn_pass_road;trn_pass;VS3;1;1;1;1;1
SSP2;ENC;;Passenger Rail_tmp_vehicletype;Passenger Rail_tmp_subsectorL3;Passenger Rail_tmp_subsectorL2;Passenger Rail;trn_pass;VS3;1;1;1;1;1
SSP2;ENC;;Subcompact Car;trn_pass_road_LDV_4W;trn_pass_road_LDV;trn_pass_road;trn_pass;VS3;0.218000000291634;0.217999999257351;0.218000002914788;0.218000000109361;0.195999999641214
SSP2;ENC;;Truck (0-3_5t);trn_freight_road_tmp_subsectorL3;trn_freight_road_tmp_subsectorL2;trn_freight_road;trn_freight;VS3;1;1;1;1;1
SSP2;ENC;;Truck (18t);trn_freight_road_tmp_subsectorL3;trn_freight_road_tmp_subsectorL2;trn_freight_road;trn_freight;VS3;0.100000000437713;0.100000000078175;0.1;0.100000000154157;0.0999999998242844
SSP2;ENC;;Truck (26t);trn_freight_road_tmp_subsectorL3;trn_freight_road_tmp_subsectorL2;trn_freight_road;trn_freight;VS3;0.359000001881904;0.359000000346688;0.359;0.359000000541975;0.358999999409571
SSP2;ENC;;Truck (40t);trn_freight_road_tmp_subsectorL3;trn_freight_road_tmp_subsectorL2;trn_freight_road;trn_freight;VS3;0.437000002275137;0.437000000333791;0.436999999999999;0.437000000627108;0.436999999199622
SSP2;ENC;;Truck (7_5t);trn_freight_road_tmp_subsectorL3;trn_freight_road_tmp_subsectorL2;trn_freight_road;trn_freight;VS3;0.495000002206653;0.495000000342688;0.495;0.495000000726006;0.494999999187634
SSP2;ENC;;Van;trn_pass_road_LDV_4W;trn_pass_road_LDV;trn_pass_road;trn_pass;VS3;0.00105000000228307;0.00104999999770269;0.00105000000450783;0.00105000000220508;0.00105000000041608
SSP2;ENC;;Walk_tmp_vehicletype;Walk_tmp_subsectorL3;Walk_tmp_subsectorL2;Walk;trn_pass;VS3;1;1;1;1;1
SSP2;ENC;BEV;Bus_tmp_vehicletype;Bus_tmp_subsectorL3;Bus;trn_pass_road;trn_pass;FV;0;0.215999999862185;0.469000000481012;0.723000000155906;1
SSP2;ENC;BEV;Compact Car;trn_pass_road_LDV_4W;trn_pass_road_LDV;trn_pass_road;trn_pass;FV;0.0167537296658433;0.0232804328433208;0.0414855348185319;0.097182304302537;1
SSP2;ENC;BEV;Large Car and SUV;trn_pass_road_LDV_4W;trn_pass_road_LDV;trn_pass_road;trn_pass;FV;0.0657652941395254;0.082434384589747;0.124088642837845;0.232162626162589;1
SSP2;ENC;BEV;Midsize Car;trn_pass_road_LDV_4W;trn_pass_road_LDV;trn_pass_road;trn_pass;FV;0.016981761864548;0.0234403686819004;0.0413229100713339;0.0957478670916463;1
SSP2;ENC;BEV;Mini Car;trn_pass_road_LDV_4W;trn_pass_road_LDV;trn_pass_road;trn_pass;FV;0.0100926936062012;0.015555875209803;0.0313032660830841;0.0823153109288278;1
SSP2;ENC;BEV;Moped;trn_pass_road_LDV_2W;trn_pass_road_LDV;trn_pass_road;trn_pass;FV;0;0.249999999926403;0.735294122182985;1;1
SSP2;ENC;BEV;Motorcycle (50-250cc);trn_pass_road_LDV_2W;trn_pass_road_LDV;trn_pass_road;trn_pass;FV;0;0.250000000474695;0.735294115102472;1;1
SSP2;ENC;BEV;Motorcycle (>250cc);trn_pass_road_LDV_2W;trn_pass_road_LDV;trn_pass_road;trn_pass;FV;0;0.249999999759151;0.735294118478884;1;1
SSP2;ENC;BEV;Subcompact Car;trn_pass_road_LDV_4W;trn_pass_road_LDV;trn_pass_road;trn_pass;FV;0.00937052417204521;0.0140365897115482;0.0278483060615037;0.0721485810578328;1
SSP2;ENC;BEV;Truck (0-3_5t);trn_freight_road_tmp_subsectorL3;trn_freight_road_tmp_subsectorL2;trn_freight_road;trn_freight;FV;0;0.310000000049788;0.474000000140476;0.639000000974699;0.928999999895009
SSP2;ENC;BEV;Truck (18t);trn_freight_road_tmp_subsectorL3;trn_freight_road_tmp_subsectorL2;trn_freight_road;trn_freight;FV;0;0.123000000000236;0.233000000333056;0.343000006343724;0.900999998814323
SSP2;ENC;BEV;Truck (26t);trn_freight_road_tmp_subsectorL3;trn_freight_road_tmp_subsectorL2;trn_freight_road;trn_freight;FV;0;0.122999999955586;0.232999999532874;0.343000000125064;0.901000005484151
SSP2;ENC;BEV;Truck (40t);trn_freight_road_tmp_subsectorL3;trn_freight_road_tmp_subsectorL2;trn_freight_road;trn_freight;FV;0;0.122999999974643;0.233000000627292;0.343000000783897;0.901000003821129
SSP2;ENC;BEV;Truck (7_5t);trn_freight_road_tmp_subsectorL3;trn_freight_road_tmp_subsectorL2;trn_freight_road;trn_freight;FV;0;0.310000000404108;0.473999998790908;0.639000000257404;0.928999999126588
SSP2;ENC;BEV;Van;trn_pass_road_LDV_4W;trn_pass_road_LDV;trn_pass_road;trn_pass;FV;0.0281736643382646;0.0360153759178453;0.053763504357642;0.106271081558764;1
SSP2;ENC;Cycle_tmp_technology;Cycle_tmp_vehicletype;Cycle_tmp_subsectorL3;Cycle_tmp_subsectorL2;Cycle;trn_pass;FV;1;1;1;1;1
SSP2;ENC;Electric;Freight Rail_tmp_vehicletype;Freight Rail_tmp_subsectorL3;Freight Rail_tmp_subsectorL2;Freight Rail;trn_freight;FV;1;1;1;1;1
SSP2;ENC;Electric;HSR_tmp_vehicletype;HSR_tmp_subsectorL3;HSR_tmp_subsectorL2;HSR;trn_pass;FV;1;1;1;1;1
SSP2;ENC;Electric;Passenger Rail_tmp_vehicletype;Passenger Rail_tmp_subsectorL3;Passenger Rail_tmp_subsectorL2;Passenger Rail;trn_pass;FV;1;1;1;1;1
SSP2;ENC;FCEV;Bus_tmp_vehicletype;Bus_tmp_subsectorL3;Bus;trn_pass_road;trn_pass;FV;0;0.0112000000053635;0.0346000000096386;0.0580000000224417;0.101999999917537
SSP2;ENC;FCEV;Compact Car;trn_pass_road_LDV_4W;trn_pass_road_LDV;trn_pass_road;trn_pass;FV;0.00452595028166811;0.00436051350396666;0.00470669847404755;0.005476616575962;0.00628785612780209
SSP2;ENC;FCEV;Large Car and SUV;trn_pass_road_LDV_4W;trn_pass_road_LDV;trn_pass_road;trn_pass;FV;0.0198394466082529;0.0183148230106891;0.0183740107620553;0.0205407897423912;0.0184523734723313
SSP2;ENC;FCEV;Midsize Car;trn_pass_road_LDV_4W;trn_pass_road_LDV;trn_pass_road;trn_pass;FV;0.00465255680141718;0.00450508592087896;0.00485572636369565;0.00549643156961647;0.00648813632893928
SSP2;ENC;FCEV;Mini Car;trn_pass_road_LDV_4W;trn_pass_road_LDV;trn_pass_road;trn_pass;FV;0.00225317176665366;0.0023873548010363;0.00292145399289563;0.0038705534920925;0.00441169437830569
SSP2;ENC;FCEV;Subcompact Car;trn_pass_road_LDV_4W;trn_pass_road_LDV;trn_pass_road;trn_pass;FV;0.002225421366455;0.00234571124283587;0.00284312399432441;0.00342643921015341;0.0044267050459463
SSP2;ENC;FCEV;Truck (0-3_5t);trn_freight_road_tmp_subsectorL3;trn_freight_road_tmp_subsectorL2;trn_freight_road;trn_freight;FV;0;0.0791000000091173;0.179999999973875;0.280000000313398;0.17299999984965
SSP2;ENC;FCEV;Truck (18t);trn_freight_road_tmp_subsectorL3;trn_freight_road_tmp_subsectorL2;trn_freight_road;trn_freight;FV;0;0.0292000000025194;0.0678000004662023;0.106000000518555;0.118000000028349
SSP2;ENC;FCEV;Truck (26t);trn_freight_road_tmp_subsectorL3;trn_freight_road_tmp_subsectorL2;trn_freight_road;trn_freight;FV;0;0.0291999999862748;0.0677999998565706;0.105999999958599;0.118000000092491
SSP2;ENC;FCEV;Truck (40t);trn_freight_road_tmp_subsectorL3;trn_freight_road_tmp_subsectorL2;trn_freight_road;trn_freight;FV;0;0.0291999999974219;0.067800000094276;0.105999999857572;0.118000000101474
SSP2;ENC;FCEV;Truck (7_5t);trn_freight_road_tmp_subsectorL3;trn_freight_road_tmp_subsectorL2;trn_freight_road;trn_freight;FV;0;0.0791000001395355;0.179999999581887;0.279999999941775;0.172999999069742
SSP2;ENC;FCEV;Van;trn_pass_road_LDV_4W;trn_pass_road_LDV;trn_pass_road;trn_pass;FV;0.00666017912228697;0.0060061269604341;0.00560227844407805;0.00619560363009398;0.00799909717682558
SSP2;ENC;Gases;Bus_tmp_vehicletype;Bus_tmp_subsectorL3;Bus;trn_pass_road;trn_pass;FV;0.0252999999983786;0.0391999999958869;0.0660999999842966;0.0929999999513383;0.101000000024636
SSP2;ENC;Gases;Compact Car;trn_pass_road_LDV_4W;trn_pass_road_LDV;trn_pass_road;trn_pass;FV;0.000638322128929604;0.000710157675270306;0.00104121382088302;0.00157141453812234;0.00279052403666695
SSP2;ENC;Gases;Large Car and SUV;trn_pass_road_LDV_4W;trn_pass_road_LDV;trn_pass_road;trn_pass;FV;0.00364583704670353;0.00394993194164817;0.00519695787828645;0.00715103039599809;0.00922814259199939
SSP2;ENC;Gases;Midsize Car;trn_pass_road_LDV_4W;trn_pass_road_LDV;trn_pass_road;trn_pass;FV;0.000612803794251469;0.000684292717893911;0.000988607855039425;0.00147959070601801;0.00265428471631054
SSP2;ENC;Gases;Mini Car;trn_pass_road_LDV_4W;trn_pass_road_LDV;trn_pass_road;trn_pass;FV;0.000323378048675182;0.000440583575940817;0.000763758159955693;0.00124917990354555;0.0018626617154339
SSP2;ENC;Gases;Subcompact Car;trn_pass_road_LDV_4W;trn_pass_road_LDV;trn_pass_road;trn_pass;FV;0.000323641414738022;0.000391764799390637;0.000636693671884615;0.00101434056033162;0.00192502737970204
SSP2;ENC;Gases;Truck (0-3_5t);trn_freight_road_tmp_subsectorL3;trn_freight_road_tmp_subsectorL2;trn_freight_road;trn_freight;FV;0;0.02630000000128;0.0525999999844492;0.0790000000796998;0.184000000042311
SSP2;ENC;Gases;Truck (18t);trn_freight_road_tmp_subsectorL3;trn_freight_road_tmp_subsectorL2;trn_freight_road;trn_freight;FV;0;0.0263000000030675;0.0526000002587573;0.0790000011865352;0.184000000247793
SSP2;ENC;Gases;Truck (26t);trn_freight_road_tmp_subsectorL3;trn_freight_road_tmp_subsectorL2;trn_freight_road;trn_freight;FV;0;0.0262999999896567;0.0525999998738641;0.0789999999489954;0.183999999968943
SSP2;ENC;Gases;Truck (40t);trn_freight_road_tmp_subsectorL3;trn_freight_road_tmp_subsectorL2;trn_freight_road;trn_freight;FV;0;0.0262999999911581;0.0526000000902635;0.0790000002583758;0.184000001093368
SSP2;ENC;Gases;Truck (7_5t);trn_freight_road_tmp_subsectorL3;trn_freight_road_tmp_subsectorL2;trn_freight_road;trn_freight;FV;0;0.0263000000245276;0.052600000025873;0.0789999999306688;0.183999998281781
SSP2;ENC;Gases;Van;trn_pass_road_LDV_4W;trn_pass_road_LDV;trn_pass_road;trn_pass;FV;0.00115352462247887;0.00135004362990926;0.00182350234627798;0.00244629655094481;0.00415860847441616
SSP2;ENC;Hybrid electric;Compact Car;trn_pass_road_LDV_4W;trn_pass_road_LDV;trn_pass_road;trn_pass;FV;0.0432185829157311;0.0537867767189022;0.0846112657944487;0.121670057994603;0.11956630656643
SSP2;ENC;Hybrid electric;Large Car and SUV;trn_pass_road_LDV_4W;trn_pass_road_LDV;trn_pass_road;trn_pass;FV;0.131852497499608;0.150281575140978;0.204502791499172;0.264087423236907;0.215921510625377
SSP2;ENC;Hybrid electric;Midsize Car;trn_pass_road_LDV_4W;trn_pass_road_LDV;trn_pass_road;trn_pass;FV;0.0451338800005655;0.055570751257042;0.0860523992191913;0.122473625158905;0.123402624544742
SSP2;ENC;Hybrid electric;Mini Car;trn_pass_road_LDV_4W;trn_pass_road_LDV;trn_pass_road;trn_pass;FV;0.0266992636301722;0.036660562108807;0.0650684320718843;0.102600111439122;0.0966178653609505
SSP2;ENC;Hybrid electric;Subcompact Car;trn_pass_road_LDV_4W;trn_pass_road_LDV;trn_pass_road;trn_pass;FV;0.0267575728680143;0.0355948283680823;0.0615031464428739;0.0944801275804435;0.0979737784831398
SSP2;ENC;Hybrid electric;Van;trn_pass_road_LDV_4W;trn_pass_road_LDV;trn_pass_road;trn_pass;FV;0.0679532572797393;0.0748605172411188;0.0965439551732608;0.120720671882803;0.139036690560351
SSP2;ENC;Hydrogen;Domestic Aviation_tmp_vehicletype;Domestic Aviation_tmp_subsectorL3;Domestic Aviation_tmp_subsectorL2;Domestic Aviation;trn_pass;FV;0;8.32e-07;2.30999999999987e-05;4.53999999999585e-05;0.118999999991447
SSP2;ENC;Liquids;Bus_tmp_vehicletype;Bus_tmp_subsectorL3;Bus;trn_pass_road;trn_pass;FV;1;1;1;1;0.542999999824493
SSP2;ENC;Liquids;Compact Car;trn_pass_road_LDV_4W;trn_pass_road_LDV;trn_pass_road;trn_pass;FV;1;1;1;1;0.50856771937063
SSP2;ENC;Liquids;Domestic Aviation_tmp_vehicletype;Domestic Aviation_tmp_subsectorL3;Domestic Aviation_tmp_subsectorL2;Domestic Aviation;trn_pass;FV;1;1;1;1;1
SSP2;ENC;Liquids;Domestic Ship_tmp_vehicletype;Domestic Ship_tmp_subsectorL3;Domestic Ship_tmp_subsectorL2;Domestic Ship;trn_freight;FV;1;1;1;1;1
SSP2;ENC;Liquids;Freight Rail_tmp_vehicletype;Freight Rail_tmp_subsectorL3;Freight Rail_tmp_subsectorL2;Freight Rail;trn_freight;FV;0.134000000122657;0.134000000156109;0.134000000024609;0.133999999981751;0.13399999996023
SSP2;ENC;Liquids;International Aviation_tmp_vehicletype;International Aviation_tmp_subsectorL3;International Aviation_tmp_subsectorL2;International Aviation;trn_aviation_intl;FV;1;1;1;1;1
SSP2;ENC;Liquids;International Ship_tmp_vehicletype;International Ship_tmp_subsectorL3;International Ship_tmp_subsectorL2;International Ship;trn_shipping_intl;FV;1;1;1;1;1
SSP2;ENC;Liquids;Large Car and SUV;trn_pass_road_LDV_4W;trn_pass_road_LDV;trn_pass_road;trn_pass;FV;1;1;1;1;0.497548385189316
SSP2;ENC;Liquids;Midsize Car;trn_pass_road_LDV_4W;trn_pass_road_LDV;trn_pass_road;trn_pass;FV;1;1;1;1;0.527486847757899
SSP2;ENC;Liquids;Mini Car;trn_pass_road_LDV_4W;trn_pass_road_LDV;trn_pass_road;trn_pass;FV;1;1;1;1;0.401268416656392
SSP2;ENC;Liquids;Moped;trn_pass_road_LDV_2W;trn_pass_road_LDV;trn_pass_road;trn_pass;FV;1;1;1;0.699999996070224;0.100000000000238
SSP2;ENC;Liquids;Motorcycle (50-250cc);trn_pass_road_LDV_2W;trn_pass_road_LDV;trn_pass_road;trn_pass;FV;1;1;1;0.699999999780681;0.100000000001202
SSP2;ENC;Liquids;Motorcycle (>250cc);trn_pass_road_LDV_2W;trn_pass_road_LDV;trn_pass_road;trn_pass;FV;1;1;1;0.700000000095434;0.0999999999501285
SSP2;ENC;Liquids;Passenger Rail_tmp_vehicletype;Passenger Rail_tmp_subsectorL3;Passenger Rail_tmp_subsectorL2;Passenger Rail;trn_pass;FV;0.125999999799923;0.125999999990707;0.125999999914976;0.125999999581572;0.125999999969549
SSP2;ENC;Liquids;Subcompact Car;trn_pass_road_LDV_4W;trn_pass_road_LDV;trn_pass_road;trn_pass;FV;1;1;1;1;0.474831803677116
SSP2;ENC;Liquids;Truck (0-3_5t);trn_freight_road_tmp_subsectorL3;trn_freight_road_tmp_subsectorL2;trn_freight_road;trn_freight;FV;1;1;1;1;1
SSP2;ENC;Liquids;Truck (18t);trn_freight_road_tmp_subsectorL3;trn_freight_road_tmp_subsectorL2;trn_freight_road;trn_freight;FV;1;1;1;1;1
SSP2;ENC;Liquids;Truck (26t);trn_freight_road_tmp_subsectorL3;trn_freight_road_tmp_subsectorL2;trn_freight_road;trn_freight;FV;1;1;1;1;1
SSP2;ENC;Liquids;Truck (40t);trn_freight_road_tmp_subsectorL3;trn_freight_road_tmp_subsectorL2;trn_freight_road;trn_freight;FV;1;1;1;1;1
SSP2;ENC;Liquids;Truck (7_5t);trn_freight_road_tmp_subsectorL3;trn_freight_road_tmp_subsectorL2;trn_freight_road;trn_freight;FV;1;1;1;1;1
SSP2;ENC;Liquids;Van;trn_pass_road_LDV_4W;trn_pass_road_LDV;trn_pass_road;trn_pass;FV;1;1;1;1;0.721076045454575
SSP2;ENC;Walk_tmp_technology;Walk_tmp_vehicletype;Walk_tmp_subsectorL3;Walk_tmp_subsectorL2;Walk;trn_pass;FV;1;1;1;1;1
SSP2;ESC;;;;;Cycle;trn_pass;S1S;0.0193999999999404;0.0217999999996806;0.032800000000267;0.0437000000066511;0.164000000001975
SSP2;ESC;;;;;Domestic Aviation;trn_pass;S1S;0.000129000000000001;8.99999999984324e-05;8.50000000006319e-05;8.00000000122724e-05;7.00000000007689e-05
SSP2;ESC;;;;;Domestic Ship;trn_freight;S1S;0.0121000000004772;0.0120999999878131;0.0121000000042896;0.0120999999980469;0.0120999999996849
SSP2;ESC;;;;;Freight Rail;trn_freight;S1S;0.00409000000108098;0.00408999999951462;0.00389000000022661;0.00368000000001217;0.00613999999954945
SSP2;ESC;;;;;HSR;trn_pass;S1S;0.000660999999998003;0.000185999999996894;0.000279000000001717;0.000372000000055352;0.000620000000007225
SSP2;ESC;;;;;International Aviation;trn_aviation_intl;S1S;1;1;1;1;1
SSP2;ESC;;;;;International Ship;trn_shipping_intl;S1S;1;1;1;1;1
SSP2;ESC;;;;;Passenger Rail;trn_pass;S1S;0.00319000000003162;0.00269999999996157;0.00297000000002174;0.00324000000047967;0.00809000000009534
SSP2;ESC;;;;;Walk;trn_pass;S1S;1;1;1;1;1
SSP2;ESC;;;;;trn_freight_road;trn_freight;S1S;1;1;1;1;1
SSP2;ESC;;;;;trn_pass_road;trn_pass;S1S;0.180000000000816;0.100999999998299;0.0955000000005167;0.0900000000141808;0.0900000000010972
SSP2;ESC;;;;Bus;trn_pass_road;trn_pass;S2S1;0.0670999999999999;0.0671;0.0700952380952381;0.0727272727272728;0.08
SSP2;ESC;;;;Cycle_tmp_subsectorL2;Cycle;trn_pass;S2S1;1;1;1;1;1
SSP2;ESC;;;;Domestic Aviation_tmp_subsectorL2;Domestic Aviation;trn_pass;S2S1;1;1;1;1;1
SSP2;ESC;;;;Domestic Ship_tmp_subsectorL2;Domestic Ship;trn_freight;S2S1;1;1;1;1;1
SSP2;ESC;;;;Freight Rail_tmp_subsectorL2;Freight Rail;trn_freight;S2S1;1;1;1;1;1
SSP2;ESC;;;;HSR_tmp_subsectorL2;HSR;trn_pass;S2S1;1;1;1;1;1
SSP2;ESC;;;;International Aviation_tmp_subsectorL2;International Aviation;trn_aviation_intl;S2S1;1;1;1;1;1
SSP2;ESC;;;;International Ship_tmp_subsectorL2;International Ship;trn_shipping_intl;S2S1;1;1;1;1;1
SSP2;ESC;;;;Passenger Rail_tmp_subsectorL2;Passenger Rail;trn_pass;S2S1;1;1;1;1;1
SSP2;ESC;;;;Walk_tmp_subsectorL2;Walk;trn_pass;S2S1;1;1;1;1;1
SSP2;ESC;;;;trn_freight_road_tmp_subsectorL2;trn_freight_road;trn_freight;S2S1;1;1;1;1;1
SSP2;ESC;;;;trn_pass_road_LDV;trn_pass_road;trn_pass;S2S1;1;1;1;1;1
SSP2;ESC;;;Bus_tmp_subsectorL3;Bus;trn_pass_road;trn_pass;S3S2;1;1;1;1;1
SSP2;ESC;;;Cycle_tmp_subsectorL3;Cycle_tmp_subsectorL2;Cycle;trn_pass;S3S2;1;1;1;1;1
SSP2;ESC;;;Domestic Aviation_tmp_subsectorL3;Domestic Aviation_tmp_subsectorL2;Domestic Aviation;trn_pass;S3S2;1;1;1;1;1
SSP2;ESC;;;Domestic Ship_tmp_subsectorL3;Domestic Ship_tmp_subsectorL2;Domestic Ship;trn_freight;S3S2;1;1;1;1;1
SSP2;ESC;;;Freight Rail_tmp_subsectorL3;Freight Rail_tmp_subsectorL2;Freight Rail;trn_freight;S3S2;1;1;1;1;1
SSP2;ESC;;;HSR_tmp_subsectorL3;HSR_tmp_subsectorL2;HSR;trn_pass;S3S2;1;1;1;1;1
SSP2;ESC;;;International Aviation_tmp_subsectorL3;International Aviation_tmp_subsectorL2;International Aviation;trn_aviation_intl;S3S2;1;1;1;1;1
SSP2;ESC;;;International Ship_tmp_subsectorL3;International Ship_tmp_subsectorL2;International Ship;trn_shipping_intl;S3S2;1;1;1;1;1
SSP2;ESC;;;Passenger Rail_tmp_subsectorL3;Passenger Rail_tmp_subsectorL2;Passenger Rail;trn_pass;S3S2;1;1;1;1;1
SSP2;ESC;;;Walk_tmp_subsectorL3;Walk_tmp_subsectorL2;Walk;trn_pass;S3S2;1;1;1;1;1
SSP2;ESC;;;trn_freight_road_tmp_subsectorL3;trn_freight_road_tmp_subsectorL2;trn_freight_road;trn_freight;S3S2;1;1;1;1;1
SSP2;ESC;;;trn_pass_road_LDV_2W;trn_pass_road_LDV;trn_pass_road;trn_pass;S3S2;0.399999998978389;0.399999997834753;0.399999998009717;0.399999999462832;0.399999992638437
SSP2;ESC;;;trn_pass_road_LDV_4W;trn_pass_road_LDV;trn_pass_road;trn_pass;S3S2;1;1;1;1;1
SSP2;ESC;;Bus_tmp_vehicletype;Bus_tmp_subsectorL3;Bus;trn_pass_road;trn_pass;VS3;1;1;1;1;1
SSP2;ESC;;Compact Car;trn_pass_road_LDV_4W;trn_pass_road_LDV;trn_pass_road;trn_pass;VS3;0.394000000017618;0.393999999900937;0.39400000043381;0.39400000158561;0.394000000300464
SSP2;ESC;;Cycle_tmp_vehicletype;Cycle_tmp_subsectorL3;Cycle_tmp_subsectorL2;Cycle;trn_pass;VS3;1;1;1;1;1
SSP2;ESC;;Domestic Aviation_tmp_vehicletype;Domestic Aviation_tmp_subsectorL3;Domestic Aviation_tmp_subsectorL2;Domestic Aviation;trn_pass;VS3;1;1;1;1;1
SSP2;ESC;;Domestic Ship_tmp_vehicletype;Domestic Ship_tmp_subsectorL3;Domestic Ship_tmp_subsectorL2;Domestic Ship;trn_freight;VS3;1;1;1;1;1
SSP2;ESC;;Freight Rail_tmp_vehicletype;Freight Rail_tmp_subsectorL3;Freight Rail_tmp_subsectorL2;Freight Rail;trn_freight;VS3;1;1;1;1;1
SSP2;ESC;;HSR_tmp_vehicletype;HSR_tmp_subsectorL3;HSR_tmp_subsectorL2;HSR;trn_pass;VS3;1;1;1;1;1
SSP2;ESC;;International Aviation_tmp_vehicletype;International Aviation_tmp_subsectorL3;International Aviation_tmp_subsectorL2;International Aviation;trn_aviation_intl;VS3;1;1;1;1;1
SSP2;ESC;;International Ship_tmp_vehicletype;International Ship_tmp_subsectorL3;International Ship_tmp_subsectorL2;International Ship;trn_shipping_intl;VS3;1;1;1;1;1
SSP2;ESC;;Large Car and SUV;trn_pass_road_LDV_4W;trn_pass_road_LDV;trn_pass_road;trn_pass;VS3;0.870999998640434;0.784000000557438;0.828000000987659;0.871000003239178;0.871000000724783
SSP2;ESC;;Midsize Car;trn_pass_road_LDV_4W;trn_pass_road_LDV;trn_pass_road;trn_pass;VS3;0.231999999986274;0.208999999875244;0.22100000006719;0.232000001136312;0.231999999883715
SSP2;ESC;;Moped;trn_pass_road_LDV_2W;trn_pass_road_LDV;trn_pass_road;trn_pass;VS3;0.101000000065476;0.100999999898769;0.101000000064363;0.100999999898561;0.100999999945057
SSP2;ESC;;Motorcycle (50-250cc);trn_pass_road_LDV_2W;trn_pass_road_LDV;trn_pass_road;trn_pass;VS3;0.063799999986587;0.0637999999330877;0.0638000001535752;0.063799999962186;0.0638000000025212
SSP2;ESC;;Motorcycle (>250cc);trn_pass_road_LDV_2W;trn_pass_road_LDV;trn_pass_road;trn_pass;VS3;1;1;1;1;1
SSP2;ESC;;Passenger Rail_tmp_vehicletype;Passenger Rail_tmp_subsectorL3;Passenger Rail_tmp_subsectorL2;Passenger Rail;trn_pass;VS3;1;1;1;1;1
SSP2;ESC;;Subcompact Car;trn_pass_road_LDV_4W;trn_pass_road_LDV;trn_pass_road;trn_pass;VS3;1;1;1;1;1
SSP2;ESC;;Truck (0-3_5t);trn_freight_road_tmp_subsectorL3;trn_freight_road_tmp_subsectorL2;trn_freight_road;trn_freight;VS3;0.925000005315103;0.924999999748894;0.925000009492868;0.925;0.924999997936284
SSP2;ESC;;Truck (18t);trn_freight_road_tmp_subsectorL3;trn_freight_road_tmp_subsectorL2;trn_freight_road;trn_freight;VS3;0.0793999999619106;0.0794000000188874;0.0793999999622617;0.0794;0.0794000000062281
SSP2;ESC;;Truck (26t);trn_freight_road_tmp_subsectorL3;trn_freight_road_tmp_subsectorL2;trn_freight_road;trn_freight;VS3;0.222999999902873;0.222999999942256;0.222999999404248;0.223;0.222999999990008
SSP2;ESC;;Truck (40t);trn_freight_road_tmp_subsectorL3;trn_freight_road_tmp_subsectorL2;trn_freight_road;trn_freight;VS3;0.216999999800812;0.216999999838981;0.21700000008162;0.217;0.217000000037968
SSP2;ESC;;Truck (7_5t);trn_freight_road_tmp_subsectorL3;trn_freight_road_tmp_subsectorL2;trn_freight_road;trn_freight;VS3;1;1;1;1;1
SSP2;ESC;;Walk_tmp_vehicletype;Walk_tmp_subsectorL3;Walk_tmp_subsectorL2;Walk;trn_pass;VS3;1;1;1;1;1
SSP2;ESC;BEV;Bus_tmp_vehicletype;Bus_tmp_subsectorL3;Bus;trn_pass_road;trn_pass;FV;0;0.136000000000155;0.259000001534527;0.382000000093508;0.845000000143746
SSP2;ESC;BEV;Compact Car;trn_pass_road_LDV_4W;trn_pass_road_LDV;trn_pass_road;trn_pass;FV;0.0143059686659322;0.0201275922852846;0.0284100053666276;0.0499665896136777;1
SSP2;ESC;BEV;Large Car and SUV;trn_pass_road_LDV_4W;trn_pass_road_LDV;trn_pass_road;trn_pass;FV;0.0569625463194607;0.0712428805731927;0.088910734673932;0.133511694328391;1
SSP2;ESC;BEV;Midsize Car;trn_pass_road_LDV_4W;trn_pass_road_LDV;trn_pass_road;trn_pass;FV;0.0146098051819017;0.0204116595143592;0.0284034529645075;0.0493478828551468;1
SSP2;ESC;BEV;Moped;trn_pass_road_LDV_2W;trn_pass_road_LDV;trn_pass_road;trn_pass;FV;0;0.250000000044227;0.735294116714269;1;1
SSP2;ESC;BEV;Motorcycle (50-250cc);trn_pass_road_LDV_2W;trn_pass_road_LDV;trn_pass_road;trn_pass;FV;0;0.250000000379315;0.735294118895264;1;1
SSP2;ESC;BEV;Motorcycle (>250cc);trn_pass_road_LDV_2W;trn_pass_road_LDV;trn_pass_road;trn_pass;FV;0;0.250000000678882;0.735294119238543;1;1
SSP2;ESC;BEV;Subcompact Car;trn_pass_road_LDV_4W;trn_pass_road_LDV;trn_pass_road;trn_pass;FV;0.00730504016769591;0.0100335351742173;0.0136570970833258;0.0236897939477134;0.956680077316212
SSP2;ESC;BEV;Truck (0-3_5t);trn_freight_road_tmp_subsectorL3;trn_freight_road_tmp_subsectorL2;trn_freight_road;trn_freight;FV;0;0.282000000141467;0.406999998995049;0.531999995738682;0.77400000221426
SSP2;ESC;BEV;Truck (18t);trn_freight_road_tmp_subsectorL3;trn_freight_road_tmp_subsectorL2;trn_freight_road;trn_freight;FV;0;0.112000000009262;0.198999999717975;0.286000000328406;0.750999999360923
SSP2;ESC;BEV;Truck (26t);trn_freight_road_tmp_subsectorL3;trn_freight_road_tmp_subsectorL2;trn_freight_road;trn_freight;FV;0;0.112000000010842;0.19900000374895;0.286000001502829;0.750999999236868
SSP2;ESC;BEV;Truck (40t);trn_freight_road_tmp_subsectorL3;trn_freight_road_tmp_subsectorL2;trn_freight_road;trn_freight;FV;0;0.112000000008622;0.198999999996693;0.285999999716341;0.751000003652286
SSP2;ESC;BEV;Truck (7_5t);trn_freight_road_tmp_subsectorL3;trn_freight_road_tmp_subsectorL2;trn_freight_road;trn_freight;FV;0;0.282000000103758;0.406999999330903;0.531999999546031;0.774000004977838
SSP2;ESC;Cycle_tmp_technology;Cycle_tmp_vehicletype;Cycle_tmp_subsectorL3;Cycle_tmp_subsectorL2;Cycle;trn_pass;FV;1;1;1;1;1
SSP2;ESC;Electric;Freight Rail_tmp_vehicletype;Freight Rail_tmp_subsectorL3;Freight Rail_tmp_subsectorL2;Freight Rail;trn_freight;FV;1;1;1;1;1
SSP2;ESC;Electric;HSR_tmp_vehicletype;HSR_tmp_subsectorL3;HSR_tmp_subsectorL2;HSR;trn_pass;FV;1;1;1;1;1
SSP2;ESC;Electric;Passenger Rail_tmp_vehicletype;Passenger Rail_tmp_subsectorL3;Passenger Rail_tmp_subsectorL2;Passenger Rail;trn_pass;FV;1;1;1;1;1
SSP2;ESC;FCEV;Bus_tmp_vehicletype;Bus_tmp_subsectorL3;Bus;trn_pass_road;trn_pass;FV;0;0.0111999999933204;0.0375000001227301;0.0638000002462477;0.0788000003158893
SSP2;ESC;FCEV;Compact Car;trn_pass_road_LDV_4W;trn_pass_road_LDV;trn_pass_road;trn_pass;FV;0.00326423091347131;0.00375866644465984;0.00449801094913236;0.00473055245516009;0.00693076743268929
SSP2;ESC;FCEV;Large Car and SUV;trn_pass_road_LDV_4W;trn_pass_road_LDV;trn_pass_road;trn_pass;FV;0.0148488009097872;0.015869734611347;0.0166840628393347;0.0172912794056869;0.0190466136712916
SSP2;ESC;FCEV;Midsize Car;trn_pass_road_LDV_4W;trn_pass_road_LDV;trn_pass_road;trn_pass;FV;0.00335470168814811;0.00386838647280709;0.00466403193557998;0.00473198643868665;0.00721422328825307
SSP2;ESC;FCEV;Subcompact Car;trn_pass_road_LDV_4W;trn_pass_road_LDV;trn_pass_road;trn_pass;FV;0.00140983493680701;0.00158383081243763;0.00181254217489129;0.00193750848855157;0.00421885709737754
SSP2;ESC;FCEV;Truck (0-3_5t);trn_freight_road_tmp_subsectorL3;trn_freight_road_tmp_subsectorL2;trn_freight_road;trn_freight;FV;0;0.0791000000084207;0.0676000001240501;0.0560999997774889;0.144000000219914
SSP2;ESC;FCEV;Truck (18t);trn_freight_road_tmp_subsectorL3;trn_freight_road_tmp_subsectorL2;trn_freight_road;trn_freight;FV;0;0.0292000000004049;0.0252999999595862;0.0212999999890272;0.0984999999572407
SSP2;ESC;FCEV;Truck (26t);trn_freight_road_tmp_subsectorL3;trn_freight_road_tmp_subsectorL2;trn_freight_road;trn_freight;FV;0;0.0291999999962787;0.0252999996448294;0.0213000000515887;0.0984999998906508
SSP2;ESC;FCEV;Truck (40t);trn_freight_road_tmp_subsectorL3;trn_freight_road_tmp_subsectorL2;trn_freight_road;trn_freight;FV;0;0.0292000000035986;0.0252999999755233;0.021300000053957;0.0985000001500096
SSP2;ESC;FCEV;Truck (7_5t);trn_freight_road_tmp_subsectorL3;trn_freight_road_tmp_subsectorL2;trn_freight_road;trn_freight;FV;0;0.079099999993857;0.0676000000041874;0.0561000000028148;0.144000000097214
SSP2;ESC;Gases;Bus_tmp_vehicletype;Bus_tmp_subsectorL3;Bus;trn_pass_road;trn_pass;FV;0.0274000000009691;0.0407999999692298;0.0725000004610708;0.104000000540185;0.172000000025073
SSP2;ESC;Gases;Compact Car;trn_pass_road_LDV_4W;trn_pass_road_LDV;trn_pass_road;trn_pass;FV;0.000386224300596168;0.000506991790418792;0.000677093477495985;0.00104747296053231;0.00175773274060736
SSP2;ESC;Gases;Large Car and SUV;trn_pass_road_LDV_4W;trn_pass_road_LDV;trn_pass_road;trn_pass;FV;0.00253355242857035;0.00304849707532198;0.00361498036675821;0.00494326133909972;0.00610891676486858
SSP2;ESC;Gases;Midsize Car;trn_pass_road_LDV_4W;trn_pass_road_LDV;trn_pass_road;trn_pass;FV;0.000391911659309862;0.000507844052933276;0.000668657036021196;0.00102126925540947;0.00174296734508674
SSP2;ESC;Gases;Subcompact Car;trn_pass_road_LDV_4W;trn_pass_road_LDV;trn_pass_road;trn_pass;FV;0.000184782387531798;0.000248111106329127;0.000326348733567848;0.000492712230445943;0.00126825772458146
SSP2;ESC;Gases;Truck (0-3_5t);trn_freight_road_tmp_subsectorL3;trn_freight_road_tmp_subsectorL2;trn_freight_road;trn_freight;FV;0;0.0263000000121757;0.0526000000342046;0.0789999993940189;0.15300000032276
SSP2;ESC;Gases;Truck (18t);trn_freight_road_tmp_subsectorL3;trn_freight_road_tmp_subsectorL2;trn_freight_road;trn_freight;FV;0;0.0262999999988262;0.0525999999487233;0.0790000000017212;0.152999999681661
SSP2;ESC;Gases;Truck (26t);trn_freight_road_tmp_subsectorL3;trn_freight_road_tmp_subsectorL2;trn_freight_road;trn_freight;FV;0;0.0263000000121789;0.0526000000836698;0.0790000001637089;0.152999999475357
SSP2;ESC;Gases;Truck (40t);trn_freight_road_tmp_subsectorL3;trn_freight_road_tmp_subsectorL2;trn_freight_road;trn_freight;FV;0;0.0263000000051174;0.0526000000121276;0.0790000002432003;0.153000000034238
SSP2;ESC;Gases;Truck (7_5t);trn_freight_road_tmp_subsectorL3;trn_freight_road_tmp_subsectorL2;trn_freight_road;trn_freight;FV;0;0.026299999998915;0.0526000000381285;0.0790000000532415;0.153000000215541
SSP2;ESC;Hybrid electric;Compact Car;trn_pass_road_LDV_4W;trn_pass_road_LDV;trn_pass_road;trn_pass;FV;0.0346658959602989;0.0529581915735693;0.0779954489743861;0.108672218126316;0.127695390170128
SSP2;ESC;Hybrid electric;Large Car and SUV;trn_pass_road_LDV_4W;trn_pass_road_LDV;trn_pass_road;trn_pass;FV;0.110494528032603;0.144292496640074;0.185031007345743;0.230841922140207;0.219881739929581
SSP2;ESC;Hybrid electric;Midsize Car;trn_pass_road_LDV_4W;trn_pass_road_LDV;trn_pass_road;trn_pass;FV;0.0362577607264545;0.0549135609208482;0.079355609572724;0.109302711672406;0.132306848400654
SSP2;ESC;Hybrid electric;Subcompact Car;trn_pass_road_LDV_4W;trn_pass_road_LDV;trn_pass_road;trn_pass;FV;0.0182716787470797;0.0275519021942438;0.0394429354498587;0.0531336385988524;0.0888632324655364
SSP2;ESC;Hydrogen;Domestic Aviation_tmp_vehicletype;Domestic Aviation_tmp_subsectorL3;Domestic Aviation_tmp_subsectorL2;Domestic Aviation;trn_pass;FV;0;8.31999999999998e-07;2.30999999999989e-05;4.54000000000141e-05;0.118999999318028
SSP2;ESC;Liquids;Bus_tmp_vehicletype;Bus_tmp_subsectorL3;Bus;trn_pass_road;trn_pass;FV;1;1;1;1;1
SSP2;ESC;Liquids;Compact Car;trn_pass_road_LDV_4W;trn_pass_road_LDV;trn_pass_road;trn_pass;FV;1;1;1;1;0.632334269505458
SSP2;ESC;Liquids;Domestic Aviation_tmp_vehicletype;Domestic Aviation_tmp_subsectorL3;Domestic Aviation_tmp_subsectorL2;Domestic Aviation;trn_pass;FV;1;1;1;1;1
SSP2;ESC;Liquids;Domestic Ship_tmp_vehicletype;Domestic Ship_tmp_subsectorL3;Domestic Ship_tmp_subsectorL2;Domestic Ship;trn_freight;FV;1;1;1;1;1
SSP2;ESC;Liquids;Freight Rail_tmp_vehicletype;Freight Rail_tmp_subsectorL3;Freight Rail_tmp_subsectorL2;Freight Rail;trn_freight;FV;0.124000000144788;0.1239999999041;0.123999999963257;0.124000000036287;0.123999999917074
SSP2;ESC;Liquids;International Aviation_tmp_vehicletype;International Aviation_tmp_subsectorL3;International Aviation_tmp_subsectorL2;International Aviation;trn_aviation_intl;FV;1;1;1;1;1
SSP2;ESC;Liquids;International Ship_tmp_vehicletype;International Ship_tmp_subsectorL3;International Ship_tmp_subsectorL2;International Ship;trn_shipping_intl;FV;1;1;1;1;1
SSP2;ESC;Liquids;Large Car and SUV;trn_pass_road_LDV_4W;trn_pass_road_LDV;trn_pass_road;trn_pass;FV;1;1;1;1;0.627446354378741
SSP2;ESC;Liquids;Midsize Car;trn_pass_road_LDV_4W;trn_pass_road_LDV;trn_pass_road;trn_pass;FV;1;1;1;1;0.662279503267971
SSP2;ESC;Liquids;Moped;trn_pass_road_LDV_2W;trn_pass_road_LDV;trn_pass_road;trn_pass;FV;1;1;1;0.700000000506545;0.0999999999740343
SSP2;ESC;Liquids;Motorcycle (50-250cc);trn_pass_road_LDV_2W;trn_pass_road_LDV;trn_pass_road;trn_pass;FV;1;1;1;0.700000001248652;0.100000000067193
SSP2;ESC;Liquids;Motorcycle (>250cc);trn_pass_road_LDV_2W;trn_pass_road_LDV;trn_pass_road;trn_pass;FV;1;1;1;0.699999998449147;0.0999999999938292
SSP2;ESC;Liquids;Passenger Rail_tmp_vehicletype;Passenger Rail_tmp_subsectorL3;Passenger Rail_tmp_subsectorL2;Passenger Rail;trn_pass;FV;0.0699999999815244;0.0699999999816203;0.0700000000157162;0.0700000000092564;0.0700000000047246
SSP2;ESC;Liquids;Subcompact Car;trn_pass_road_LDV_4W;trn_pass_road_LDV;trn_pass_road;trn_pass;FV;1;1;1;1;1
SSP2;ESC;Liquids;Truck (0-3_5t);trn_freight_road_tmp_subsectorL3;trn_freight_road_tmp_subsectorL2;trn_freight_road;trn_freight;FV;1;1;1;1;1
SSP2;ESC;Liquids;Truck (18t);trn_freight_road_tmp_subsectorL3;trn_freight_road_tmp_subsectorL2;trn_freight_road;trn_freight;FV;1;1;1;1;1
SSP2;ESC;Liquids;Truck (26t);trn_freight_road_tmp_subsectorL3;trn_freight_road_tmp_subsectorL2;trn_freight_road;trn_freight;FV;1;1;1;1;1
SSP2;ESC;Liquids;Truck (40t);trn_freight_road_tmp_subsectorL3;trn_freight_road_tmp_subsectorL2;trn_freight_road;trn_freight;FV;1;1;1;1;1
SSP2;ESC;Liquids;Truck (7_5t);trn_freight_road_tmp_subsectorL3;trn_freight_road_tmp_subsectorL2;trn_freight_road;trn_freight;FV;1;1;1;1;1
SSP2;ESC;Walk_tmp_technology;Walk_tmp_vehicletype;Walk_tmp_subsectorL3;Walk_tmp_subsectorL2;Walk;trn_pass;FV;1;1;1;1;1
SSP2;ESW;;;;;Cycle;trn_pass;S1S;0.0193999999988633;0.0280000000050018;0.0431000000010157;0.0582999999991445;0.101999999996168
SSP2;ESW;;;;;Domestic Aviation;trn_pass;S1S;0.00068499999995802;0.000685000000118896;0.000411000000010795;0.000136999999997896;3.20999999987973e-05
SSP2;ESW;;;;;Domestic Ship;trn_freight;S1S;0.00612999999913611;0.00613000000110463;0.0061299999992274;0.00612999999820626;0.00613000000095923
SSP2;ESW;;;;;Freight Rail;trn_freight;S1S;0.0141999999964416;0.0142000000061506;0.0135000000042168;0.0127999999826358;0.0212999999938871
SSP2;ESW;;;;;HSR;trn_pass;S1S;0.000957999999942738;0.000958000000175183;0.000766000000018663;0.0005749999999881;0.000358999999986537
SSP2;ESW;;;;;International Aviation;trn_aviation_intl;S1S;1;1;1;1;1
SSP2;ESW;;;;;International Ship;trn_shipping_intl;S1S;1;1;1;1;1
SSP2;ESW;;;;;Passenger Rail;trn_pass;S1S;0.00361999999976703;0.0036200000006156;0.00507000000012347;0.00651999999990901;0.00406999999984537
SSP2;ESW;;;;;Walk;trn_pass;S1S;1;1;1;1;1
SSP2;ESW;;;;;trn_freight_road;trn_freight;S1S;1;1;1;1;1
SSP2;ESW;;;;;trn_pass_road;trn_pass;S1S;0.138999999992361;0.111000000019887;0.10000000000265;0.0899999999976558;0.0499999999980948
SSP2;ESW;;;;Bus;trn_pass_road;trn_pass;S2S1;0.0577000000000002;0.0577;0.0656190476190475;0.0727272727272728;0.0599999999999998
SSP2;ESW;;;;Cycle_tmp_subsectorL2;Cycle;trn_pass;S2S1;1;1;1;1;1
SSP2;ESW;;;;Domestic Aviation_tmp_subsectorL2;Domestic Aviation;trn_pass;S2S1;1;1;1;1;1
SSP2;ESW;;;;Domestic Ship_tmp_subsectorL2;Domestic Ship;trn_freight;S2S1;1;1;1;1;1
SSP2;ESW;;;;Freight Rail_tmp_subsectorL2;Freight Rail;trn_freight;S2S1;1;1;1;1;1
SSP2;ESW;;;;HSR_tmp_subsectorL2;HSR;trn_pass;S2S1;1;1;1;1;1
SSP2;ESW;;;;International Aviation_tmp_subsectorL2;International Aviation;trn_aviation_intl;S2S1;1;1;1;1;1
SSP2;ESW;;;;International Ship_tmp_subsectorL2;International Ship;trn_shipping_intl;S2S1;1;1;1;1;1
SSP2;ESW;;;;Passenger Rail_tmp_subsectorL2;Passenger Rail;trn_pass;S2S1;1;1;1;1;1
SSP2;ESW;;;;Walk_tmp_subsectorL2;Walk;trn_pass;S2S1;1;1;1;1;1
SSP2;ESW;;;;trn_freight_road_tmp_subsectorL2;trn_freight_road;trn_freight;S2S1;1;1;1;1;1
SSP2;ESW;;;;trn_pass_road_LDV;trn_pass_road;trn_pass;S2S1;1;1;1;1;1
SSP2;ESW;;;Bus_tmp_subsectorL3;Bus;trn_pass_road;trn_pass;S3S2;1;1;1;1;1
SSP2;ESW;;;Cycle_tmp_subsectorL3;Cycle_tmp_subsectorL2;Cycle;trn_pass;S3S2;1;1;1;1;1
SSP2;ESW;;;Domestic Aviation_tmp_subsectorL3;Domestic Aviation_tmp_subsectorL2;Domestic Aviation;trn_pass;S3S2;1;1;1;1;1
SSP2;ESW;;;Domestic Ship_tmp_subsectorL3;Domestic Ship_tmp_subsectorL2;Domestic Ship;trn_freight;S3S2;1;1;1;1;1
SSP2;ESW;;;Freight Rail_tmp_subsectorL3;Freight Rail_tmp_subsectorL2;Freight Rail;trn_freight;S3S2;1;1;1;1;1
SSP2;ESW;;;HSR_tmp_subsectorL3;HSR_tmp_subsectorL2;HSR;trn_pass;S3S2;1;1;1;1;1
SSP2;ESW;;;International Aviation_tmp_subsectorL3;International Aviation_tmp_subsectorL2;International Aviation;trn_aviation_intl;S3S2;1;1;1;1;1
SSP2;ESW;;;International Ship_tmp_subsectorL3;International Ship_tmp_subsectorL2;International Ship;trn_shipping_intl;S3S2;1;1;1;1;1
SSP2;ESW;;;Passenger Rail_tmp_subsectorL3;Passenger Rail_tmp_subsectorL2;Passenger Rail;trn_pass;S3S2;1;1;1;1;1
SSP2;ESW;;;Walk_tmp_subsectorL3;Walk_tmp_subsectorL2;Walk;trn_pass;S3S2;1;1;1;1;1
SSP2;ESW;;;trn_freight_road_tmp_subsectorL3;trn_freight_road_tmp_subsectorL2;trn_freight_road;trn_freight;S3S2;1;1;1;1;1
SSP2;ESW;;;trn_pass_road_LDV_2W;trn_pass_road_LDV;trn_pass_road;trn_pass;S3S2;0.199999999607061;0.199999999863927;0.19999999839537;0.200000002140507;0.200000000129933
SSP2;ESW;;;trn_pass_road_LDV_4W;trn_pass_road_LDV;trn_pass_road;trn_pass;S3S2;1;1;1;1;1
SSP2;ESW;;Bus_tmp_vehicletype;Bus_tmp_subsectorL3;Bus;trn_pass_road;trn_pass;VS3;1;1;1;1;1
SSP2;ESW;;Compact Car;trn_pass_road_LDV_4W;trn_pass_road_LDV;trn_pass_road;trn_pass;VS3;0.573000002404727;0.572999995599762;0.572999987429305;0.572999999276938;0.572999988134059
SSP2;ESW;;Cycle_tmp_vehicletype;Cycle_tmp_subsectorL3;Cycle_tmp_subsectorL2;Cycle;trn_pass;VS3;1;1;1;1;1
SSP2;ESW;;Domestic Aviation_tmp_vehicletype;Domestic Aviation_tmp_subsectorL3;Domestic Aviation_tmp_subsectorL2;Domestic Aviation;trn_pass;VS3;1;1;1;1;1
SSP2;ESW;;Domestic Ship_tmp_vehicletype;Domestic Ship_tmp_subsectorL3;Domestic Ship_tmp_subsectorL2;Domestic Ship;trn_freight;VS3;1;1;1;1;1
SSP2;ESW;;Freight Rail_tmp_vehicletype;Freight Rail_tmp_subsectorL3;Freight Rail_tmp_subsectorL2;Freight Rail;trn_freight;VS3;1;1;1;1;1
SSP2;ESW;;HSR_tmp_vehicletype;HSR_tmp_subsectorL3;HSR_tmp_subsectorL2;HSR;trn_pass;VS3;1;1;1;1;1
SSP2;ESW;;International Aviation_tmp_vehicletype;International Aviation_tmp_subsectorL3;International Aviation_tmp_subsectorL2;International Aviation;trn_aviation_intl;VS3;1;1;1;1;1
SSP2;ESW;;International Ship_tmp_vehicletype;International Ship_tmp_subsectorL3;International Ship_tmp_subsectorL2;International Ship;trn_shipping_intl;VS3;1;1;1;1;1
SSP2;ESW;;Large Car and SUV;trn_pass_road_LDV_4W;trn_pass_road_LDV;trn_pass_road;trn_pass;VS3;1;1;1;1;1
SSP2;ESW;;Midsize Car;trn_pass_road_LDV_4W;trn_pass_road_LDV;trn_pass_road;trn_pass;VS3;0.29600000098218;0.295999997832071;0.295999999503122;0.29599999819037;0.295999993087324
SSP2;ESW;;Moped;trn_pass_road_LDV_2W;trn_pass_road_LDV;trn_pass_road;trn_pass;VS3;0.0974000001153572;0.0974000002565267;0.0974000000076341;0.0973999995432356;0.097399999831795
SSP2;ESW;;Motorcycle (50-250cc);trn_pass_road_LDV_2W;trn_pass_road_LDV;trn_pass_road;trn_pass;VS3;0.167000000015661;0.167000000087364;0.167000000603214;0.167000000341365;0.167000000143831
SSP2;ESW;;Motorcycle (>250cc);trn_pass_road_LDV_2W;trn_pass_road_LDV;trn_pass_road;trn_pass;VS3;1;1;1;1;1
SSP2;ESW;;Passenger Rail_tmp_vehicletype;Passenger Rail_tmp_subsectorL3;Passenger Rail_tmp_subsectorL2;Passenger Rail;trn_pass;VS3;1;1;1;1;1
SSP2;ESW;;Subcompact Car;trn_pass_road_LDV_4W;trn_pass_road_LDV;trn_pass_road;trn_pass;VS3;0.44500000087138;0.444999998152291;0.44499999084427;0.444999999215254;0.44499999127138
SSP2;ESW;;Truck (0-3_5t);trn_freight_road_tmp_subsectorL3;trn_freight_road_tmp_subsectorL2;trn_freight_road;trn_freight;VS3;0.284999999810604;0.284999999783011;0.284999999999999;0.28500000069064;0.285000000424568
SSP2;ESW;;Truck (18t);trn_freight_road_tmp_subsectorL3;trn_freight_road_tmp_subsectorL2;trn_freight_road;trn_freight;VS3;0.0604000000033877;0.0603999999949292;0.0604;0.060400000003887;0.0604000000029309
SSP2;ESW;;Truck (26t);trn_freight_road_tmp_subsectorL3;trn_freight_road_tmp_subsectorL2;trn_freight_road;trn_freight;VS3;0.0842000000050486;0.0842000000036121;0.0841999999999999;0.0842000000006268;0.0841999999996805
SSP2;ESW;;Truck (40t);trn_freight_road_tmp_subsectorL3;trn_freight_road_tmp_subsectorL2;trn_freight_road;trn_freight;VS3;0.404000000024461;0.403999999971801;0.404;0.404000000006096;0.403999999999044
SSP2;ESW;;Truck (7_5t);trn_freight_road_tmp_subsectorL3;trn_freight_road_tmp_subsectorL2;trn_freight_road;trn_freight;VS3;1;1;1;1;1
SSP2;ESW;;Walk_tmp_vehicletype;Walk_tmp_subsectorL3;Walk_tmp_subsectorL2;Walk;trn_pass;VS3;1;1;1;1;1
SSP2;ESW;BEV;Bus_tmp_vehicletype;Bus_tmp_subsectorL3;Bus;trn_pass_road;trn_pass;FV;0.0107999999998953;0.115999999977807;0.205000000616232;0.292999999128416;0.623999999730988
SSP2;ESW;BEV;Compact Car;trn_pass_road_LDV_4W;trn_pass_road_LDV;trn_pass_road;trn_pass;FV;0.0111883284753732;0.0161883902218369;0.0292709172083897;0.0571392729805772;1
SSP2;ESW;BEV;Large Car and SUV;trn_pass_road_LDV_4W;trn_pass_road_LDV;trn_pass_road;trn_pass;FV;0.0482228404540511;0.0637255983984294;0.0995552499301855;0.166774120574069;1
SSP2;ESW;BEV;Midsize Car;trn_pass_road_LDV_4W;trn_pass_road_LDV;trn_pass_road;trn_pass;FV;0.011334142284361;0.0162179053354583;0.0289595826435435;0.0558680407991658;1
SSP2;ESW;BEV;Moped;trn_pass_road_LDV_2W;trn_pass_road_LDV;trn_pass_road;trn_pass;FV;0;0.249999999967129;0.73529411673966;1;1
SSP2;ESW;BEV;Motorcycle (50-250cc);trn_pass_road_LDV_2W;trn_pass_road_LDV;trn_pass_road;trn_pass;FV;0;0.250000000290847;0.735294117968733;1;1
SSP2;ESW;BEV;Motorcycle (>250cc);trn_pass_road_LDV_2W;trn_pass_road_LDV;trn_pass_road;trn_pass;FV;0;0.249999999768396;0.735294114626039;1;1
SSP2;ESW;BEV;Subcompact Car;trn_pass_road_LDV_4W;trn_pass_road_LDV;trn_pass_road;trn_pass;FV;0.00596049403097548;0.00892321710456424;0.0167498586479743;0.0339864741765865;1
SSP2;ESW;BEV;Truck (0-3_5t);trn_freight_road_tmp_subsectorL3;trn_freight_road_tmp_subsectorL2;trn_freight_road;trn_freight;FV;0;0.389999999833769;0.53900000099701;0.687999996321219;1
SSP2;ESW;BEV;Truck (18t);trn_freight_road_tmp_subsectorL3;trn_freight_road_tmp_subsectorL2;trn_freight_road;trn_freight;FV;0;0.155000000021666;0.263000000015588;0.369999999740479;1
SSP2;ESW;BEV;Truck (26t);trn_freight_road_tmp_subsectorL3;trn_freight_road_tmp_subsectorL2;trn_freight_road;trn_freight;FV;0;0.155000000108159;0.263000001020936;0.369999999651446;1
SSP2;ESW;BEV;Truck (40t);trn_freight_road_tmp_subsectorL3;trn_freight_road_tmp_subsectorL2;trn_freight_road;trn_freight;FV;0;0.155000000027179;0.263000000592792;0.370000002886918;1
SSP2;ESW;BEV;Truck (7_5t);trn_freight_road_tmp_subsectorL3;trn_freight_road_tmp_subsectorL2;trn_freight_road;trn_freight;FV;0;0.389999999600768;0.538999998930254;0.68799999923715;1
SSP2;ESW;Cycle_tmp_technology;Cycle_tmp_vehicletype;Cycle_tmp_subsectorL3;Cycle_tmp_subsectorL2;Cycle;trn_pass;FV;1;1;1;1;1
SSP2;ESW;Electric;Freight Rail_tmp_vehicletype;Freight Rail_tmp_subsectorL3;Freight Rail_tmp_subsectorL2;Freight Rail;trn_freight;FV;0.729999999999999;0.762999991500474;0.797000004666688;0.831000001284496;0.965999977754317
SSP2;ESW;Electric;HSR_tmp_vehicletype;HSR_tmp_subsectorL3;HSR_tmp_subsectorL2;HSR;trn_pass;FV;1;1;1;1;1
SSP2;ESW;Electric;Passenger Rail_tmp_vehicletype;Passenger Rail_tmp_subsectorL3;Passenger Rail_tmp_subsectorL2;Passenger Rail;trn_pass;FV;1;1;1;1;1
SSP2;ESW;FCEV;Bus_tmp_vehicletype;Bus_tmp_subsectorL3;Bus;trn_pass_road;trn_pass;FV;0.00224999999999249;0.00269999999867746;0.0112000001270654;0.0196000000393402;0.0585000000008719
SSP2;ESW;FCEV;Compact Car;trn_pass_road_LDV_4W;trn_pass_road_LDV;trn_pass_road;trn_pass;FV;0.002402281196142;0.00289968096547554;0.00393884716165043;0.0046122030352049;0.00602908821483201
SSP2;ESW;FCEV;Large Car and SUV;trn_pass_road_LDV_4W;trn_pass_road_LDV;trn_pass_road;trn_pass;FV;0.0118196241301302;0.013483539677887;0.016844903272143;0.0191179634113016;0.0174031727674973
SSP2;ESW;FCEV;Midsize Car;trn_pass_road_LDV_4W;trn_pass_road_LDV;trn_pass_road;trn_pass;FV;0.0024421314495725;0.00294821122392114;0.00398907112912716;0.0045530017412401;0.00619796042728606
SSP2;ESW;FCEV;Subcompact Car;trn_pass_road_LDV_4W;trn_pass_road_LDV;trn_pass_road;trn_pass;FV;0.00110057507646896;0.00138917702751785;0.00198247507908662;0.0023669013827266;0.0040730613508284
SSP2;ESW;FCEV;Truck (0-3_5t);trn_freight_road_tmp_subsectorL3;trn_freight_road_tmp_subsectorL2;trn_freight_road;trn_freight;FV;0;0.0729999999743848;0.166000000254638;0.258999999122594;0.149000000042477
SSP2;ESW;FCEV;Truck (18t);trn_freight_road_tmp_subsectorL3;trn_freight_road_tmp_subsectorL2;trn_freight_road;trn_freight;FV;0;0.0270000000013215;0.0626000000704114;0.0980999999452856;0.104999999985278
SSP2;ESW;FCEV;Truck (26t);trn_freight_road_tmp_subsectorL3;trn_freight_road_tmp_subsectorL2;trn_freight_road;trn_freight;FV;0;0.0270000000082594;0.0626000001746809;0.0981000000375254;0.104999999602621
SSP2;ESW;FCEV;Truck (40t);trn_freight_road_tmp_subsectorL3;trn_freight_road_tmp_subsectorL2;trn_freight_road;trn_freight;FV;0;0.0269999999820997;0.0626000001215635;0.098099999761228;0.104999999665711
SSP2;ESW;FCEV;Truck (7_5t);trn_freight_road_tmp_subsectorL3;trn_freight_road_tmp_subsectorL2;trn_freight_road;trn_freight;FV;0;0.072999999953759;0.165999999675007;0.259000000809909;0.149000000999269
SSP2;ESW;Gases;Bus_tmp_vehicletype;Bus_tmp_subsectorL3;Bus;trn_pass_road;trn_pass;FV;0.0174999999999945;0.0262999999861218;0.0525999998164704;0.0789999999306909;0.132000000186907
SSP2;ESW;Gases;Compact Car;trn_pass_road_LDV_4W;trn_pass_road_LDV;trn_pass_road;trn_pass;FV;0.000347748639767769;0.000488703224287708;0.000825789436961986;0.00127553493932858;0.0022726227412186
SSP2;ESW;Gases;Large Car and SUV;trn_pass_road_LDV_4W;trn_pass_road_LDV;trn_pass_road;trn_pass;FV;0.0023092917529224;0.00307467794927596;0.00477341331876308;0.00674948748201122;0.00794738277310005
SSP2;ESW;Gases;Midsize Car;trn_pass_road_LDV_4W;trn_pass_road_LDV;trn_pass_road;trn_pass;FV;0.000345559287594005;0.000482428512027955;0.000808019334566535;0.00123612990990191;0.00226499531270945
SSP2;ESW;Gases;Subcompact Car;trn_pass_road_LDV_4W;trn_pass_road_LDV;trn_pass_road;trn_pass;FV;0.00016425774582761;0.000239617798460782;0.000415291154074376;0.000652662442003783;0.00151222972778469
SSP2;ESW;Gases;Truck (0-3_5t);trn_freight_road_tmp_subsectorL3;trn_freight_road_tmp_subsectorL2;trn_freight_road;trn_freight;FV;0;0.0262999999997397;0.0526000000268632;0.0789999995195686;0.172000000371722
SSP2;ESW;Gases;Truck (18t);trn_freight_road_tmp_subsectorL3;trn_freight_road_tmp_subsectorL2;trn_freight_road;trn_freight;FV;0;0.0263000000005572;0.0526000000278896;0.0789999999097418;0.17700000001906
SSP2;ESW;Gases;Truck (26t);trn_freight_road_tmp_subsectorL3;trn_freight_road_tmp_subsectorL2;trn_freight_road;trn_freight;FV;0;0.0262999999995725;0.0526000000864388;0.0789999998496742;0.176999999411427
SSP2;ESW;Gases;Truck (40t);trn_freight_road_tmp_subsectorL3;trn_freight_road_tmp_subsectorL2;trn_freight_road;trn_freight;FV;0;0.0263000000259093;0.0525999999600658;0.0790000000385185;0.176999999580587
SSP2;ESW;Gases;Truck (7_5t);trn_freight_road_tmp_subsectorL3;trn_freight_road_tmp_subsectorL2;trn_freight_road;trn_freight;FV;0;0.0263000000101176;0.0525999998800966;0.0790000000227754;0.171999998761739
SSP2;ESW;Hybrid electric;Compact Car;trn_pass_road_LDV_4W;trn_pass_road_LDV;trn_pass_road;trn_pass;FV;0.0330117536818086;0.0440473664532439;0.0761612208125346;0.110195769639537;0.119235484542304
SSP2;ESW;Hybrid electric;Large Car and SUV;trn_pass_road_LDV_4W;trn_pass_road_LDV;trn_pass_road;trn_pass;FV;0.109602689192944;0.133897865177811;0.200567330771764;0.265565301411031;0.213937923919516
SSP2;ESW;Hybrid electric;Midsize Car;trn_pass_road_LDV_4W;trn_pass_road_LDV;trn_pass_road;trn_pass;FV;0.0344669757911841;0.0451210200189085;0.0764565494459551;0.109390816197703;0.122471597601593
SSP2;ESW;Hybrid electric;Subcompact Car;trn_pass_road_LDV_4W;trn_pass_road_LDV;trn_pass_road;trn_pass;FV;0.0187035434337121;0.0259105147518783;0.0467147877287177;0.0688943892461868;0.0927395303254174
SSP2;ESW;Hydrogen;Domestic Aviation_tmp_vehicletype;Domestic Aviation_tmp_subsectorL3;Domestic Aviation_tmp_subsectorL2;Domestic Aviation;trn_pass;FV;0;8.31938636202833e-07;2.30999999999999e-05;4.5399999999977e-05;0.118999999870255
SSP2;ESW;Liquids;Bus_tmp_vehicletype;Bus_tmp_subsectorL3;Bus;trn_pass_road;trn_pass;FV;1;1;1;1;1
SSP2;ESW;Liquids;Compact Car;trn_pass_road_LDV_4W;trn_pass_road_LDV;trn_pass_road;trn_pass;FV;1;1;1;1;0.560834267621629
SSP2;ESW;Liquids;Domestic Aviation_tmp_vehicletype;Domestic Aviation_tmp_subsectorL3;Domestic Aviation_tmp_subsectorL2;Domestic Aviation;trn_pass;FV;1;1;1;1;1
SSP2;ESW;Liquids;Domestic Ship_tmp_vehicletype;Domestic Ship_tmp_subsectorL3;Domestic Ship_tmp_subsectorL2;Domestic Ship;trn_freight;FV;1;1;1;1;1
SSP2;ESW;Liquids;Freight Rail_tmp_vehicletype;Freight Rail_tmp_subsectorL3;Freight Rail_tmp_subsectorL2;Freight Rail;trn_freight;FV;1;1;1;1;1
SSP2;ESW;Liquids;International Aviation_tmp_vehicletype;International Aviation_tmp_subsectorL3;International Aviation_tmp_subsectorL2;International Aviation;trn_aviation_intl;FV;1;1;1;1;1
SSP2;ESW;Liquids;International Ship_tmp_vehicletype;International Ship_tmp_subsectorL3;International Ship_tmp_subsectorL2;International Ship;trn_shipping_intl;FV;1;1;1;1;1
SSP2;ESW;Liquids;Large Car and SUV;trn_pass_road_LDV_4W;trn_pass_road_LDV;trn_pass_road;trn_pass;FV;1;1;1;1;0.471683437197751
SSP2;ESW;Liquids;Midsize Car;trn_pass_road_LDV_4W;trn_pass_road_LDV;trn_pass_road;trn_pass;FV;1;1;1;1;0.590543527695284
SSP2;ESW;Liquids;Moped;trn_pass_road_LDV_2W;trn_pass_road_LDV;trn_pass_road;trn_pass;FV;1;1;1;0.699999999860873;0.100000000026147
SSP2;ESW;Liquids;Motorcycle (50-250cc);trn_pass_road_LDV_2W;trn_pass_road_LDV;trn_pass_road;trn_pass;FV;1;1;1;0.699999997196766;0.0999999999983383
SSP2;ESW;Liquids;Motorcycle (>250cc);trn_pass_road_LDV_2W;trn_pass_road_LDV;trn_pass_road;trn_pass;FV;1;1;1;0.699999998212524;0.0999999999033633
SSP2;ESW;Liquids;Passenger Rail_tmp_vehicletype;Passenger Rail_tmp_subsectorL3;Passenger Rail_tmp_subsectorL2;Passenger Rail;trn_pass;FV;0.516000000101115;0.516000000258583;0.516000001624167;0.515999999267221;0.515999999134114
SSP2;ESW;Liquids;Subcompact Car;trn_pass_road_LDV_4W;trn_pass_road_LDV;trn_pass_road;trn_pass;FV;1;1;1;1;0.684085032792544
SSP2;ESW;Liquids;Truck (0-3_5t);trn_freight_road_tmp_subsectorL3;trn_freight_road_tmp_subsectorL2;trn_freight_road;trn_freight;FV;1;1;1;1;0.933000003481189
SSP2;ESW;Liquids;Truck (18t);trn_freight_road_tmp_subsectorL3;trn_freight_road_tmp_subsectorL2;trn_freight_road;trn_freight;FV;1;1;1;1;0.962000001323502
SSP2;ESW;Liquids;Truck (26t);trn_freight_road_tmp_subsectorL3;trn_freight_road_tmp_subsectorL2;trn_freight_road;trn_freight;FV;1;1;1;1;0.962000003396707
SSP2;ESW;Liquids;Truck (40t);trn_freight_road_tmp_subsectorL3;trn_freight_road_tmp_subsectorL2;trn_freight_road;trn_freight;FV;1;1;1;1;0.962000001017722
SSP2;ESW;Liquids;Truck (7_5t);trn_freight_road_tmp_subsectorL3;trn_freight_road_tmp_subsectorL2;trn_freight_road;trn_freight;FV;1;1;1;1;0.933000002666985
SSP2;ESW;Walk_tmp_technology;Walk_tmp_vehicletype;Walk_tmp_subsectorL3;Walk_tmp_subsectorL2;Walk;trn_pass;FV;1;1;1;1;1
SSP2;EWN;;;;;Cycle;trn_pass;S1S;0.00999999999986891;0.0250000000004933;0.0416666666659848;0.0583333333306986;0.10000000000069
SSP2;EWN;;;;;Domestic Aviation;trn_pass;S1S;4.76999999993158e-05;3.97500000005242e-05;3.24166666660284e-05;2.49999999988573e-05;8.33333333340532e-06
SSP2;EWN;;;;;Domestic Ship;trn_freight;S1S;0.00625999999953629;0.00696000000330957;0.00660999999939503;0.00625999999990792;0.00626000000082448
SSP2;EWN;;;;;Freight Rail;trn_freight;S1S;0.012700000003006;0.0141000000034439;0.0128000000003713;0.0114000000013321;0.0191000000014571
SSP2;EWN;;;;;HSR;trn_pass;S1S;9.99999999984938e-05;8.33333333344571e-05;0.000141666666663833;0.000199999999991033;0.000166666666667996
SSP2;EWN;;;;;International Aviation;trn_aviation_intl;S1S;1;1;1;1;1
SSP2;EWN;;;;;International Ship;trn_shipping_intl;S1S;1;1;1;1;1
SSP2;EWN;;;;;Passenger Rail;trn_pass;S1S;0.00199999999997589;0.00250000000005363;0.00274999999993851;0.00299999999986584;0.00333333333336011
SSP2;EWN;;;;;Walk;trn_pass;S1S;1;1;1;1;1
SSP2;EWN;;;;;trn_freight_road;trn_freight;S1S;1;1;1;1;1
SSP2;EWN;;;;;trn_pass_road;trn_pass;S1S;0.0588999999993607;0.0490833333342863;0.0454166666657292;0.0416666666648345;0.0350000000002521
SSP2;EWN;;;;Bus;trn_pass_road;trn_pass;S2S1;0.102;0.102;0.096190476190476;0.0909090909090909;0.0799999999999998
SSP2;EWN;;;;Cycle_tmp_subsectorL2;Cycle;trn_pass;S2S1;1;1;1;1;1
SSP2;EWN;;;;Domestic Aviation_tmp_subsectorL2;Domestic Aviation;trn_pass;S2S1;1;1;1;1;1
SSP2;EWN;;;;Domestic Ship_tmp_subsectorL2;Domestic Ship;trn_freight;S2S1;1;1;1;1;1
SSP2;EWN;;;;Freight Rail_tmp_subsectorL2;Freight Rail;trn_freight;S2S1;1;1;1;1;1
SSP2;EWN;;;;HSR_tmp_subsectorL2;HSR;trn_pass;S2S1;1;1;1;1;1
SSP2;EWN;;;;International Aviation_tmp_subsectorL2;International Aviation;trn_aviation_intl;S2S1;1;1;1;1;1
SSP2;EWN;;;;International Ship_tmp_subsectorL2;International Ship;trn_shipping_intl;S2S1;1;1;1;1;1
SSP2;EWN;;;;Passenger Rail_tmp_subsectorL2;Passenger Rail;trn_pass;S2S1;1;1;1;1;1
SSP2;EWN;;;;Walk_tmp_subsectorL2;Walk;trn_pass;S2S1;1;1;1;1;1
SSP2;EWN;;;;trn_freight_road_tmp_subsectorL2;trn_freight_road;trn_freight;S2S1;1;1;1;1;1
SSP2;EWN;;;;trn_pass_road_LDV;trn_pass_road;trn_pass;S2S1;1;1;1;1;1
SSP2;EWN;;;Bus_tmp_subsectorL3;Bus;trn_pass_road;trn_pass;S3S2;1;1;1;1;1
SSP2;EWN;;;Cycle_tmp_subsectorL3;Cycle_tmp_subsectorL2;Cycle;trn_pass;S3S2;1;1;1;1;1
SSP2;EWN;;;Domestic Aviation_tmp_subsectorL3;Domestic Aviation_tmp_subsectorL2;Domestic Aviation;trn_pass;S3S2;1;1;1;1;1
SSP2;EWN;;;Domestic Ship_tmp_subsectorL3;Domestic Ship_tmp_subsectorL2;Domestic Ship;trn_freight;S3S2;1;1;1;1;1
SSP2;EWN;;;Freight Rail_tmp_subsectorL3;Freight Rail_tmp_subsectorL2;Freight Rail;trn_freight;S3S2;1;1;1;1;1
SSP2;EWN;;;HSR_tmp_subsectorL3;HSR_tmp_subsectorL2;HSR;trn_pass;S3S2;1;1;1;1;1
SSP2;EWN;;;International Aviation_tmp_subsectorL3;International Aviation_tmp_subsectorL2;International Aviation;trn_aviation_intl;S3S2;1;1;1;1;1
SSP2;EWN;;;International Ship_tmp_subsectorL3;International Ship_tmp_subsectorL2;International Ship;trn_shipping_intl;S3S2;1;1;1;1;1
SSP2;EWN;;;Passenger Rail_tmp_subsectorL3;Passenger Rail_tmp_subsectorL2;Passenger Rail;trn_pass;S3S2;1;1;1;1;1
SSP2;EWN;;;Walk_tmp_subsectorL3;Walk_tmp_subsectorL2;Walk;trn_pass;S3S2;1;1;1;1;1
SSP2;EWN;;;trn_freight_road_tmp_subsectorL3;trn_freight_road_tmp_subsectorL2;trn_freight_road;trn_freight;S3S2;1;1;1;1;1
SSP2;EWN;;;trn_pass_road_LDV_2W;trn_pass_road_LDV;trn_pass_road;trn_pass;S3S2;0.0999999997914278;0.10000000007382;0.100000000057533;0.100000000082768;0.100000000025467
SSP2;EWN;;;trn_pass_road_LDV_4W;trn_pass_road_LDV;trn_pass_road;trn_pass;S3S2;1;1;1;1;1
SSP2;EWN;;Bus_tmp_vehicletype;Bus_tmp_subsectorL3;Bus;trn_pass_road;trn_pass;VS3;1;1;1;1;1
SSP2;EWN;;Compact Car;trn_pass_road_LDV_4W;trn_pass_road_LDV;trn_pass_road;trn_pass;VS3;0.431999990844504;0.4320000000125;0.41000000461503;0.389000002480081;0.388999995925103
SSP2;EWN;;Cycle_tmp_vehicletype;Cycle_tmp_subsectorL3;Cycle_tmp_subsectorL2;Cycle;trn_pass;VS3;1;1;1;1;1
SSP2;EWN;;Domestic Aviation_tmp_vehicletype;Domestic Aviation_tmp_subsectorL3;Domestic Aviation_tmp_subsectorL2;Domestic Aviation;trn_pass;VS3;1;1;1;1;1
SSP2;EWN;;Domestic Ship_tmp_vehicletype;Domestic Ship_tmp_subsectorL3;Domestic Ship_tmp_subsectorL2;Domestic Ship;trn_freight;VS3;1;1;1;1;1
SSP2;EWN;;Freight Rail_tmp_vehicletype;Freight Rail_tmp_subsectorL3;Freight Rail_tmp_subsectorL2;Freight Rail;trn_freight;VS3;1;1;1;1;1
SSP2;EWN;;HSR_tmp_vehicletype;HSR_tmp_subsectorL3;HSR_tmp_subsectorL2;HSR;trn_pass;VS3;1;1;1;1;1
SSP2;EWN;;International Aviation_tmp_vehicletype;International Aviation_tmp_subsectorL3;International Aviation_tmp_subsectorL2;International Aviation;trn_aviation_intl;VS3;1;1;1;1;1
SSP2;EWN;;International Ship_tmp_vehicletype;International Ship_tmp_subsectorL3;International Ship_tmp_subsectorL2;International Ship;trn_shipping_intl;VS3;1;1;1;1;1
SSP2;EWN;;Large Car and SUV;trn_pass_road_LDV_4W;trn_pass_road_LDV;trn_pass_road;trn_pass;VS3;1;1;1;1;1
SSP2;EWN;;Midsize Car;trn_pass_road_LDV_4W;trn_pass_road_LDV;trn_pass_road;trn_pass;VS3;0.2279999960219;0.227999998870096;0.228000002503667;0.228000001167116;0.227999998859794
SSP2;EWN;;Moped;trn_pass_road_LDV_2W;trn_pass_road_LDV;trn_pass_road;trn_pass;VS3;0.118000000000507;0.118000000140037;0.118000000018258;0.117999999963342;0.117999998711433
SSP2;EWN;;Motorcycle (50-250cc);trn_pass_road_LDV_2W;trn_pass_road_LDV;trn_pass_road;trn_pass;VS3;0.0434000001619183;0.0434000000449091;0.0434000000323901;0.0433999999869508;0.0433999996161104
SSP2;EWN;;Motorcycle (>250cc);trn_pass_road_LDV_2W;trn_pass_road_LDV;trn_pass_road;trn_pass;VS3;1;1;1;1;1
SSP2;EWN;;Passenger Rail_tmp_vehicletype;Passenger Rail_tmp_subsectorL3;Passenger Rail_tmp_subsectorL2;Passenger Rail;trn_pass;VS3;1;1;1;1;1
SSP2;EWN;;Subcompact Car;trn_pass_road_LDV_4W;trn_pass_road_LDV;trn_pass_road;trn_pass;VS3;0.485999988328943;0.485999997210118;0.462000000895587;0.438000001075686;0.437999997483699
SSP2;EWN;;Truck (0-3_5t);trn_freight_road_tmp_subsectorL3;trn_freight_road_tmp_subsectorL2;trn_freight_road;trn_freight;VS3;1;1;1;1;1
SSP2;EWN;;Truck (18t);trn_freight_road_tmp_subsectorL3;trn_freight_road_tmp_subsectorL2;trn_freight_road;trn_freight;VS3;0.115999999857417;0.116000000149802;0.115999999866248;0.116000000078052;0.116000000010741
SSP2;EWN;;Truck (26t);trn_freight_road_tmp_subsectorL3;trn_freight_road_tmp_subsectorL2;trn_freight_road;trn_freight;VS3;0.521999999415839;0.522000000707416;0.52199999959296;0.522000000349167;0.522000000031269
SSP2;EWN;;Truck (40t);trn_freight_road_tmp_subsectorL3;trn_freight_road_tmp_subsectorL2;trn_freight_road;trn_freight;VS3;0.405999999524173;0.4060000005287;0.405999999631571;0.406000000224269;0.406000000101217
SSP2;EWN;;Truck (7_5t);trn_freight_road_tmp_subsectorL3;trn_freight_road_tmp_subsectorL2;trn_freight_road;trn_freight;VS3;0.564999999295943;0.565000000801914;0.564999999422915;0.565000000298993;0.565000000114364
SSP2;EWN;;Walk_tmp_vehicletype;Walk_tmp_subsectorL3;Walk_tmp_subsectorL2;Walk;trn_pass;VS3;1;1;1;1;1
SSP2;EWN;BEV;Bus_tmp_vehicletype;Bus_tmp_subsectorL3;Bus;trn_pass_road;trn_pass;FV;0;0.087899999961228;0.153999999848916;0.219999999188505;0.500999999240392
SSP2;EWN;BEV;Compact Car;trn_pass_road_LDV_4W;trn_pass_road_LDV;trn_pass_road;trn_pass;FV;0.0197974860447728;0.0267714116526658;0.0444059629398439;0.10267767485712;1
SSP2;EWN;BEV;Large Car and SUV;trn_pass_road_LDV_4W;trn_pass_road_LDV;trn_pass_road;trn_pass;FV;0.0710734450835829;0.0855327731166617;0.118082446828035;0.214139156130147;1
SSP2;EWN;BEV;Midsize Car;trn_pass_road_LDV_4W;trn_pass_road_LDV;trn_pass_road;trn_pass;FV;0.0201989838567335;0.0269476398266982;0.0436885454140621;0.0990797440744098;1
SSP2;EWN;BEV;Moped;trn_pass_road_LDV_2W;trn_pass_road_LDV;trn_pass_road;trn_pass;FV;0.000999999999996875;0.250000000349103;0.735294118522137;1;1
SSP2;EWN;BEV;Motorcycle (50-250cc);trn_pass_road_LDV_2W;trn_pass_road_LDV;trn_pass_road;trn_pass;FV;0.00100000000001642;0.250000000166294;0.735294112089167;1;1
SSP2;EWN;BEV;Motorcycle (>250cc);trn_pass_road_LDV_2W;trn_pass_road_LDV;trn_pass_road;trn_pass;FV;0.000999999999989847;0.250000001270397;0.735294117581886;1;1
SSP2;EWN;BEV;Subcompact Car;trn_pass_road_LDV_4W;trn_pass_road_LDV;trn_pass_road;trn_pass;FV;0.0108792133783825;0.0151774441912879;0.0261721664448743;0.0640796902806514;1
SSP2;EWN;BEV;Truck (0-3_5t);trn_freight_road_tmp_subsectorL3;trn_freight_road_tmp_subsectorL2;trn_freight_road;trn_freight;FV;0;0.344000000057711;0.491999999866143;0.64000000174137;0.903000000186528
SSP2;EWN;BEV;Truck (18t);trn_freight_road_tmp_subsectorL3;trn_freight_road_tmp_subsectorL2;trn_freight_road;trn_freight;FV;0;0.136999999993047;0.240999999808163;0.343999999541917;0.875999998756365
SSP2;EWN;BEV;Truck (26t);trn_freight_road_tmp_subsectorL3;trn_freight_road_tmp_subsectorL2;trn_freight_road;trn_freight;FV;0;0.136999999984099;0.240999999350417;0.344000000268882;0.876000006329879
SSP2;EWN;BEV;Truck (40t);trn_freight_road_tmp_subsectorL3;trn_freight_road_tmp_subsectorL2;trn_freight_road;trn_freight;FV;0;0.137000000010691;0.24099999982633;0.344000001148004;0.875999999172446
SSP2;EWN;BEV;Truck (7_5t);trn_freight_road_tmp_subsectorL3;trn_freight_road_tmp_subsectorL2;trn_freight_road;trn_freight;FV;0;0.34400000000014;0.49200000032201;0.639999997796068;0.903000000999824
SSP2;EWN;Cycle_tmp_technology;Cycle_tmp_vehicletype;Cycle_tmp_subsectorL3;Cycle_tmp_subsectorL2;Cycle;trn_pass;FV;1;1;1;1;1
SSP2;EWN;Electric;Freight Rail_tmp_vehicletype;Freight Rail_tmp_subsectorL3;Freight Rail_tmp_subsectorL2;Freight Rail;trn_freight;FV;1;1;1;1;1
SSP2;EWN;Electric;HSR_tmp_vehicletype;HSR_tmp_subsectorL3;HSR_tmp_subsectorL2;HSR;trn_pass;FV;1;1;1;1;1
SSP2;EWN;Electric;Passenger Rail_tmp_vehicletype;Passenger Rail_tmp_subsectorL3;Passenger Rail_tmp_subsectorL2;Passenger Rail;trn_pass;FV;1;1;1;1;1
SSP2;EWN;FCEV;Bus_tmp_vehicletype;Bus_tmp_subsectorL3;Bus;trn_pass_road;trn_pass;FV;0;0.0018599999989057;0.00479999999899753;0.00772999999987521;0.0218999999757503
SSP2;EWN;FCEV;Compact Car;trn_pass_road_LDV_4W;trn_pass_road_LDV;trn_pass_road;trn_pass;FV;0.00449045128469268;0.00471167952949137;0.00597224171913548;0.00574871642984009;0.00689226330114985
SSP2;EWN;FCEV;Large Car and SUV;trn_pass_road_LDV_4W;trn_pass_road_LDV;trn_pass_road;trn_pass;FV;0.0190486247215201;0.0181207560095081;0.0191551375329711;0.0187485305381644;0.0187225356118309
SSP2;EWN;FCEV;Midsize Car;trn_pass_road_LDV_4W;trn_pass_road_LDV;trn_pass_road;trn_pass;FV;0.00459371596365224;0.00482642274245224;0.00611055035407684;0.00562334387938377;0.00718550695476257
SSP2;EWN;FCEV;Subcompact Car;trn_pass_road_LDV_4W;trn_pass_road_LDV;trn_pass_road;trn_pass;FV;0.00208191944602949;0.00227778330684604;0.00305281701997103;0.00298705374585423;0.00468156597494495
SSP2;EWN;FCEV;Truck (0-3_5t);trn_freight_road_tmp_subsectorL3;trn_freight_road_tmp_subsectorL2;trn_freight_road;trn_freight;FV;0;0.0138000000006131;0.0598999999721832;0.105999999957743;0.0600000000193148
SSP2;EWN;FCEV;Truck (18t);trn_freight_road_tmp_subsectorL3;trn_freight_road_tmp_subsectorL2;trn_freight_road;trn_freight;FV;0;0.00512000000020297;0.0226000000021971;0.0401999999928114;0.0410999998758056
SSP2;EWN;FCEV;Truck (26t);trn_freight_road_tmp_subsectorL3;trn_freight_road_tmp_subsectorL2;trn_freight_road;trn_freight;FV;0;0.00512000000125809;0.0226000001068066;0.0402000001279499;0.041100000183602
SSP2;EWN;FCEV;Truck (40t);trn_freight_road_tmp_subsectorL3;trn_freight_road_tmp_subsectorL2;trn_freight_road;trn_freight;FV;0;0.00512000000004673;0.022599999965968;0.0401999999548969;0.0410999999381627
SSP2;EWN;FCEV;Truck (7_5t);trn_freight_road_tmp_subsectorL3;trn_freight_road_tmp_subsectorL2;trn_freight_road;trn_freight;FV;0;0.0138000000018624;0.0599000001322613;0.105999999968905;0.0600000001460296
SSP2;EWN;Gases;Bus_tmp_vehicletype;Bus_tmp_subsectorL3;Bus;trn_pass_road;trn_pass;FV;0.0080699999998614;0.0310999999861797;0.0469000000113173;0.062800000054435;0.0971999997151718
SSP2;EWN;Gases;Compact Car;trn_pass_road_LDV_4W;trn_pass_road_LDV;trn_pass_road;trn_pass;FV;0.00062857294367799;0.000758014514533479;0.00101063694231174;0.00155856856277029;0.00234583257348319
SSP2;EWN;Gases;Large Car and SUV;trn_pass_road_LDV_4W;trn_pass_road_LDV;trn_pass_road;trn_pass;FV;0.00361781327339547;0.00403320062479183;0.00478785268890014;0.00648485111721898;0.0080506579039855
SSP2;EWN;Gases;Midsize Car;trn_pass_road_LDV_4W;trn_pass_road_LDV;trn_pass_road;trn_pass;FV;0.000632553278052651;0.000755051630415115;0.000986847081071287;0.00149606822282805;0.0023512159808342
SSP2;EWN;Gases;Subcompact Car;trn_pass_road_LDV_4W;trn_pass_road_LDV;trn_pass_road;trn_pass;FV;0.000311336285256742;0.000393221985123357;0.000540503440429142;0.000844437954566876;0.00160232249882427
SSP2;EWN;Gases;Truck (0-3_5t);trn_freight_road_tmp_subsectorL3;trn_freight_road_tmp_subsectorL2;trn_freight_road;trn_freight;FV;0.0008170000000004;0.0339000000041584;0.0611999999601374;0.0886000000249712;0.127999999893459
SSP2;EWN;Gases;Truck (18t);trn_freight_road_tmp_subsectorL3;trn_freight_road_tmp_subsectorL2;trn_freight_road;trn_freight;FV;0;0.0329000000018181;0.0603000000554385;0.0877000000840631;0.12799999993291
SSP2;EWN;Gases;Truck (26t);trn_freight_road_tmp_subsectorL3;trn_freight_road_tmp_subsectorL2;trn_freight_road;trn_freight;FV;0;0.0329000000037631;0.0603000000341812;0.0876999997785768;0.128000000382334
SSP2;EWN;Gases;Truck (40t);trn_freight_road_tmp_subsectorL3;trn_freight_road_tmp_subsectorL2;trn_freight_road;trn_freight;FV;0;0.0328999999943897;0.0602999999849448;0.0877000000443319;0.127999999884375
SSP2;EWN;Gases;Truck (7_5t);trn_freight_road_tmp_subsectorL3;trn_freight_road_tmp_subsectorL2;trn_freight_road;trn_freight;FV;0;0.0329000000020631;0.0603000001525446;0.0877000000072846;0.127999999985674
SSP2;EWN;Hybrid electric;Compact Car;trn_pass_road_LDV_4W;trn_pass_road_LDV;trn_pass_road;trn_pass;FV;0.052907864455829;0.0659973797576903;0.0986222695543172;0.142664975976233;0.143148435961768
SSP2;EWN;Hybrid electric;Large Car and SUV;trn_pass_road_LDV_4W;trn_pass_road_LDV;trn_pass_road;trn_pass;FV;0.143154563030835;0.160307544239464;0.203948678838211;0.257088845604208;0.230192897074264
SSP2;EWN;Hybrid electric;Midsize Car;trn_pass_road_LDV_4W;trn_pass_road_LDV;trn_pass_road;trn_pass;FV;0.0556441415053649;0.0681171825338373;0.0989751252787937;0.140595384936854;0.148889482509126
SSP2;EWN;Hybrid electric;Subcompact Car;trn_pass_road_LDV_4W;trn_pass_road_LDV;trn_pass_road;trn_pass;FV;0.0310414062528437;0.040002298928941;0.0618818305255292;0.0913921877535401;0.112973930367363
SSP2;EWN;Hydrogen;Domestic Aviation_tmp_vehicletype;Domestic Aviation_tmp_subsectorL3;Domestic Aviation_tmp_subsectorL2;Domestic Aviation;trn_pass;FV;0;8.32e-07;2.31000000000061e-05;4.53999999997989e-05;0.118999999982849
SSP2;EWN;Liquids;Bus_tmp_vehicletype;Bus_tmp_subsectorL3;Bus;trn_pass_road;trn_pass;FV;1;1;1;1;1
SSP2;EWN;Liquids;Compact Car;trn_pass_road_LDV_4W;trn_pass_road_LDV;trn_pass_road;trn_pass;FV;1;1;1;1;0.491828046580441
SSP2;EWN;Liquids;Domestic Aviation_tmp_vehicletype;Domestic Aviation_tmp_subsectorL3;Domestic Aviation_tmp_subsectorL2;Domestic Aviation;trn_pass;FV;1;1;1;1;1
SSP2;EWN;Liquids;Domestic Ship_tmp_vehicletype;Domestic Ship_tmp_subsectorL3;Domestic Ship_tmp_subsectorL2;Domestic Ship;trn_freight;FV;1;1;1;1;1
SSP2;EWN;Liquids;Freight Rail_tmp_vehicletype;Freight Rail_tmp_subsectorL3;Freight Rail_tmp_subsectorL2;Freight Rail;trn_freight;FV;0.394000000406637;0.394000000377318;0.394000000596478;0.394000000071459;0.394000000319441
SSP2;EWN;Liquids;International Aviation_tmp_vehicletype;International Aviation_tmp_subsectorL3;International Aviation_tmp_subsectorL2;International Aviation;trn_aviation_intl;FV;1;1;1;1;1
SSP2;EWN;Liquids;International Ship_tmp_vehicletype;International Ship_tmp_subsectorL3;International Ship_tmp_subsectorL2;International Ship;trn_shipping_intl;FV;1;1;1;1;1
SSP2;EWN;Liquids;Large Car and SUV;trn_pass_road_LDV_4W;trn_pass_road_LDV;trn_pass_road;trn_pass;FV;1;1;1;1;0.56659070441664
SSP2;EWN;Liquids;Midsize Car;trn_pass_road_LDV_4W;trn_pass_road_LDV;trn_pass_road;trn_pass;FV;1;1;1;1;0.536397837981939
SSP2;EWN;Liquids;Moped;trn_pass_road_LDV_2W;trn_pass_road_LDV;trn_pass_road;trn_pass;FV;1;1;1;0.7000000002648;0.100000000071528
SSP2;EWN;Liquids;Motorcycle (50-250cc);trn_pass_road_LDV_2W;trn_pass_road_LDV;trn_pass_road;trn_pass;FV;1;1;1;0.699999999283743;0.100000000016575
SSP2;EWN;Liquids;Motorcycle (>250cc);trn_pass_road_LDV_2W;trn_pass_road_LDV;trn_pass_road;trn_pass;FV;1;1;1;0.699999999812778;0.0999999999743298
SSP2;EWN;Liquids;Passenger Rail_tmp_vehicletype;Passenger Rail_tmp_subsectorL3;Passenger Rail_tmp_subsectorL2;Passenger Rail;trn_pass;FV;0.0382000000016727;0.0382000000164176;0.0381999999970788;0.0382000000037384;0.0382000000012629
SSP2;EWN;Liquids;Subcompact Car;trn_pass_road_LDV_4W;trn_pass_road_LDV;trn_pass_road;trn_pass;FV;1;1;1;1;0.591489245617449
SSP2;EWN;Liquids;Truck (0-3_5t);trn_freight_road_tmp_subsectorL3;trn_freight_road_tmp_subsectorL2;trn_freight_road;trn_freight;FV;1;1;1;1;1
SSP2;EWN;Liquids;Truck (18t);trn_freight_road_tmp_subsectorL3;trn_freight_road_tmp_subsectorL2;trn_freight_road;trn_freight;FV;1;1;1;1;1
SSP2;EWN;Liquids;Truck (26t);trn_freight_road_tmp_subsectorL3;trn_freight_road_tmp_subsectorL2;trn_freight_road;trn_freight;FV;1;1;1;1;1
SSP2;EWN;Liquids;Truck (40t);trn_freight_road_tmp_subsectorL3;trn_freight_road_tmp_subsectorL2;trn_freight_road;trn_freight;FV;1;1;1;1;1
SSP2;EWN;Liquids;Truck (7_5t);trn_freight_road_tmp_subsectorL3;trn_freight_road_tmp_subsectorL2;trn_freight_road;trn_freight;FV;1;1;1;1;1
SSP2;EWN;Walk_tmp_technology;Walk_tmp_vehicletype;Walk_tmp_subsectorL3;Walk_tmp_subsectorL2;Walk;trn_pass;FV;1;1;1;1;1
SSP2;FRA;;;;;Cycle;trn_pass;S1S;0.0194000000001882;0.0218000000001131;0.0291000000000095;0.0363999999996228;0.0800000000000527
SSP2;FRA;;;;;Domestic Aviation;trn_pass;S1S;0.000117000000001281;6.58000000001004e-05;5.28999999999862e-05;3.99999999995342e-05;2.00000000000327e-05
SSP2;FRA;;;;;Domestic Ship;trn_freight;S1S;0.00342000000054644;0.0034200000005096;0.00341999999992454;0.00342000000073614;0.00310909090936858
SSP2;FRA;;;;;Freight Rail;trn_freight;S1S;0.0180000000103426;0.0180000000051265;0.0171000000019576;0.0162000000024135;0.0245454545470604
SSP2;FRA;;;;;HSR;trn_pass;S1S;0.000336000000003664;0.000227000000001453;0.00017400000000016;0.000120999999998697;0.000149999999999881
SSP2;FRA;;;;;International Aviation;trn_aviation_intl;S1S;1;1;1;1;1
SSP2;FRA;;;;;International Ship;trn_shipping_intl;S1S;1;1;1;1;1
SSP2;FRA;;;;;Passenger Rail;trn_pass;S1S;0.00397000000003991;0.00298000000000371;0.00267999999999947;0.00237999999997301;0.00299999999999921
SSP2;FRA;;;;;Walk;trn_pass;S1S;1;1;1;1;1
SSP2;FRA;;;;;trn_freight_road;trn_freight;S1S;1;1;1;1;1
SSP2;FRA;;;;;trn_pass_road;trn_pass;S1S;0.0906000000009751;0.0600000000004852;0.0500000000000461;0.0399999999995757;0.0399999999999797
SSP2;FRA;;;;Bus;trn_pass_road;trn_pass;S2S1;0.0793000000000002;0.0873;0.0796190476190474;0.0727272727272725;0.0700000000000001
SSP2;FRA;;;;Cycle_tmp_subsectorL2;Cycle;trn_pass;S2S1;1;1;1;1;1
SSP2;FRA;;;;Domestic Aviation_tmp_subsectorL2;Domestic Aviation;trn_pass;S2S1;1;1;1;1;1
SSP2;FRA;;;;Domestic Ship_tmp_subsectorL2;Domestic Ship;trn_freight;S2S1;1;1;1;1;1
SSP2;FRA;;;;Freight Rail_tmp_subsectorL2;Freight Rail;trn_freight;S2S1;1;1;1;1;1
SSP2;FRA;;;;HSR_tmp_subsectorL2;HSR;trn_pass;S2S1;1;1;1;1;1
SSP2;FRA;;;;International Aviation_tmp_subsectorL2;International Aviation;trn_aviation_intl;S2S1;1;1;1;1;1
SSP2;FRA;;;;International Ship_tmp_subsectorL2;International Ship;trn_shipping_intl;S2S1;1;1;1;1;1
SSP2;FRA;;;;Passenger Rail_tmp_subsectorL2;Passenger Rail;trn_pass;S2S1;1;1;1;1;1
SSP2;FRA;;;;Walk_tmp_subsectorL2;Walk;trn_pass;S2S1;1;1;1;1;1
SSP2;FRA;;;;trn_freight_road_tmp_subsectorL2;trn_freight_road;trn_freight;S2S1;1;1;1;1;1
SSP2;FRA;;;;trn_pass_road_LDV;trn_pass_road;trn_pass;S2S1;1;1;1;1;1
SSP2;FRA;;;Bus_tmp_subsectorL3;Bus;trn_pass_road;trn_pass;S3S2;1;1;1;1;1
SSP2;FRA;;;Cycle_tmp_subsectorL3;Cycle_tmp_subsectorL2;Cycle;trn_pass;S3S2;1;1;1;1;1
SSP2;FRA;;;Domestic Aviation_tmp_subsectorL3;Domestic Aviation_tmp_subsectorL2;Domestic Aviation;trn_pass;S3S2;1;1;1;1;1
SSP2;FRA;;;Domestic Ship_tmp_subsectorL3;Domestic Ship_tmp_subsectorL2;Domestic Ship;trn_freight;S3S2;1;1;1;1;1
SSP2;FRA;;;Freight Rail_tmp_subsectorL3;Freight Rail_tmp_subsectorL2;Freight Rail;trn_freight;S3S2;1;1;1;1;1
SSP2;FRA;;;HSR_tmp_subsectorL3;HSR_tmp_subsectorL2;HSR;trn_pass;S3S2;1;1;1;1;1
SSP2;FRA;;;International Aviation_tmp_subsectorL3;International Aviation_tmp_subsectorL2;International Aviation;trn_aviation_intl;S3S2;1;1;1;1;1
SSP2;FRA;;;International Ship_tmp_subsectorL3;International Ship_tmp_subsectorL2;International Ship;trn_shipping_intl;S3S2;1;1;1;1;1
SSP2;FRA;;;Passenger Rail_tmp_subsectorL3;Passenger Rail_tmp_subsectorL2;Passenger Rail;trn_pass;S3S2;1;1;1;1;1
SSP2;FRA;;;Walk_tmp_subsectorL3;Walk_tmp_subsectorL2;Walk;trn_pass;S3S2;1;1;1;1;1
SSP2;FRA;;;trn_freight_road_tmp_subsectorL3;trn_freight_road_tmp_subsectorL2;trn_freight_road;trn_freight;S3S2;1;1;1;1;1
SSP2;FRA;;;trn_pass_road_LDV_2W;trn_pass_road_LDV;trn_pass_road;trn_pass;S3S2;0.199999999451363;0.200000000963672;0.200000000164131;0.200000000375187;0.199999999449207
SSP2;FRA;;;trn_pass_road_LDV_4W;trn_pass_road_LDV;trn_pass_road;trn_pass;S3S2;1;1;1;1;1
SSP2;FRA;;Bus_tmp_vehicletype;Bus_tmp_subsectorL3;Bus;trn_pass_road;trn_pass;VS3;1;1;1;1;1
SSP2;FRA;;Compact Car;trn_pass_road_LDV_4W;trn_pass_road_LDV;trn_pass_road;trn_pass;VS3;0.634999999592513;0.635000001379467;0.634999999377715;0.634999995342193;0.6349999964873
SSP2;FRA;;Cycle_tmp_vehicletype;Cycle_tmp_subsectorL3;Cycle_tmp_subsectorL2;Cycle;trn_pass;VS3;1;1;1;1;1
SSP2;FRA;;Domestic Aviation_tmp_vehicletype;Domestic Aviation_tmp_subsectorL3;Domestic Aviation_tmp_subsectorL2;Domestic Aviation;trn_pass;VS3;1;1;1;1;1
SSP2;FRA;;Domestic Ship_tmp_vehicletype;Domestic Ship_tmp_subsectorL3;Domestic Ship_tmp_subsectorL2;Domestic Ship;trn_freight;VS3;1;1;1;1;1
SSP2;FRA;;Freight Rail_tmp_vehicletype;Freight Rail_tmp_subsectorL3;Freight Rail_tmp_subsectorL2;Freight Rail;trn_freight;VS3;1;1;1;1;1
SSP2;FRA;;HSR_tmp_vehicletype;HSR_tmp_subsectorL3;HSR_tmp_subsectorL2;HSR;trn_pass;VS3;1;1;1;1;1
SSP2;FRA;;International Aviation_tmp_vehicletype;International Aviation_tmp_subsectorL3;International Aviation_tmp_subsectorL2;International Aviation;trn_aviation_intl;VS3;1;1;1;1;1
SSP2;FRA;;International Ship_tmp_vehicletype;International Ship_tmp_subsectorL3;International Ship_tmp_subsectorL2;International Ship;trn_shipping_intl;VS3;1;1;1;1;1
SSP2;FRA;;Large Car and SUV;trn_pass_road_LDV_4W;trn_pass_road_LDV;trn_pass_road;trn_pass;VS3;1;1;1;1;1
SSP2;FRA;;Midsize Car;trn_pass_road_LDV_4W;trn_pass_road_LDV;trn_pass_road;trn_pass;VS3;0.362999999443407;0.363000000157486;0.362999998698417;0.362999994634479;0.362999998410066
SSP2;FRA;;Moped;trn_pass_road_LDV_2W;trn_pass_road_LDV;trn_pass_road;trn_pass;VS3;0.0919999999847025;0.0920000001759673;0.0920000001823272;0.0919999999194382;0.0920000049380922
SSP2;FRA;;Motorcycle (50-250cc);trn_pass_road_LDV_2W;trn_pass_road_LDV;trn_pass_road;trn_pass;VS3;0.0676999999653851;0.0677000002208279;0.0677000003958909;0.067700000049644;0.0677000004916842
SSP2;FRA;;Motorcycle (>250cc);trn_pass_road_LDV_2W;trn_pass_road_LDV;trn_pass_road;trn_pass;VS3;1;1;1;1;1
SSP2;FRA;;Passenger Rail_tmp_vehicletype;Passenger Rail_tmp_subsectorL3;Passenger Rail_tmp_subsectorL2;Passenger Rail;trn_pass;VS3;1;1;1;1;1
SSP2;FRA;;Subcompact Car;trn_pass_road_LDV_4W;trn_pass_road_LDV;trn_pass_road;trn_pass;VS3;0.802999998506296;0.803000002257755;0.802999999257434;0.80299999489503;0.802999997082591
SSP2;FRA;;Truck (0-3_5t);trn_freight_road_tmp_subsectorL3;trn_freight_road_tmp_subsectorL2;trn_freight_road;trn_freight;VS3;1;1;1;1;1
SSP2;FRA;;Truck (18t);trn_freight_road_tmp_subsectorL3;trn_freight_road_tmp_subsectorL2;trn_freight_road;trn_freight;VS3;0.14099999999655;0.141000000139051;0.141000000290087;0.141000000452847;0.141000000026985
SSP2;FRA;;Truck (26t);trn_freight_road_tmp_subsectorL3;trn_freight_road_tmp_subsectorL2;trn_freight_road;trn_freight;VS3;0.160000000025605;0.160000000185714;0.16000000033871;0.160000000462233;0.159999999994074
SSP2;FRA;;Truck (40t);trn_freight_road_tmp_subsectorL3;trn_freight_road_tmp_subsectorL2;trn_freight_road;trn_freight;VS3;0.400999999952719;0.401000000514978;0.401000000733183;0.401000001154227;0.400999999988577
SSP2;FRA;;Truck (7_5t);trn_freight_road_tmp_subsectorL3;trn_freight_road_tmp_subsectorL2;trn_freight_road;trn_freight;VS3;0.375999999931899;0.376000000421848;0.37600000077685;0.376000001125767;0.375999999979575
SSP2;FRA;;Walk_tmp_vehicletype;Walk_tmp_subsectorL3;Walk_tmp_subsectorL2;Walk;trn_pass;VS3;1;1;1;1;1
SSP2;FRA;BEV;Bus_tmp_vehicletype;Bus_tmp_subsectorL3;Bus;trn_pass_road;trn_pass;FV;0.0139999999945758;0.168000000253442;0.313;0.458000000590116;0.953000000803329
SSP2;FRA;BEV;Compact Car;trn_pass_road_LDV_4W;trn_pass_road_LDV;trn_pass_road;trn_pass;FV;0.0124973866663766;0.0207828453471445;0.0405406906118149;0.0946614088698081;1
SSP2;FRA;BEV;Large Car and SUV;trn_pass_road_LDV_4W;trn_pass_road_LDV;trn_pass_road;trn_pass;FV;0.0568113533278262;0.0745713626497109;0.111574649548505;0.204135564814956;1
SSP2;FRA;BEV;Midsize Car;trn_pass_road_LDV_4W;trn_pass_road_LDV;trn_pass_road;trn_pass;FV;0.0127631663007999;0.0210479582172054;0.0406230705824104;0.0938812467710434;1
SSP2;FRA;BEV;Moped;trn_pass_road_LDV_2W;trn_pass_road_LDV;trn_pass_road;trn_pass;FV;0;0.250000000020634;0.735294117718272;1;1
SSP2;FRA;BEV;Motorcycle (50-250cc);trn_pass_road_LDV_2W;trn_pass_road_LDV;trn_pass_road;trn_pass;FV;0;0.249999999376294;0.735294119043185;1;1
SSP2;FRA;BEV;Motorcycle (>250cc);trn_pass_road_LDV_2W;trn_pass_road_LDV;trn_pass_road;trn_pass;FV;0;0.249999999950879;0.735294105391474;1;1
SSP2;FRA;BEV;Subcompact Car;trn_pass_road_LDV_4W;trn_pass_road_LDV;trn_pass_road;trn_pass;FV;0.00603321950897891;0.0110205677682651;0.0228866641930947;0.0557413554538225;1
SSP2;FRA;BEV;Truck (0-3_5t);trn_freight_road_tmp_subsectorL3;trn_freight_road_tmp_subsectorL2;trn_freight_road;trn_freight;FV;0;0.31699999992363;0.490999999358611;0.664999999282545;0.909000003516296
SSP2;FRA;BEV;Truck (18t);trn_freight_road_tmp_subsectorL3;trn_freight_road_tmp_subsectorL2;trn_freight_road;trn_freight;FV;0;0.125999999991394;0.242000000138437;0.357999998653959;0.881000005127741
SSP2;FRA;BEV;Truck (26t);trn_freight_road_tmp_subsectorL3;trn_freight_road_tmp_subsectorL2;trn_freight_road;trn_freight;FV;0;0.126000000165903;0.241999999863076;0.358000002945178;0.881000000013798
SSP2;FRA;BEV;Truck (40t);trn_freight_road_tmp_subsectorL3;trn_freight_road_tmp_subsectorL2;trn_freight_road;trn_freight;FV;0;0.12600000009766;0.242000001061684;0.358000001252389;0.881000003998394
SSP2;FRA;BEV;Truck (7_5t);trn_freight_road_tmp_subsectorL3;trn_freight_road_tmp_subsectorL2;trn_freight_road;trn_freight;FV;0;0.31699999991833;0.490999998141395;0.664999999303237;0.909000000742802
SSP2;FRA;Cycle_tmp_technology;Cycle_tmp_vehicletype;Cycle_tmp_subsectorL3;Cycle_tmp_subsectorL2;Cycle;trn_pass;FV;1;1;1;1;1
SSP2;FRA;Electric;Freight Rail_tmp_vehicletype;Freight Rail_tmp_subsectorL3;Freight Rail_tmp_subsectorL2;Freight Rail;trn_freight;FV;1;1;1;1;1
SSP2;FRA;Electric;HSR_tmp_vehicletype;HSR_tmp_subsectorL3;HSR_tmp_subsectorL2;HSR;trn_pass;FV;1;1;1;1;1
SSP2;FRA;Electric;Passenger Rail_tmp_vehicletype;Passenger Rail_tmp_subsectorL3;Passenger Rail_tmp_subsectorL2;Passenger Rail;trn_pass;FV;1;1;1;1;1
SSP2;FRA;FCEV;Bus_tmp_vehicletype;Bus_tmp_subsectorL3;Bus;trn_pass_road;trn_pass;FV;0.01219999999643;0.0146000000129842;0.0179;0.0213000000263256;0.0819000003133617
SSP2;FRA;FCEV;Compact Car;trn_pass_road_LDV_4W;trn_pass_road_LDV;trn_pass_road;trn_pass;FV;0.00340753416465696;0.00411607001341484;0.00593798485770462;0.00635940744183958;0.00642672443357213
SSP2;FRA;FCEV;Large Car and SUV;trn_pass_road_LDV_4W;trn_pass_road_LDV;trn_pass_road;trn_pass;FV;0.0165321510663773;0.0168508503494504;0.0193888235111877;0.0203903610715267;0.0177377491438067
SSP2;FRA;FCEV;Midsize Car;trn_pass_road_LDV_4W;trn_pass_road_LDV;trn_pass_road;trn_pass;FV;0.00352692458541432;0.00428175143233433;0.00623249915634062;0.00637706917628234;0.00673897741649754
SSP2;FRA;FCEV;Subcompact Car;trn_pass_road_LDV_4W;trn_pass_road_LDV;trn_pass_road;trn_pass;FV;0.00142574652502923;0.00187748856477229;0.00290804916891204;0.00317726584477773;0.00429494373022231
SSP2;FRA;FCEV;Truck (0-3_5t);trn_freight_road_tmp_subsectorL3;trn_freight_road_tmp_subsectorL2;trn_freight_road;trn_freight;FV;0;0.0790999999592557;0.156000000170483;0.234000001037412;0.149999999984396
SSP2;FRA;FCEV;Truck (18t);trn_freight_road_tmp_subsectorL3;trn_freight_road_tmp_subsectorL2;trn_freight_road;trn_freight;FV;0;0.0292000000000995;0.0589000000466617;0.0885999998008381;0.103000000261724
SSP2;FRA;FCEV;Truck (26t);trn_freight_road_tmp_subsectorL3;trn_freight_road_tmp_subsectorL2;trn_freight_road;trn_freight;FV;0;0.0292000000267273;0.0589000000719812;0.0886000003155449;0.102999999599964
SSP2;FRA;FCEV;Truck (40t);trn_freight_road_tmp_subsectorL3;trn_freight_road_tmp_subsectorL2;trn_freight_road;trn_freight;FV;0;0.0292000000568211;0.0588999999964458;0.0886000002035739;0.102999999823286
SSP2;FRA;FCEV;Truck (7_5t);trn_freight_road_tmp_subsectorL3;trn_freight_road_tmp_subsectorL2;trn_freight_road;trn_freight;FV;0;0.0790999999823664;0.155999999493619;0.234000000057238;0.150000000161438
SSP2;FRA;Gases;Bus_tmp_vehicletype;Bus_tmp_subsectorL3;Bus;trn_pass_road;trn_pass;FV;0.0153999999949084;0.0262999999922701;0.0526;0.0789999999771138;0.14199999936494
SSP2;FRA;Gases;Compact Car;trn_pass_road_LDV_4W;trn_pass_road_LDV;trn_pass_road;trn_pass;FV;0.000370797326246603;0.000458325156414423;0.00072934346552124;0.00123751217772495;0.00157817715621103
SSP2;FRA;Gases;Large Car and SUV;trn_pass_road_LDV_4W;trn_pass_road_LDV;trn_pass_road;trn_pass;FV;0.00273103527326136;0.00304637952398957;0.00405154367722812;0.00584791084118702;0.00641604047768808
SSP2;FRA;Gases;Midsize Car;trn_pass_road_LDV_4W;trn_pass_road_LDV;trn_pass_road;trn_pass;FV;0.000372158393962631;0.000456163406967401;0.000716905022748818;0.00120387663728082;0.00156555482657229
SSP2;FRA;Gases;Subcompact Car;trn_pass_road_LDV_4W;trn_pass_road_LDV;trn_pass_road;trn_pass;FV;0.000163804538979514;0.00020890719464735;0.000343029598168292;0.000587778795180617;0.000975180065463691
SSP2;FRA;Gases;Truck (0-3_5t);trn_freight_road_tmp_subsectorL3;trn_freight_road_tmp_subsectorL2;trn_freight_road;trn_freight;FV;0;0.0262999999700089;0.0461000000116394;0.0658000003234765;0.159999999237468
SSP2;FRA;Gases;Truck (18t);trn_freight_road_tmp_subsectorL3;trn_freight_road_tmp_subsectorL2;trn_freight_road;trn_freight;FV;0;0.0262999999976744;0.0461000000221327;0.06579999985223;0.160000000167675
SSP2;FRA;Gases;Truck (26t);trn_freight_road_tmp_subsectorL3;trn_freight_road_tmp_subsectorL2;trn_freight_road;trn_freight;FV;0;0.0263000000299839;0.0460999999610799;0.0658000002580114;0.159999999690703
SSP2;FRA;Gases;Truck (40t);trn_freight_road_tmp_subsectorL3;trn_freight_road_tmp_subsectorL2;trn_freight_road;trn_freight;FV;0;0.0263000000352868;0.0461000001706008;0.0657999999783161;0.160000000371748
SSP2;FRA;Gases;Truck (7_5t);trn_freight_road_tmp_subsectorL3;trn_freight_road_tmp_subsectorL2;trn_freight_road;trn_freight;FV;0;0.026299999997755;0.0460999999077051;0.0658000002440208;0.160000000385795
SSP2;FRA;Hybrid electric;Compact Car;trn_pass_road_LDV_4W;trn_pass_road_LDV;trn_pass_road;trn_pass;FV;0.0421313090424334;0.0576386416260522;0.0998609102112969;0.156198158054193;0.125124473724751
SSP2;FRA;Hybrid electric;Large Car and SUV;trn_pass_road_LDV_4W;trn_pass_road_LDV;trn_pass_road;trn_pass;FV;0.125702698879772;0.149858893946682;0.211395108717571;0.283557124070977;0.213048896570009
SSP2;FRA;Hybrid electric;Midsize Car;trn_pass_road_LDV_4W;trn_pass_road_LDV;trn_pass_road;trn_pass;FV;0.0443602987279747;0.0600043661399501;0.102280406588693;0.158440248411428;0.130865065155245
SSP2;FRA;Hybrid electric;Subcompact Car;trn_pass_road_LDV_4W;trn_pass_road_LDV;trn_pass_road;trn_pass;FV;0.0239755569411903;0.0336776932759311;0.0600968372440553;0.0952199674787015;0.0964312477677467
SSP2;FRA;Hydrogen;Domestic Aviation_tmp_vehicletype;Domestic Aviation_tmp_subsectorL3;Domestic Aviation_tmp_subsectorL2;Domestic Aviation;trn_pass;FV;0;8.32e-07;2.30999999999934e-05;4.53999999999587e-05;0.118999999868758
SSP2;FRA;Liquids;Bus_tmp_vehicletype;Bus_tmp_subsectorL3;Bus;trn_pass_road;trn_pass;FV;1;1;1;1;1
SSP2;FRA;Liquids;Compact Car;trn_pass_road_LDV_4W;trn_pass_road_LDV;trn_pass_road;trn_pass;FV;1;1;1;1;0.348409636980217
SSP2;FRA;Liquids;Domestic Aviation_tmp_vehicletype;Domestic Aviation_tmp_subsectorL3;Domestic Aviation_tmp_subsectorL2;Domestic Aviation;trn_pass;FV;1;1;1;1;1
SSP2;FRA;Liquids;Domestic Ship_tmp_vehicletype;Domestic Ship_tmp_subsectorL3;Domestic Ship_tmp_subsectorL2;Domestic Ship;trn_freight;FV;1;1;1;1;1
SSP2;FRA;Liquids;Freight Rail_tmp_vehicletype;Freight Rail_tmp_subsectorL3;Freight Rail_tmp_subsectorL2;Freight Rail;trn_freight;FV;0.16099999992211;0.160999999897274;0.161000000023179;0.160999999739125;0.161000000157097
SSP2;FRA;Liquids;International Aviation_tmp_vehicletype;International Aviation_tmp_subsectorL3;International Aviation_tmp_subsectorL2;International Aviation;trn_aviation_intl;FV;1;1;1;1;1
SSP2;FRA;Liquids;International Ship_tmp_vehicletype;International Ship_tmp_subsectorL3;International Ship_tmp_subsectorL2;International Ship;trn_shipping_intl;FV;1;1;1;1;1
SSP2;FRA;Liquids;Large Car and SUV;trn_pass_road_LDV_4W;trn_pass_road_LDV;trn_pass_road;trn_pass;FV;1;1;1;1;0.423654500414177
SSP2;FRA;Liquids;Midsize Car;trn_pass_road_LDV_4W;trn_pass_road_LDV;trn_pass_road;trn_pass;FV;1;1;1;1;0.365086732721608
SSP2;FRA;Liquids;Moped;trn_pass_road_LDV_2W;trn_pass_road_LDV;trn_pass_road;trn_pass;FV;1;1;1;0.700000000883058;0.099999999976453
SSP2;FRA;Liquids;Motorcycle (50-250cc);trn_pass_road_LDV_2W;trn_pass_road_LDV;trn_pass_road;trn_pass;FV;1;1;1;0.700000000317971;0.0999999999351178
SSP2;FRA;Liquids;Motorcycle (>250cc);trn_pass_road_LDV_2W;trn_pass_road_LDV;trn_pass_road;trn_pass;FV;1;1;1;0.70000000716913;0.0999999999642995
SSP2;FRA;Liquids;Passenger Rail_tmp_vehicletype;Passenger Rail_tmp_subsectorL3;Passenger Rail_tmp_subsectorL2;Passenger Rail;trn_pass;FV;0.0539000000121521;0.0539000000037374;0.0538999999964751;0.0539000000052576;0.0539000000090919
SSP2;FRA;Liquids;Subcompact Car;trn_pass_road_LDV_4W;trn_pass_road_LDV;trn_pass_road;trn_pass;FV;1;1;1;1;0.438758784231492
SSP2;FRA;Liquids;Truck (0-3_5t);trn_freight_road_tmp_subsectorL3;trn_freight_road_tmp_subsectorL2;trn_freight_road;trn_freight;FV;1;1;1;1;1
SSP2;FRA;Liquids;Truck (18t);trn_freight_road_tmp_subsectorL3;trn_freight_road_tmp_subsectorL2;trn_freight_road;trn_freight;FV;1;1;1;1;1
SSP2;FRA;Liquids;Truck (26t);trn_freight_road_tmp_subsectorL3;trn_freight_road_tmp_subsectorL2;trn_freight_road;trn_freight;FV;1;1;1;1;1
SSP2;FRA;Liquids;Truck (40t);trn_freight_road_tmp_subsectorL3;trn_freight_road_tmp_subsectorL2;trn_freight_road;trn_freight;FV;1;1;1;1;1
SSP2;FRA;Liquids;Truck (7_5t);trn_freight_road_tmp_subsectorL3;trn_freight_road_tmp_subsectorL2;trn_freight_road;trn_freight;FV;1;1;1;1;1
SSP2;FRA;Walk_tmp_technology;Walk_tmp_vehicletype;Walk_tmp_subsectorL3;Walk_tmp_subsectorL2;Walk;trn_pass;FV;1;1;1;1;1
SSP2;IND;;;;;Cycle;trn_pass;S1S;0.0106666666667898;0.0212000000014136;0.0356000000014873;0.049999999999495;0.108333333326712
SSP2;IND;;;;;Domestic Aviation;trn_pass;S1S;0.777777778021441;0.504666666725803;0.38600000000187;0.266666666672908;0.208333333320511
SSP2;IND;;;;;Domestic Ship;trn_freight;S1S;0.0122222222237237;0.0066666666647222;0.00666666666552024;0.00769230769238712;0.0076923076887451
SSP2;IND;;;;;Freight Rail;trn_freight;S1S;0.049999999985562;0.0400000000281125;0.00999999999743497;0.0115384615401388;0.000538461538410582
SSP2;IND;;;;;HSR;trn_pass;S1S;0;0.000133333333324826;0.000133333333338148;0.000133333333333195;0.000166666666656143
SSP2;IND;;;;;International Aviation;trn_aviation_intl;S1S;1;1;1;1;1
SSP2;IND;;;;;International Ship;trn_shipping_intl;S1S;1;1;1;1;1
SSP2;IND;;;;;Passenger Rail;trn_pass;S1S;0.0030555555555912;0.00199999999983435;0.00133333333338425;0.00080000000001167;0.00099999999993746
SSP2;IND;;;;;Walk;trn_pass;S1S;0.583333333316754;0.600000000105654;0.700000000246055;0.800000000448622;1
SSP2;IND;;;;;trn_freight_road;trn_freight;S1S;1;1;1;1;1
SSP2;IND;;;;;trn_pass_road;trn_pass;S1S;1;1;1;1;0.999999999937585
SSP2;IND;;;;Bus;trn_pass_road;trn_pass;S2S1;0.435967302452317;0.2;0.262;0.16;0.03
SSP2;IND;;;;Cycle_tmp_subsectorL2;Cycle;trn_pass;S2S1;1;1;1;1;1
SSP2;IND;;;;Domestic Aviation_tmp_subsectorL2;Domestic Aviation;trn_pass;S2S1;1;1;1;1;1
SSP2;IND;;;;Domestic Ship_tmp_subsectorL2;Domestic Ship;trn_freight;S2S1;1;1;1;1;1
SSP2;IND;;;;Freight Rail_tmp_subsectorL2;Freight Rail;trn_freight;S2S1;1;1;1;1;1
SSP2;IND;;;;HSR_tmp_subsectorL2;HSR;trn_pass;S2S1;0;1;1;1;1
SSP2;IND;;;;International Aviation_tmp_subsectorL2;International Aviation;trn_aviation_intl;S2S1;1;1;1;1;1
SSP2;IND;;;;International Ship_tmp_subsectorL2;International Ship;trn_shipping_intl;S2S1;1;1;1;1;1
SSP2;IND;;;;Passenger Rail_tmp_subsectorL2;Passenger Rail;trn_pass;S2S1;1;1;1;1;1
SSP2;IND;;;;Walk_tmp_subsectorL2;Walk;trn_pass;S2S1;1;1;1;1;1
SSP2;IND;;;;trn_freight_road_tmp_subsectorL2;trn_freight_road;trn_freight;S2S1;1;1;1;1;1
SSP2;IND;;;;trn_pass_road_LDV;trn_pass_road;trn_pass;S2S1;1;1;1;1;1
SSP2;IND;;;Bus_tmp_subsectorL3;Bus;trn_pass_road;trn_pass;S3S2;1;1;1;1;1
SSP2;IND;;;Cycle_tmp_subsectorL3;Cycle_tmp_subsectorL2;Cycle;trn_pass;S3S2;1;1;1;1;1
SSP2;IND;;;Domestic Aviation_tmp_subsectorL3;Domestic Aviation_tmp_subsectorL2;Domestic Aviation;trn_pass;S3S2;1;1;1;1;1
SSP2;IND;;;Domestic Ship_tmp_subsectorL3;Domestic Ship_tmp_subsectorL2;Domestic Ship;trn_freight;S3S2;1;1;1;1;1
SSP2;IND;;;Freight Rail_tmp_subsectorL3;Freight Rail_tmp_subsectorL2;Freight Rail;trn_freight;S3S2;1;1;1;1;1
SSP2;IND;;;HSR_tmp_subsectorL3;HSR_tmp_subsectorL2;HSR;trn_pass;S3S2;0;1;1;1;1
SSP2;IND;;;International Aviation_tmp_subsectorL3;International Aviation_tmp_subsectorL2;International Aviation;trn_aviation_intl;S3S2;1;1;1;1;1
SSP2;IND;;;International Ship_tmp_subsectorL3;International Ship_tmp_subsectorL2;International Ship;trn_shipping_intl;S3S2;1;1;1;1;1
SSP2;IND;;;Passenger Rail_tmp_subsectorL3;Passenger Rail_tmp_subsectorL2;Passenger Rail;trn_pass;S3S2;1;1;1;1;1
SSP2;IND;;;Walk_tmp_subsectorL3;Walk_tmp_subsectorL2;Walk;trn_pass;S3S2;1;1;1;1;1
SSP2;IND;;;trn_freight_road_tmp_subsectorL3;trn_freight_road_tmp_subsectorL2;trn_freight_road;trn_freight;S3S2;1;1;1;1;1
SSP2;IND;;;trn_pass_road_LDV_2W;trn_pass_road_LDV;trn_pass_road;trn_pass;S3S2;0.0740740705507743;0.0555555543157028;0.06060606124789;0.0629370636689705;0.558035714153971
SSP2;IND;;;trn_pass_road_LDV_3W;trn_pass_road_LDV;trn_pass_road;trn_pass;S3S2;0.0162962957552681;0.00520833314816167;0.0053030304310564;0.00279720277798701;0.00446428570849768
SSP2;IND;;;trn_pass_road_LDV_4W;trn_pass_road_LDV;trn_pass_road;trn_pass;S3S2;1;1;1;1;1
SSP2;IND;;Bus_tmp_vehicletype;Bus_tmp_subsectorL3;Bus;trn_pass_road;trn_pass;VS3;1;1;1;1;1
SSP2;IND;;Compact Car;trn_pass_road_LDV_4W;trn_pass_road_LDV;trn_pass_road;trn_pass;VS3;1;1;0.999999979879851;0.999999999479678;0.999999998264147
SSP2;IND;;Cycle_tmp_vehicletype;Cycle_tmp_subsectorL3;Cycle_tmp_subsectorL2;Cycle;trn_pass;VS3;1;1;1;1;1
SSP2;IND;;Domestic Aviation_tmp_vehicletype;Domestic Aviation_tmp_subsectorL3;Domestic Aviation_tmp_subsectorL2;Domestic Aviation;trn_pass;VS3;1;1;1;1;1
SSP2;IND;;Domestic Ship_tmp_vehicletype;Domestic Ship_tmp_subsectorL3;Domestic Ship_tmp_subsectorL2;Domestic Ship;trn_freight;VS3;1;1;1;1;1
SSP2;IND;;Freight Rail_tmp_vehicletype;Freight Rail_tmp_subsectorL3;Freight Rail_tmp_subsectorL2;Freight Rail;trn_freight;VS3;1;1;1;1;1
SSP2;IND;;HSR_tmp_vehicletype;HSR_tmp_subsectorL3;HSR_tmp_subsectorL2;HSR;trn_pass;VS3;0;1;1;1;1
SSP2;IND;;International Aviation_tmp_vehicletype;International Aviation_tmp_subsectorL3;International Aviation_tmp_subsectorL2;International Aviation;trn_aviation_intl;VS3;1;1;1;1;1
SSP2;IND;;International Ship_tmp_vehicletype;International Ship_tmp_subsectorL3;International Ship_tmp_subsectorL2;International Ship;trn_shipping_intl;VS3;1;1;1;1;1
SSP2;IND;;Large Car and SUV;trn_pass_road_LDV_4W;trn_pass_road_LDV;trn_pass_road;trn_pass;VS3;0.999999999254197;0.999999999417866;1;1;1
SSP2;IND;;Mini Car;trn_pass_road_LDV_4W;trn_pass_road_LDV;trn_pass_road;trn_pass;VS3;0.00637000000214924;0.00637000000015134;0.00636999999137972;0.00636999999996459;0.00636999999517674
SSP2;IND;;Moped;trn_pass_road_LDV_2W;trn_pass_road_LDV;trn_pass_road;trn_pass;VS3;0.0949999999827907;0.0950000007067263;0.0950000000035068;0.0950000001279142;0.0949999999897748
SSP2;IND;;Motorcycle (50-250cc);trn_pass_road_LDV_2W;trn_pass_road_LDV;trn_pass_road;trn_pass;VS3;1;1;1;1;1
SSP2;IND;;Passenger Rail_tmp_vehicletype;Passenger Rail_tmp_subsectorL3;Passenger Rail_tmp_subsectorL2;Passenger Rail;trn_pass;VS3;1;1;1;1;1
SSP2;IND;;Rickshaw;trn_pass_road_LDV_3W;trn_pass_road_LDV;trn_pass_road;trn_pass;VS3;1;1;1;1;1
SSP2;IND;;Subcompact Car;trn_pass_road_LDV_4W;trn_pass_road_LDV;trn_pass_road;trn_pass;VS3;0.352000000093695;0.352000000053478;0.351999999006579;0.3519999999041;0.351999999738074
SSP2;IND;;Truck (0-3_5t);trn_freight_road_tmp_subsectorL3;trn_freight_road_tmp_subsectorL2;trn_freight_road;trn_freight;VS3;0.213414634910522;0.599999997553818;0.711111110944043;0.457516341911746;0.490196079481096
SSP2;IND;;Truck (18t);trn_freight_road_tmp_subsectorL3;trn_freight_road_tmp_subsectorL2;trn_freight_road;trn_freight;VS3;0.0670731707332412;0.300000000041335;0.333333333291712;0.49019607845773;0.490196078433536
SSP2;IND;;Truck (26t);trn_freight_road_tmp_subsectorL3;trn_freight_road_tmp_subsectorL2;trn_freight_road;trn_freight;VS3;0.487804878057345;0.600000000016208;0.555555555547237;0.68627450979733;0.686274509816684
SSP2;IND;;Truck (40t);trn_freight_road_tmp_subsectorL3;trn_freight_road_tmp_subsectorL2;trn_freight_road;trn_freight;VS3;0.121951219516617;0.200000000020958;0.222222222194739;0.369281045780437;0.369281045769153
SSP2;IND;;Truck (7_5t);trn_freight_road_tmp_subsectorL3;trn_freight_road_tmp_subsectorL2;trn_freight_road;trn_freight;VS3;1;1;1;1;1
SSP2;IND;;Walk_tmp_vehicletype;Walk_tmp_subsectorL3;Walk_tmp_subsectorL2;Walk;trn_pass;VS3;1;1;1;1;1
SSP2;IND;BEV;Bus_tmp_vehicletype;Bus_tmp_subsectorL3;Bus;trn_pass_road;trn_pass;FV;0;0.100000000014;0.196999999584767;0.292999999968698;0.665000000109092
SSP2;IND;BEV;Compact Car;trn_pass_road_LDV_4W;trn_pass_road_LDV;trn_pass_road;trn_pass;FV;0.00174221028817472;0.00411688316720346;0.00943340689224745;0.031703715570742;1
SSP2;IND;BEV;Large Car and SUV;trn_pass_road_LDV_4W;trn_pass_road_LDV;trn_pass_road;trn_pass;FV;0.00533268370657501;0.009866728489314;0.0205659449027584;0.0629025651188306;1
SSP2;IND;BEV;Mini Car;trn_pass_road_LDV_4W;trn_pass_road_LDV;trn_pass_road;trn_pass;FV;0.000225963921295978;0.000936209330006861;0.00273345024780909;0.013092037171231;1
SSP2;IND;BEV;Moped;trn_pass_road_LDV_2W;trn_pass_road_LDV;trn_pass_road;trn_pass;FV;0.20000000057149;0.599999993568227;1;1;1
SSP2;IND;BEV;Motorcycle (50-250cc);trn_pass_road_LDV_2W;trn_pass_road_LDV;trn_pass_road;trn_pass;FV;0.199999999156874;0.599999999939391;1;1;1
SSP2;IND;BEV;Rickshaw;trn_pass_road_LDV_3W;trn_pass_road_LDV;trn_pass_road;trn_pass;FV;0.200000000150114;0.599999999863033;1;1;1
SSP2;IND;BEV;Subcompact Car;trn_pass_road_LDV_4W;trn_pass_road_LDV;trn_pass_road;trn_pass;FV;0.00066982960086207;0.00186753753239154;0.00458370663768772;0.0186527250766586;1
SSP2;IND;BEV;Truck (0-3_5t);trn_freight_road_tmp_subsectorL3;trn_freight_road_tmp_subsectorL2;trn_freight_road;trn_freight;FV;0;0.0185999999966049;0.0366400000050623;0.0636000000246925;0.0643000000384599
SSP2;IND;BEV;Truck (18t);trn_freight_road_tmp_subsectorL3;trn_freight_road_tmp_subsectorL2;trn_freight_road;trn_freight;FV;0;0.00740000000004655;0.0181600000000186;0.0342000000198138;0.0623999997860012
SSP2;IND;BEV;Truck (26t);trn_freight_road_tmp_subsectorL3;trn_freight_road_tmp_subsectorL2;trn_freight_road;trn_freight;FV;0;0.15599999997694;0.144799999983648;0.12699999986853;0.0654999999286327
SSP2;IND;BEV;Truck (40t);trn_freight_road_tmp_subsectorL3;trn_freight_road_tmp_subsectorL2;trn_freight_road;trn_freight;FV;0;0.156000000016686;0.144800000067939;0.126999998865229;0.0654999998787408
SSP2;IND;BEV;Truck (7_5t);trn_freight_road_tmp_subsectorL3;trn_freight_road_tmp_subsectorL2;trn_freight_road;trn_freight;FV;0;0.0185999999997265;0.036640000001486;0.0636000000233369;0.0642997891723997
SSP2;IND;Cycle_tmp_technology;Cycle_tmp_vehicletype;Cycle_tmp_subsectorL3;Cycle_tmp_subsectorL2;Cycle;trn_pass;FV;1;1;1;1;1
SSP2;IND;Electric;Freight Rail_tmp_vehicletype;Freight Rail_tmp_subsectorL3;Freight Rail_tmp_subsectorL2;Freight Rail;trn_freight;FV;1;1;1;1;1
SSP2;IND;Electric;HSR_tmp_vehicletype;HSR_tmp_subsectorL3;HSR_tmp_subsectorL2;HSR;trn_pass;FV;0;1;1;1;1
SSP2;IND;Electric;Passenger Rail_tmp_vehicletype;Passenger Rail_tmp_subsectorL3;Passenger Rail_tmp_subsectorL2;Passenger Rail;trn_pass;FV;1;1;1;1;1
SSP2;IND;FCEV;Bus_tmp_vehicletype;Bus_tmp_subsectorL3;Bus;trn_pass_road;trn_pass;FV;0;0;0.00982000000045303;0.0195999999955872;0.0545999999403274
SSP2;IND;FCEV;Compact Car;trn_pass_road_LDV_4W;trn_pass_road_LDV;trn_pass_road;trn_pass;FV;0.000481929529060576;0.000893458179709852;0.0028878001786123;0.00617165420292061;0.00594439523186644
SSP2;IND;FCEV;Large Car and SUV;trn_pass_road_LDV_4W;trn_pass_road_LDV;trn_pass_road;trn_pass;FV;0.00142093308980053;0.00213093409664204;0.00551690974670902;0.0116280373159989;0.00866170110371004
SSP2;IND;FCEV;Mini Car;trn_pass_road_LDV_4W;trn_pass_road_LDV;trn_pass_road;trn_pass;FV;9.08140371077574e-05;0.000276280867087814;0.00162365428993817;0.0040494578564426;0.00279596968903424
SSP2;IND;FCEV;Subcompact Car;trn_pass_road_LDV_4W;trn_pass_road_LDV;trn_pass_road;trn_pass;FV;0.000194105508626061;0.000414568492000646;0.00174055399918449;0.00425868092792569;0.00290648100682777
SSP2;IND;FCEV;Truck (0-3_5t);trn_freight_road_tmp_subsectorL3;trn_freight_road_tmp_subsectorL2;trn_freight_road;trn_freight;FV;0;0;0.00344800000019791;0.00863000000124988;0.00160000000201218
SSP2;IND;FCEV;Truck (18t);trn_freight_road_tmp_subsectorL3;trn_freight_road_tmp_subsectorL2;trn_freight_road;trn_freight;FV;0;0;0.00131199999997819;0.00326999999887284;0.00108999999988181
SSP2;IND;FCEV;Truck (26t);trn_freight_road_tmp_subsectorL3;trn_freight_road_tmp_subsectorL2;trn_freight_road;trn_freight;FV;0;0;0.0728000000817651;0.181999998611633;0.00217999999919769
SSP2;IND;FCEV;Truck (40t);trn_freight_road_tmp_subsectorL3;trn_freight_road_tmp_subsectorL2;trn_freight_road;trn_freight;FV;0;0;0.0727999999955413;0.182000001311076;0.00218000000487404
SSP2;IND;FCEV;Truck (7_5t);trn_freight_road_tmp_subsectorL3;trn_freight_road_tmp_subsectorL2;trn_freight_road;trn_freight;FV;0;0;0.00344799999985309;0.00863000000065616;0.00159999533231745
SSP2;IND;Gases;Bus_tmp_vehicletype;Bus_tmp_subsectorL3;Bus;trn_pass_road;trn_pass;FV;0.0999999999974244;0.100000000012481;0.074999999985447;0.0499999999873897;0.00999999999510448
SSP2;IND;Gases;Compact Car;trn_pass_road_LDV_4W;trn_pass_road_LDV;trn_pass_road;trn_pass;FV;5.81658484426528e-05;0.000159454172155434;0.000556865210996046;0.00193196019406041;0.00329679144891156
SSP2;IND;Gases;Large Car and SUV;trn_pass_road_LDV_4W;trn_pass_road_LDV;trn_pass_road;trn_pass;FV;0.000235479714007143;0.000508850251853466;0.00151693558639174;0.0047097698934495;0.0062386419649882
SSP2;IND;Gases;Mini Car;trn_pass_road_LDV_4W;trn_pass_road_LDV;trn_pass_road;trn_pass;FV;3.28662062542766e-06;1.52082775309102e-05;8.60871365217441e-05;0.000447693361315412;0.000750734731372871
SSP2;IND;Gases;Subcompact Car;trn_pass_road_LDV_4W;trn_pass_road_LDV;trn_pass_road;trn_pass;FV;1.50900243840987e-05;4.3442437767316e-05;0.000170007923327608;0.000695736591527543;0.000806211778504357
SSP2;IND;Gases;Truck (0-3_5t);trn_freight_road_tmp_subsectorL3;trn_freight_road_tmp_subsectorL2;trn_freight_road;trn_freight;FV;0.0249999999883691;0.00199999999966;0.00199999999997798;0.00200000000060766;0.00100000000067715
SSP2;IND;Gases;Truck (18t);trn_freight_road_tmp_subsectorL3;trn_freight_road_tmp_subsectorL2;trn_freight_road;trn_freight;FV;0.0249999999667605;0.00200000000020735;0.00199999999976995;0.00199999999989958;0.000999999998624819
SSP2;IND;Gases;Truck (26t);trn_freight_road_tmp_subsectorL3;trn_freight_road_tmp_subsectorL2;trn_freight_road;trn_freight;FV;0.0250000000004135;0.00200000000097766;0.00199999999644261;0.00199999999532182;0.000999999999290967
SSP2;IND;Gases;Truck (40t);trn_freight_road_tmp_subsectorL3;trn_freight_road_tmp_subsectorL2;trn_freight_road;trn_freight;FV;0.024999999994402;0.00199999999807367;0.0020000000001061;0.00199999996593423;0.00100000000501781
SSP2;IND;Gases;Truck (7_5t);trn_freight_road_tmp_subsectorL3;trn_freight_road_tmp_subsectorL2;trn_freight_road;trn_freight;FV;0.0249999999985411;0.0019999999999026;0.00199999999996251;0.00200000000084463;0.000999999563271484
SSP2;IND;Hybrid electric;Compact Car;trn_pass_road_LDV_4W;trn_pass_road_LDV;trn_pass_road;trn_pass;FV;0.000860798279767802;0.00226588692992359;0.00606273298675694;0.0152424670136658;0.0131376875410451
SSP2;IND;Hybrid electric;Large Car and SUV;trn_pass_road_LDV_4W;trn_pass_road_LDV;trn_pass_road;trn_pass;FV;0.00261975111176291;0.00548123420392973;0.0133660872308398;0.031162731174487;0.01867919217891
SSP2;IND;Hybrid electric;Mini Car;trn_pass_road_LDV_4W;trn_pass_road_LDV;trn_pass_road;trn_pass;FV;0.000119368932063946;0.000563684863248676;0.0022069558362089;0.00726073173164846;0.00477027459243362
SSP2;IND;Hybrid electric;Subcompact Car;trn_pass_road_LDV_4W;trn_pass_road_LDV;trn_pass_road;trn_pass;FV;0.000316242975032912;0.00101195200076842;0.00314945567120172;0.00929608440330596;0.0052447638462486
SSP2;IND;Hydrogen;Domestic Aviation_tmp_vehicletype;Domestic Aviation_tmp_subsectorL3;Domestic Aviation_tmp_subsectorL2;Domestic Aviation;trn_pass;FV;0;8.32000000000006e-07;2.3099999999999e-05;4.53999999999966e-05;0.119000000048986
SSP2;IND;Liquids;Bus_tmp_vehicletype;Bus_tmp_subsectorL3;Bus;trn_pass_road;trn_pass;FV;1;1;1;1;1
SSP2;IND;Liquids;Compact Car;trn_pass_road_LDV_4W;trn_pass_road_LDV;trn_pass_road;trn_pass;FV;1;1;1;1;0.129567676789354
SSP2;IND;Liquids;Domestic Aviation_tmp_vehicletype;Domestic Aviation_tmp_subsectorL3;Domestic Aviation_tmp_subsectorL2;Domestic Aviation;trn_pass;FV;1;1;1;1;1
SSP2;IND;Liquids;Domestic Ship_tmp_vehicletype;Domestic Ship_tmp_subsectorL3;Domestic Ship_tmp_subsectorL2;Domestic Ship;trn_freight;FV;1;1;1;1;1
SSP2;IND;Liquids;Freight Rail_tmp_vehicletype;Freight Rail_tmp_subsectorL3;Freight Rail_tmp_subsectorL2;Freight Rail;trn_freight;FV;0.400000000541392;0.299999999973074;0.19999999974763;0.099999999987072;0.00999999999878237
SSP2;IND;Liquids;International Aviation_tmp_vehicletype;International Aviation_tmp_subsectorL3;International Aviation_tmp_subsectorL2;International Aviation;trn_aviation_intl;FV;1;1;1;1;1
SSP2;IND;Liquids;International Ship_tmp_vehicletype;International Ship_tmp_subsectorL3;International Ship_tmp_subsectorL2;International Ship;trn_shipping_intl;FV;1;1;1;1;1
SSP2;IND;Liquids;Large Car and SUV;trn_pass_road_LDV_4W;trn_pass_road_LDV;trn_pass_road;trn_pass;FV;1;1;1;1;0.0876605231934427
SSP2;IND;Liquids;Mini Car;trn_pass_road_LDV_4W;trn_pass_road_LDV;trn_pass_road;trn_pass;FV;1;1;1;1;0.0604706802040211
SSP2;IND;Liquids;Moped;trn_pass_road_LDV_2W;trn_pass_road_LDV;trn_pass_road;trn_pass;FV;1;1;0.875000000394423;0.400000000006995;0.0999999999358681
SSP2;IND;Liquids;Motorcycle (50-250cc);trn_pass_road_LDV_2W;trn_pass_road_LDV;trn_pass_road;trn_pass;FV;1;1;0.875000000407662;0.400000000005451;0.0999999999840269
SSP2;IND;Liquids;Passenger Rail_tmp_vehicletype;Passenger Rail_tmp_subsectorL3;Passenger Rail_tmp_subsectorL2;Passenger Rail;trn_pass;FV;0.300000000191367;0.1499999999647;0.0999999999559046;0.0500000000002828;0.00999999999713837
SSP2;IND;Liquids;Rickshaw;trn_pass_road_LDV_3W;trn_pass_road_LDV;trn_pass_road;trn_pass;FV;1;1;0.874999983152376;0.400000000096849;0.100000000021443
SSP2;IND;Liquids;Subcompact Car;trn_pass_road_LDV_4W;trn_pass_road_LDV;trn_pass_road;trn_pass;FV;1;1;1;1;0.0544726929786805
SSP2;IND;Liquids;Truck (0-3_5t);trn_freight_road_tmp_subsectorL3;trn_freight_road_tmp_subsectorL2;trn_freight_road;trn_freight;FV;1;1;1;1;1
SSP2;IND;Liquids;Truck (18t);trn_freight_road_tmp_subsectorL3;trn_freight_road_tmp_subsectorL2;trn_freight_road;trn_freight;FV;1;1;1;1;1
SSP2;IND;Liquids;Truck (26t);trn_freight_road_tmp_subsectorL3;trn_freight_road_tmp_subsectorL2;trn_freight_road;trn_freight;FV;1;1;1;1;1
SSP2;IND;Liquids;Truck (40t);trn_freight_road_tmp_subsectorL3;trn_freight_road_tmp_subsectorL2;trn_freight_road;trn_freight;FV;1;1;1;1;1
SSP2;IND;Liquids;Truck (7_5t);trn_freight_road_tmp_subsectorL3;trn_freight_road_tmp_subsectorL2;trn_freight_road;trn_freight;FV;1;1;1;1;1
SSP2;IND;Walk_tmp_technology;Walk_tmp_vehicletype;Walk_tmp_subsectorL3;Walk_tmp_subsectorL2;Walk;trn_pass;FV;1;1;1;1;1
SSP2;JPN;;;;;Cycle;trn_pass;S1S;0.0173999999989222;0.0300000000092959;0.0357143837056562;0.0409090909098553;0.0545454545434101
SSP2;JPN;;;;;Domestic Aviation;trn_pass;S1S;0.00017299999998941;0.000208000000065701;0.000170476668132238;0.000136363636366031;6.36363636341548e-05
SSP2;JPN;;;;;Domestic Ship;trn_freight;S1S;0.0117000000037954;0.0111000000007748;0.0106000000016565;0.00999999999887051;0.0069999999997914
SSP2;JPN;;;;;Freight Rail;trn_freight;S1S;0.00283000000188652;0.00270000000008012;0.00262000000051735;0.00254999999971771;0.00424999999960894
SSP2;JPN;;;;;HSR;trn_pass;S1S;0.000407999999976879;0.000408000000125368;0.000337143804367549;0.000272727272733003;0.000136363636358894
SSP2;JPN;;;;;International Aviation;trn_aviation_intl;S1S;1;1;1;1;1
SSP2;JPN;;;;;International Ship;trn_shipping_intl;S1S;1;1;1;1;1
SSP2;JPN;;;;;Passenger Rail;trn_pass;S1S;0.00607999999967976;0.00608000000193637;0.00480001350268499;0.00363636363642383;0.00136363636358865
SSP2;JPN;;;;;Walk;trn_pass;S1S;1;1;1;1;1
SSP2;JPN;;;;;trn_freight_road;trn_freight;S1S;1;1;1;1;1
SSP2;JPN;;;;;trn_pass_road;trn_pass;S1S;0.0710999999957016;0.0763000000246617;0.0600954012532942;0.0454545454554036;0.0181818181811516
SSP2;JPN;;;;Bus;trn_pass_road;trn_pass;S2S1;0.0608;0.0608;0.0575238095238094;0.0545454545454545;0.0599999999999999
SSP2;JPN;;;;Cycle_tmp_subsectorL2;Cycle;trn_pass;S2S1;1;1;1;1;1
SSP2;JPN;;;;Domestic Aviation_tmp_subsectorL2;Domestic Aviation;trn_pass;S2S1;1;1;1;1;1
SSP2;JPN;;;;Domestic Ship_tmp_subsectorL2;Domestic Ship;trn_freight;S2S1;1;1;1;1;1
SSP2;JPN;;;;Freight Rail_tmp_subsectorL2;Freight Rail;trn_freight;S2S1;1;1;1;1;1
SSP2;JPN;;;;HSR_tmp_subsectorL2;HSR;trn_pass;S2S1;1;1;1;1;1
SSP2;JPN;;;;International Aviation_tmp_subsectorL2;International Aviation;trn_aviation_intl;S2S1;1;1;1;1;1
SSP2;JPN;;;;International Ship_tmp_subsectorL2;International Ship;trn_shipping_intl;S2S1;1;1;1;1;1
SSP2;JPN;;;;Passenger Rail_tmp_subsectorL2;Passenger Rail;trn_pass;S2S1;1;1;1;1;1
SSP2;JPN;;;;Walk_tmp_subsectorL2;Walk;trn_pass;S2S1;1;1;1;1;1
SSP2;JPN;;;;trn_freight_road_tmp_subsectorL2;trn_freight_road;trn_freight;S2S1;1;1;1;1;1
SSP2;JPN;;;;trn_pass_road_LDV;trn_pass_road;trn_pass;S2S1;1;1;1;1;1
SSP2;JPN;;;Bus_tmp_subsectorL3;Bus;trn_pass_road;trn_pass;S3S2;1;1;1;1;1
SSP2;JPN;;;Cycle_tmp_subsectorL3;Cycle_tmp_subsectorL2;Cycle;trn_pass;S3S2;1;1;1;1;1
SSP2;JPN;;;Domestic Aviation_tmp_subsectorL3;Domestic Aviation_tmp_subsectorL2;Domestic Aviation;trn_pass;S3S2;1;1;1;1;1
SSP2;JPN;;;Domestic Ship_tmp_subsectorL3;Domestic Ship_tmp_subsectorL2;Domestic Ship;trn_freight;S3S2;1;1;1;1;1
SSP2;JPN;;;Freight Rail_tmp_subsectorL3;Freight Rail_tmp_subsectorL2;Freight Rail;trn_freight;S3S2;1;1;1;1;1
SSP2;JPN;;;HSR_tmp_subsectorL3;HSR_tmp_subsectorL2;HSR;trn_pass;S3S2;1;1;1;1;1
SSP2;JPN;;;International Aviation_tmp_subsectorL3;International Aviation_tmp_subsectorL2;International Aviation;trn_aviation_intl;S3S2;1;1;1;1;1
SSP2;JPN;;;International Ship_tmp_subsectorL3;International Ship_tmp_subsectorL2;International Ship;trn_shipping_intl;S3S2;1;1;1;1;1
SSP2;JPN;;;Passenger Rail_tmp_subsectorL3;Passenger Rail_tmp_subsectorL2;Passenger Rail;trn_pass;S3S2;1;1;1;1;1
SSP2;JPN;;;Walk_tmp_subsectorL3;Walk_tmp_subsectorL2;Walk;trn_pass;S3S2;1;1;1;1;1
SSP2;JPN;;;trn_freight_road_tmp_subsectorL3;trn_freight_road_tmp_subsectorL2;trn_freight_road;trn_freight;S3S2;1;1;1;1;1
SSP2;JPN;;;trn_pass_road_LDV_2W;trn_pass_road_LDV;trn_pass_road;trn_pass;S3S2;0.069999999979136;0.0599999999846813;0.0574999999831766;0.0548999999964465;0.0549000000057138
SSP2;JPN;;;trn_pass_road_LDV_4W;trn_pass_road_LDV;trn_pass_road;trn_pass;S3S2;1;1;1;1;1
SSP2;JPN;;Bus_tmp_vehicletype;Bus_tmp_subsectorL3;Bus;trn_pass_road;trn_pass;VS3;1;1;1;1;1
SSP2;JPN;;Compact Car;trn_pass_road_LDV_4W;trn_pass_road_LDV;trn_pass_road;trn_pass;VS3;0.166000000278095;0.166000000319771;0.165999999865914;0.165999999520343;0.165999999066671
SSP2;JPN;;Cycle_tmp_vehicletype;Cycle_tmp_subsectorL3;Cycle_tmp_subsectorL2;Cycle;trn_pass;VS3;1;1;1;1;1
SSP2;JPN;;Domestic Aviation_tmp_vehicletype;Domestic Aviation_tmp_subsectorL3;Domestic Aviation_tmp_subsectorL2;Domestic Aviation;trn_pass;VS3;1;1;1;1;1
SSP2;JPN;;Domestic Ship_tmp_vehicletype;Domestic Ship_tmp_subsectorL3;Domestic Ship_tmp_subsectorL2;Domestic Ship;trn_freight;VS3;1;1;1;1;1
SSP2;JPN;;Freight Rail_tmp_vehicletype;Freight Rail_tmp_subsectorL3;Freight Rail_tmp_subsectorL2;Freight Rail;trn_freight;VS3;1;1;1;1;1
SSP2;JPN;;HSR_tmp_vehicletype;HSR_tmp_subsectorL3;HSR_tmp_subsectorL2;HSR;trn_pass;VS3;1;1;1;1;1
SSP2;JPN;;International Aviation_tmp_vehicletype;International Aviation_tmp_subsectorL3;International Aviation_tmp_subsectorL2;International Aviation;trn_aviation_intl;VS3;1;1;1;1;1
SSP2;JPN;;International Ship_tmp_vehicletype;International Ship_tmp_subsectorL3;International Ship_tmp_subsectorL2;International Ship;trn_shipping_intl;VS3;1;1;1;1;1
SSP2;JPN;;Large Car and SUV;trn_pass_road_LDV_4W;trn_pass_road_LDV;trn_pass_road;trn_pass;VS3;1;1;1;1;1
SSP2;JPN;;Mini Car;trn_pass_road_LDV_4W;trn_pass_road_LDV;trn_pass_road;trn_pass;VS3;0.0484000001554604;0.0484000001096569;0.0483999999193223;0.0483999998689859;0.0484000001013665
SSP2;JPN;;Moped;trn_pass_road_LDV_2W;trn_pass_road_LDV;trn_pass_road;trn_pass;VS3;1;1;1;1;1
SSP2;JPN;;Motorcycle (50-250cc);trn_pass_road_LDV_2W;trn_pass_road_LDV;trn_pass_road;trn_pass;VS3;0.624999999488745;0.625000001526032;0.624999999813698;0.624999998273322;0.624999996946211
SSP2;JPN;;Motorcycle (>250cc);trn_pass_road_LDV_2W;trn_pass_road_LDV;trn_pass_road;trn_pass;VS3;0.514999999111645;0.515000002276708;0.514999999279579;0.514999997446998;0.51499999845591
SSP2;JPN;;Passenger Rail_tmp_vehicletype;Passenger Rail_tmp_subsectorL3;Passenger Rail_tmp_subsectorL2;Passenger Rail;trn_pass;VS3;1;1;1;1;1
SSP2;JPN;;Subcompact Car;trn_pass_road_LDV_4W;trn_pass_road_LDV;trn_pass_road;trn_pass;VS3;0.129000000327797;0.129000000160043;0.128999999779062;0.128999999427473;0.129000000656157
SSP2;JPN;;Truck (0-3_5t);trn_freight_road_tmp_subsectorL3;trn_freight_road_tmp_subsectorL2;trn_freight_road;trn_freight;VS3;1;1;1;1;1
SSP2;JPN;;Truck (18t);trn_freight_road_tmp_subsectorL3;trn_freight_road_tmp_subsectorL2;trn_freight_road;trn_freight;VS3;0;0;0;0;0
SSP2;JPN;;Truck (26t);trn_freight_road_tmp_subsectorL3;trn_freight_road_tmp_subsectorL2;trn_freight_road;trn_freight;VS3;0;0;0;0;0
SSP2;JPN;;Truck (40t);trn_freight_road_tmp_subsectorL3;trn_freight_road_tmp_subsectorL2;trn_freight_road;trn_freight;VS3;0;0;0;0;0
SSP2;JPN;;Truck (7_5t);trn_freight_road_tmp_subsectorL3;trn_freight_road_tmp_subsectorL2;trn_freight_road;trn_freight;VS3;0.590000001310879;0.586735038304833;0.543008731941416;0.590000000668338;0.590000001071731
SSP2;JPN;;Walk_tmp_vehicletype;Walk_tmp_subsectorL3;Walk_tmp_subsectorL2;Walk;trn_pass;VS3;1;1;1;1;1
SSP2;JPN;BEV;Bus_tmp_vehicletype;Bus_tmp_subsectorL3;Bus;trn_pass_road;trn_pass;FV;0;0.0967000000527305;0.137999999451975;0.179000000359433;0.374999999874976
SSP2;JPN;BEV;Compact Car;trn_pass_road_LDV_4W;trn_pass_road_LDV;trn_pass_road;trn_pass;FV;0.0366546497766216;0.0541814719353201;0.0982771512480222;0.313826707609275;1
SSP2;JPN;BEV;Large Car and SUV;trn_pass_road_LDV_4W;trn_pass_road_LDV;trn_pass_road;trn_pass;FV;0.103979471089591;0.131237796515945;0.187464121987275;0.404672963819892;1
SSP2;JPN;BEV;Mini Car;trn_pass_road_LDV_4W;trn_pass_road_LDV;trn_pass_road;trn_pass;FV;0.00777539194799066;0.0138629200036239;0.0330490349018597;0.161559705246985;1
SSP2;JPN;BEV;Moped;trn_pass_road_LDV_2W;trn_pass_road_LDV;trn_pass_road;trn_pass;FV;0;0.250000000157705;0.735294117221501;1;1
SSP2;JPN;BEV;Motorcycle (50-250cc);trn_pass_road_LDV_2W;trn_pass_road_LDV;trn_pass_road;trn_pass;FV;0;0.250000000011104;0.735294116867672;1;1
SSP2;JPN;BEV;Motorcycle (>250cc);trn_pass_road_LDV_2W;trn_pass_road_LDV;trn_pass_road;trn_pass;FV;0;0.249999999704918;0.735294118905827;1;1
SSP2;JPN;BEV;Subcompact Car;trn_pass_road_LDV_4W;trn_pass_road_LDV;trn_pass_road;trn_pass;FV;0.0207240673501631;0.0318050005768698;0.0608246749332045;0.218940630401222;1
SSP2;JPN;BEV;Truck (0-3_5t);trn_freight_road_tmp_subsectorL3;trn_freight_road_tmp_subsectorL2;trn_freight_road;trn_freight;FV;0;0.13299999999822;0.237000000132264;0.340999998952295;0.88700000033135
SSP2;JPN;BEV;Truck (18t);trn_freight_road_tmp_subsectorL3;trn_freight_road_tmp_subsectorL2;trn_freight_road;trn_freight;FV;0;0;0;0;0
SSP2;JPN;BEV;Truck (26t);trn_freight_road_tmp_subsectorL3;trn_freight_road_tmp_subsectorL2;trn_freight_road;trn_freight;FV;0;0;0;0;0
SSP2;JPN;BEV;Truck (40t);trn_freight_road_tmp_subsectorL3;trn_freight_road_tmp_subsectorL2;trn_freight_road;trn_freight;FV;0;0;0;0;0
SSP2;JPN;BEV;Truck (7_5t);trn_freight_road_tmp_subsectorL3;trn_freight_road_tmp_subsectorL2;trn_freight_road;trn_freight;FV;0;0.132999999888433;0.237000001389907;0.341000004265471;0.887000000786359
SSP2;JPN;Cycle_tmp_technology;Cycle_tmp_vehicletype;Cycle_tmp_subsectorL3;Cycle_tmp_subsectorL2;Cycle;trn_pass;FV;1;1;1;1;1
SSP2;JPN;Electric;Freight Rail_tmp_vehicletype;Freight Rail_tmp_subsectorL3;Freight Rail_tmp_subsectorL2;Freight Rail;trn_freight;FV;1;1;1;1;1
SSP2;JPN;Electric;HSR_tmp_vehicletype;HSR_tmp_subsectorL3;HSR_tmp_subsectorL2;HSR;trn_pass;FV;1;1;1;1;1
SSP2;JPN;Electric;Passenger Rail_tmp_vehicletype;Passenger Rail_tmp_subsectorL3;Passenger Rail_tmp_subsectorL2;Passenger Rail;trn_pass;FV;1;1;1;1;1
SSP2;JPN;FCEV;Bus_tmp_vehicletype;Bus_tmp_subsectorL3;Bus;trn_pass_road;trn_pass;FV;0;0.0609000000976676;0.0905000009193088;0.11999999937389;0.0984999996448578
SSP2;JPN;FCEV;Compact Car;trn_pass_road_LDV_4W;trn_pass_road_LDV;trn_pass_road;trn_pass;FV;0.00587350652707303;0.00511109109090803;0.00461973539358362;0.00637587772706697;0.00389074811992951
SSP2;JPN;FCEV;Large Car and SUV;trn_pass_road_LDV_4W;trn_pass_road_LDV;trn_pass_road;trn_pass;FV;0.0214102568184487;0.0173953292420416;0.0140291231876737;0.0163441910551605;0.012092431132092
SSP2;JPN;FCEV;Mini Car;trn_pass_road_LDV_4W;trn_pass_road_LDV;trn_pass_road;trn_pass;FV;0.00114360525786696;0.001100695878162;0.00116296670801348;0.00188924184269018;0.00119113560744561
SSP2;JPN;FCEV;Subcompact Car;trn_pass_road_LDV_4W;trn_pass_road_LDV;trn_pass_road;trn_pass;FV;0.00269581614518058;0.00239666603953875;0.00224955903739069;0.00318950845624951;0.00226982895882812
SSP2;JPN;FCEV;Truck (0-3_5t);trn_freight_road_tmp_subsectorL3;trn_freight_road_tmp_subsectorL2;trn_freight_road;trn_freight;FV;0;0.130999999976962;0.200000000128062;0.269999999236961;0.269999999921738
SSP2;JPN;FCEV;Truck (18t);trn_freight_road_tmp_subsectorL3;trn_freight_road_tmp_subsectorL2;trn_freight_road;trn_freight;FV;0;0;0;0;0
SSP2;JPN;FCEV;Truck (26t);trn_freight_road_tmp_subsectorL3;trn_freight_road_tmp_subsectorL2;trn_freight_road;trn_freight;FV;0;0;0;0;0
SSP2;JPN;FCEV;Truck (40t);trn_freight_road_tmp_subsectorL3;trn_freight_road_tmp_subsectorL2;trn_freight_road;trn_freight;FV;0;0;0;0;0
SSP2;JPN;FCEV;Truck (7_5t);trn_freight_road_tmp_subsectorL3;trn_freight_road_tmp_subsectorL2;trn_freight_road;trn_freight;FV;0;0.130999999980502;0.19999999998451;0.269999999462309;0.27000000096662
SSP2;JPN;Gases;Bus_tmp_vehicletype;Bus_tmp_subsectorL3;Bus;trn_pass_road;trn_pass;FV;0;0.00658000000058661;0.00935999997717539;0.0120999999989674;0.0191999999547862
SSP2;JPN;Gases;Compact Car;trn_pass_road_LDV_4W;trn_pass_road_LDV;trn_pass_road;trn_pass;FV;0.0016961268299084;0.00188062335709528;0.00257202578449475;0.00379112769571385;0.00352601901094179
SSP2;JPN;Gases;Large Car and SUV;trn_pass_road_LDV_4W;trn_pass_road_LDV;trn_pass_road;trn_pass;FV;0.00767535709355852;0.00784322806790289;0.00895749144833631;0.0110800337668583;0.0118915248410305
SSP2;JPN;Gases;Mini Car;trn_pass_road_LDV_4W;trn_pass_road_LDV;trn_pass_road;trn_pass;FV;0.000206851079504647;0.000259273870802765;0.000431754310038691;0.000758569400023616;0.000726955408485179
SSP2;JPN;Gases;Subcompact Car;trn_pass_road_LDV_4W;trn_pass_road_LDV;trn_pass_road;trn_pass;FV;0.000755317672528946;0.000853787150223968;0.00120479811313057;0.00181321853182201;0.00191759528479658
SSP2;JPN;Gases;Truck (0-3_5t);trn_freight_road_tmp_subsectorL3;trn_freight_road_tmp_subsectorL2;trn_freight_road;trn_freight;FV;0;0.0132000000037938;0.0277000000167734;0.0421999998525627;0.0384000000059467
SSP2;JPN;Gases;Truck (18t);trn_freight_road_tmp_subsectorL3;trn_freight_road_tmp_subsectorL2;trn_freight_road;trn_freight;FV;0;0;0;0;0
SSP2;JPN;Gases;Truck (26t);trn_freight_road_tmp_subsectorL3;trn_freight_road_tmp_subsectorL2;trn_freight_road;trn_freight;FV;0;0;0;0;0
SSP2;JPN;Gases;Truck (40t);trn_freight_road_tmp_subsectorL3;trn_freight_road_tmp_subsectorL2;trn_freight_road;trn_freight;FV;0;0;0;0;0
SSP2;JPN;Gases;Truck (7_5t);trn_freight_road_tmp_subsectorL3;trn_freight_road_tmp_subsectorL2;trn_freight_road;trn_freight;FV;0;0.0131999999884508;0.0276999999409452;0.0422000001951668;0.0384000000736561
SSP2;JPN;Hybrid electric;Compact Car;trn_pass_road_LDV_4W;trn_pass_road_LDV;trn_pass_road;trn_pass;FV;0.00940429072535232;0.0109792562734339;0.0152188715848586;0.0197237886864193;0.0102357901560075
SSP2;JPN;Hybrid electric;Large Car and SUV;trn_pass_road_LDV_4W;trn_pass_road_LDV;trn_pass_road;trn_pass;FV;0.0328620071857904;0.0346838685661164;0.040382300655262;0.0446050916285895;0.0276948128065608
SSP2;JPN;Hybrid electric;Mini Car;trn_pass_road_LDV_4W;trn_pass_road_LDV;trn_pass_road;trn_pass;FV;0.00187087733572626;0.00249974686500056;0.004275323190654;0.00641207569440113;0.00315958913121189
SSP2;JPN;Hybrid electric;Subcompact Car;trn_pass_road_LDV_4W;trn_pass_road_LDV;trn_pass_road;trn_pass;FV;0.00468760609512442;0.00559402664468008;0.00799365412485795;0.0105608861661923;0.00609832837474272
SSP2;JPN;Hydrogen;Domestic Aviation_tmp_vehicletype;Domestic Aviation_tmp_subsectorL3;Domestic Aviation_tmp_subsectorL2;Domestic Aviation;trn_pass;FV;0;8.31999999999997e-07;2.3100000000003e-05;4.54000000000067e-05;0.119000000072603
SSP2;JPN;Liquids;Bus_tmp_vehicletype;Bus_tmp_subsectorL3;Bus;trn_pass_road;trn_pass;FV;1;1;1;1;1
SSP2;JPN;Liquids;Compact Car;trn_pass_road_LDV_4W;trn_pass_road_LDV;trn_pass_road;trn_pass;FV;1;1;1;1;0.346865074227921
SSP2;JPN;Liquids;Domestic Aviation_tmp_vehicletype;Domestic Aviation_tmp_subsectorL3;Domestic Aviation_tmp_subsectorL2;Domestic Aviation;trn_pass;FV;1;1;1;1;1
SSP2;JPN;Liquids;Domestic Ship_tmp_vehicletype;Domestic Ship_tmp_subsectorL3;Domestic Ship_tmp_subsectorL2;Domestic Ship;trn_freight;FV;1;1;1;1;1
SSP2;JPN;Liquids;Freight Rail_tmp_vehicletype;Freight Rail_tmp_subsectorL3;Freight Rail_tmp_subsectorL2;Freight Rail;trn_freight;FV;0.88400000136375;0.883999998389482;0.88399999878812;0.884000001329683;0.883999998430253
SSP2;JPN;Liquids;International Aviation_tmp_vehicletype;International Aviation_tmp_subsectorL3;International Aviation_tmp_subsectorL2;International Aviation;trn_aviation_intl;FV;1;1;1;1;1
SSP2;JPN;Liquids;International Ship_tmp_vehicletype;International Ship_tmp_subsectorL3;International Ship_tmp_subsectorL2;International Ship;trn_shipping_intl;FV;1;1;1;1;1
SSP2;JPN;Liquids;Large Car and SUV;trn_pass_road_LDV_4W;trn_pass_road_LDV;trn_pass_road;trn_pass;FV;1;1;1;1;0.590515457555025
SSP2;JPN;Liquids;Mini Car;trn_pass_road_LDV_4W;trn_pass_road_LDV;trn_pass_road;trn_pass;FV;1;1;1;1;0.256453518999035
SSP2;JPN;Liquids;Moped;trn_pass_road_LDV_2W;trn_pass_road_LDV;trn_pass_road;trn_pass;FV;1;1;1;0.699999998542311;0.100000000005291
SSP2;JPN;Liquids;Motorcycle (50-250cc);trn_pass_road_LDV_2W;trn_pass_road_LDV;trn_pass_road;trn_pass;FV;1;1;1;0.699999999828035;0.100000000016464
SSP2;JPN;Liquids;Motorcycle (>250cc);trn_pass_road_LDV_2W;trn_pass_road_LDV;trn_pass_road;trn_pass;FV;1;1;1;0.700000000854448;0.0999999998288472
SSP2;JPN;Liquids;Passenger Rail_tmp_vehicletype;Passenger Rail_tmp_subsectorL3;Passenger Rail_tmp_subsectorL2;Passenger Rail;trn_pass;FV;0.034299999992209;0.0343000000022309;0.0343000000142494;0.0343000000007235;0.0343000000028461
SSP2;JPN;Liquids;Subcompact Car;trn_pass_road_LDV_4W;trn_pass_road_LDV;trn_pass_road;trn_pass;FV;1;1;1;1;0.377576780453436
SSP2;JPN;Liquids;Truck (0-3_5t);trn_freight_road_tmp_subsectorL3;trn_freight_road_tmp_subsectorL2;trn_freight_road;trn_freight;FV;1;1;1;1;1
SSP2;JPN;Liquids;Truck (18t);trn_freight_road_tmp_subsectorL3;trn_freight_road_tmp_subsectorL2;trn_freight_road;trn_freight;FV;0;0;0;0;0
SSP2;JPN;Liquids;Truck (26t);trn_freight_road_tmp_subsectorL3;trn_freight_road_tmp_subsectorL2;trn_freight_road;trn_freight;FV;0;0;0;0;0
SSP2;JPN;Liquids;Truck (40t);trn_freight_road_tmp_subsectorL3;trn_freight_road_tmp_subsectorL2;trn_freight_road;trn_freight;FV;0;0;0;0;0
SSP2;JPN;Liquids;Truck (7_5t);trn_freight_road_tmp_subsectorL3;trn_freight_road_tmp_subsectorL2;trn_freight_road;trn_freight;FV;1;1;1;1;1
SSP2;JPN;Walk_tmp_technology;Walk_tmp_vehicletype;Walk_tmp_subsectorL3;Walk_tmp_subsectorL2;Walk;trn_pass;FV;1;1;1;1;1
SSP2;LAM;;;;;Cycle;trn_pass;S1S;0.0108999999892629;0.0217999999964525;0.0347272727273265;0.0454999999984891;0.0455000000037742
SSP2;LAM;;;;;Domestic Aviation;trn_pass;S1S;0.00891999999128672;0.0118999999975884;0.0121818181818768;0.0124999999995711;0.00333333333361014
SSP2;LAM;;;;;Domestic Ship;trn_freight;S1S;0.00970000000594947;0.00969999999649358;0.00929999998934681;0.00890999999003521;0.00673999999643113
SSP2;LAM;;;;;Freight Rail;trn_freight;S1S;0.047800000031755;0.0477999999560758;0.0436999999347801;0.039499999956622;0.0597999999918779
SSP2;LAM;;;;;HSR;trn_pass;S1S;0.00523999999462761;0.0699999999877863;0.0636363636369553;0.0583333333312733;0.0116666666676354
SSP2;LAM;;;;;International Aviation;trn_aviation_intl;S1S;1;1;1;1;1
SSP2;LAM;;;;;International Ship;trn_shipping_intl;S1S;1;1;1;1;1
SSP2;LAM;;;;;Passenger Rail;trn_pass;S1S;0.149999999846283;0.14999999998035;0.150000000000546;0.149999999994688;0.0333333333361383
SSP2;LAM;;;;;Walk;trn_pass;S1S;1;1;1;1;1
SSP2;LAM;;;;;trn_freight_road;trn_freight;S1S;1;1;1;1;1
SSP2;LAM;;;;;trn_pass_road;trn_pass;S1S;0.654999999312666;0.693999999902279;0.633636363637559;0.583333333314126;0.200000000016636
SSP2;LAM;;;;Bus;trn_pass_road;trn_pass;S2S1;0.331250000000001;0.19;0.147619047619048;0.109090909090909;0.0699999999999999
SSP2;LAM;;;;Cycle_tmp_subsectorL2;Cycle;trn_pass;S2S1;1;1;1;1;1
SSP2;LAM;;;;Domestic Aviation_tmp_subsectorL2;Domestic Aviation;trn_pass;S2S1;1;1;1;1;1
SSP2;LAM;;;;Domestic Ship_tmp_subsectorL2;Domestic Ship;trn_freight;S2S1;1;1;1;1;1
SSP2;LAM;;;;Freight Rail_tmp_subsectorL2;Freight Rail;trn_freight;S2S1;1;1;1;1;1
SSP2;LAM;;;;HSR_tmp_subsectorL2;HSR;trn_pass;S2S1;1;1;1;1;1
SSP2;LAM;;;;International Aviation_tmp_subsectorL2;International Aviation;trn_aviation_intl;S2S1;1;1;1;1;1
SSP2;LAM;;;;International Ship_tmp_subsectorL2;International Ship;trn_shipping_intl;S2S1;1;1;1;1;1
SSP2;LAM;;;;Passenger Rail_tmp_subsectorL2;Passenger Rail;trn_pass;S2S1;1;1;1;1;1
SSP2;LAM;;;;Walk_tmp_subsectorL2;Walk;trn_pass;S2S1;1;1;1;1;1
SSP2;LAM;;;;trn_freight_road_tmp_subsectorL2;trn_freight_road;trn_freight;S2S1;1;1;1;1;1
SSP2;LAM;;;;trn_pass_road_LDV;trn_pass_road;trn_pass;S2S1;1;1;1;1;1
SSP2;LAM;;;Bus_tmp_subsectorL3;Bus;trn_pass_road;trn_pass;S3S2;1;1;1;1;1
SSP2;LAM;;;Cycle_tmp_subsectorL3;Cycle_tmp_subsectorL2;Cycle;trn_pass;S3S2;1;1;1;1;1
SSP2;LAM;;;Domestic Aviation_tmp_subsectorL3;Domestic Aviation_tmp_subsectorL2;Domestic Aviation;trn_pass;S3S2;1;1;1;1;1
SSP2;LAM;;;Domestic Ship_tmp_subsectorL3;Domestic Ship_tmp_subsectorL2;Domestic Ship;trn_freight;S3S2;1;1;1;1;1
SSP2;LAM;;;Freight Rail_tmp_subsectorL3;Freight Rail_tmp_subsectorL2;Freight Rail;trn_freight;S3S2;1;1;1;1;1
SSP2;LAM;;;HSR_tmp_subsectorL3;HSR_tmp_subsectorL2;HSR;trn_pass;S3S2;1;1;1;1;1
SSP2;LAM;;;International Aviation_tmp_subsectorL3;International Aviation_tmp_subsectorL2;International Aviation;trn_aviation_intl;S3S2;1;1;1;1;1
SSP2;LAM;;;International Ship_tmp_subsectorL3;International Ship_tmp_subsectorL2;International Ship;trn_shipping_intl;S3S2;1;1;1;1;1
SSP2;LAM;;;Passenger Rail_tmp_subsectorL3;Passenger Rail_tmp_subsectorL2;Passenger Rail;trn_pass;S3S2;1;1;1;1;1
SSP2;LAM;;;Walk_tmp_subsectorL3;Walk_tmp_subsectorL2;Walk;trn_pass;S3S2;1;1;1;1;1
SSP2;LAM;;;trn_freight_road_tmp_subsectorL3;trn_freight_road_tmp_subsectorL2;trn_freight_road;trn_freight;S3S2;1;1;1;1;1
SSP2;LAM;;;trn_pass_road_LDV_2W;trn_pass_road_LDV;trn_pass_road;trn_pass;S3S2;0.349999999285627;0.300000000192608;0.274999998546094;0.250000000123195;0.250000000655376
SSP2;LAM;;;trn_pass_road_LDV_4W;trn_pass_road_LDV;trn_pass_road;trn_pass;S3S2;1;1;1;1;1
SSP2;LAM;;Bus_tmp_vehicletype;Bus_tmp_subsectorL3;Bus;trn_pass_road;trn_pass;VS3;1;1;1;1;1
SSP2;LAM;;Compact Car;trn_pass_road_LDV_4W;trn_pass_road_LDV;trn_pass_road;trn_pass;VS3;1;1;1;1;1
SSP2;LAM;;Cycle_tmp_vehicletype;Cycle_tmp_subsectorL3;Cycle_tmp_subsectorL2;Cycle;trn_pass;VS3;1;1;1;1;1
SSP2;LAM;;Domestic Aviation_tmp_vehicletype;Domestic Aviation_tmp_subsectorL3;Domestic Aviation_tmp_subsectorL2;Domestic Aviation;trn_pass;VS3;1;1;1;1;1
SSP2;LAM;;Domestic Ship_tmp_vehicletype;Domestic Ship_tmp_subsectorL3;Domestic Ship_tmp_subsectorL2;Domestic Ship;trn_freight;VS3;1;1;1;1;1
SSP2;LAM;;Freight Rail_tmp_vehicletype;Freight Rail_tmp_subsectorL3;Freight Rail_tmp_subsectorL2;Freight Rail;trn_freight;VS3;1;1;1;1;1
SSP2;LAM;;HSR_tmp_vehicletype;HSR_tmp_subsectorL3;HSR_tmp_subsectorL2;HSR;trn_pass;VS3;1;1;1;1;1
SSP2;LAM;;International Aviation_tmp_vehicletype;International Aviation_tmp_subsectorL3;International Aviation_tmp_subsectorL2;International Aviation;trn_aviation_intl;VS3;1;1;1;1;1
SSP2;LAM;;International Ship_tmp_vehicletype;International Ship_tmp_subsectorL3;International Ship_tmp_subsectorL2;International Ship;trn_shipping_intl;VS3;1;1;1;1;1
SSP2;LAM;;Large Car;trn_pass_road_LDV_4W;trn_pass_road_LDV;trn_pass_road;trn_pass;VS3;0.0328000000034003;0.0394000000056543;0.0401999999904478;0.0409999999938615;0.0437000000254033
SSP2;LAM;;Large Car and SUV;trn_pass_road_LDV_4W;trn_pass_road_LDV;trn_pass_road;trn_pass;VS3;0.361999999999884;0.434999999998795;0.443999999998298;0.452999999996642;0.483000000160027
SSP2;LAM;;Midsize Car;trn_pass_road_LDV_4W;trn_pass_road_LDV;trn_pass_road;trn_pass;VS3;0.0479000000017016;0.057500000005354;0.0585999999928706;0.0597999999777913;0.0637999999899298
SSP2;LAM;;Mini Car;trn_pass_road_LDV_4W;trn_pass_road_LDV;trn_pass_road;trn_pass;VS3;0.0122999999999994;0.0122999999999811;0.0123000000000976;0.0123000000000532;0.012300000003407
SSP2;LAM;;Moped;trn_pass_road_LDV_2W;trn_pass_road_LDV;trn_pass_road;trn_pass;VS3;0.000457999999616777;0.000457999999606642;0.000458000000415981;0.000457999999750792;0.000458000000545245
SSP2;LAM;;Motorcycle (50-250cc);trn_pass_road_LDV_2W;trn_pass_road_LDV;trn_pass_road;trn_pass;VS3;1;1;1;1;1
SSP2;LAM;;Motorcycle (>250cc);trn_pass_road_LDV_2W;trn_pass_road_LDV;trn_pass_road;trn_pass;VS3;0.268000001266175;0.267999998934954;0.267999998658676;0.26799999918949;0.267999999660489
SSP2;LAM;;Passenger Rail_tmp_vehicletype;Passenger Rail_tmp_subsectorL3;Passenger Rail_tmp_subsectorL2;Passenger Rail;trn_pass;VS3;1;1;1;1;1
SSP2;LAM;;Subcompact Car;trn_pass_road_LDV_4W;trn_pass_road_LDV;trn_pass_road;trn_pass;VS3;0.120999999999961;0.121000000000012;0.121000000000836;0.121000000000132;0.121000000028664
SSP2;LAM;;Truck (0-3_5t);trn_freight_road_tmp_subsectorL3;trn_freight_road_tmp_subsectorL2;trn_freight_road;trn_freight;VS3;0.385000000422432;0.385000000094357;0.385000000035722;0.385000000237512;0.385000001265167
SSP2;LAM;;Truck (18t);trn_freight_road_tmp_subsectorL3;trn_freight_road_tmp_subsectorL2;trn_freight_road;trn_freight;VS3;0.0264999999996103;0.0264999999998434;0.0264999999997869;0.0265000000005076;0.0265000000005128
SSP2;LAM;;Truck (26t);trn_freight_road_tmp_subsectorL3;trn_freight_road_tmp_subsectorL2;trn_freight_road;trn_freight;VS3;1;1;1;1;1
SSP2;LAM;;Truck (40t);trn_freight_road_tmp_subsectorL3;trn_freight_road_tmp_subsectorL2;trn_freight_road;trn_freight;VS3;0.000507999999992479;0.000507999999995189;0.000507999999987247;0.000508000000004581;0.000508000000015484
SSP2;LAM;;Truck (7_5t);trn_freight_road_tmp_subsectorL3;trn_freight_road_tmp_subsectorL2;trn_freight_road;trn_freight;VS3;0.188999999998534;0.189000000002037;0.188999999997686;0.188999999997582;0.189000000005873
SSP2;LAM;;Van;trn_pass_road_LDV_4W;trn_pass_road_LDV;trn_pass_road;trn_pass;VS3;0.00147000000000335;0.00176999999997296;0.0017999999999921;0.00184000000048744;0.00195999999989996
SSP2;LAM;;Walk_tmp_vehicletype;Walk_tmp_subsectorL3;Walk_tmp_subsectorL2;Walk;trn_pass;VS3;1;1;1;1;1
SSP2;LAM;BEV;Bus_tmp_vehicletype;Bus_tmp_subsectorL3;Bus;trn_pass_road;trn_pass;FV;0;0.129000000056079;0.358000000188442;0.587000002808629;1
SSP2;LAM;BEV;Compact Car;trn_pass_road_LDV_4W;trn_pass_road_LDV;trn_pass_road;trn_pass;FV;0.0088920380010873;0.0162127612344023;0.0383115465137486;0.120198994113007;1
SSP2;LAM;BEV;Large Car;trn_pass_road_LDV_4W;trn_pass_road_LDV;trn_pass_road;trn_pass;FV;0.0462182949591793;0.058803316606436;0.0898659313046856;0.204157068259483;1
SSP2;LAM;BEV;Large Car and SUV;trn_pass_road_LDV_4W;trn_pass_road_LDV;trn_pass_road;trn_pass;FV;0.0239511188543073;0.0417163474143932;0.0900320069639617;0.247500010564421;1
SSP2;LAM;BEV;Midsize Car;trn_pass_road_LDV_4W;trn_pass_road_LDV;trn_pass_road;trn_pass;FV;0.0278250091941278;0.0379641162164969;0.0645183604475004;0.166018209289672;1
SSP2;LAM;BEV;Mini Car;trn_pass_road_LDV_4W;trn_pass_road_LDV;trn_pass_road;trn_pass;FV;0.000864907532236325;0.00237049222720774;0.00887259763024957;0.0462939361140304;1
SSP2;LAM;BEV;Moped;trn_pass_road_LDV_2W;trn_pass_road_LDV;trn_pass_road;trn_pass;FV;0;0.250000000033698;0.735294116721837;1;1
SSP2;LAM;BEV;Motorcycle (50-250cc);trn_pass_road_LDV_2W;trn_pass_road_LDV;trn_pass_road;trn_pass;FV;0;0.249999999607694;0.735294115397783;1;1
SSP2;LAM;BEV;Motorcycle (>250cc);trn_pass_road_LDV_2W;trn_pass_road_LDV;trn_pass_road;trn_pass;FV;0;0.249999999528037;0.735294117991363;1;1
SSP2;LAM;BEV;Subcompact Car;trn_pass_road_LDV_4W;trn_pass_road_LDV;trn_pass_road;trn_pass;FV;0.00304787143260801;0.00639928570192726;0.0181327312168011;0.0724946751773006;1
SSP2;LAM;BEV;Truck (0-3_5t);trn_freight_road_tmp_subsectorL3;trn_freight_road_tmp_subsectorL2;trn_freight_road;trn_freight;FV;0;0.104000000014542;0.150000000031649;0.195999999875954;0.23599999972258
SSP2;LAM;BEV;Truck (18t);trn_freight_road_tmp_subsectorL3;trn_freight_road_tmp_subsectorL2;trn_freight_road;trn_freight;FV;0;0.0414000000016574;0.0735999999979378;0.106000000008105;0.229000000133623
SSP2;LAM;BEV;Truck (26t);trn_freight_road_tmp_subsectorL3;trn_freight_road_tmp_subsectorL2;trn_freight_road;trn_freight;FV;0;0.0413999999965764;0.0736000000014989;0.105999999933962;0.229000000279001
SSP2;LAM;BEV;Truck (40t);trn_freight_road_tmp_subsectorL3;trn_freight_road_tmp_subsectorL2;trn_freight_road;trn_freight;FV;0;0.0414000000026329;0.0736000000026487;0.105999999957488;0.229000000582884
SSP2;LAM;BEV;Truck (7_5t);trn_freight_road_tmp_subsectorL3;trn_freight_road_tmp_subsectorL2;trn_freight_road;trn_freight;FV;0;0.103999999851059;0.150000000020161;0.196000000224552;0.236000000401075
SSP2;LAM;BEV;Van;trn_pass_road_LDV_4W;trn_pass_road_LDV;trn_pass_road;trn_pass;FV;0.0205448035277119;0.0316361591765475;0.0591980005115175;0.144953005934284;1
SSP2;LAM;Cycle_tmp_technology;Cycle_tmp_vehicletype;Cycle_tmp_subsectorL3;Cycle_tmp_subsectorL2;Cycle;trn_pass;FV;1;1;1;1;1
SSP2;LAM;Electric;Freight Rail_tmp_vehicletype;Freight Rail_tmp_subsectorL3;Freight Rail_tmp_subsectorL2;Freight Rail;trn_freight;FV;0.0681000000101731;0.184999999983749;0.301000000095612;0.418000000640519;0.882999999034967
SSP2;LAM;Electric;HSR_tmp_vehicletype;HSR_tmp_subsectorL3;HSR_tmp_subsectorL2;HSR;trn_pass;FV;1;1;1;1;1
SSP2;LAM;Electric;Passenger Rail_tmp_vehicletype;Passenger Rail_tmp_subsectorL3;Passenger Rail_tmp_subsectorL2;Passenger Rail;trn_pass;FV;1;1;1;1;1
SSP2;LAM;FCEV;Bus_tmp_vehicletype;Bus_tmp_subsectorL3;Bus;trn_pass_road;trn_pass;FV;0;0.00270000000072352;0.0112000000059856;0.0196000001094132;0.0655999999764271
SSP2;LAM;FCEV;Compact Car;trn_pass_road_LDV_4W;trn_pass_road_LDV;trn_pass_road;trn_pass;FV;0.00263457671518712;0.00431947043284035;0.00895829261596817;0.0165381107117149;0.0143209822837365
SSP2;LAM;FCEV;Large Car;trn_pass_road_LDV_4W;trn_pass_road_LDV;trn_pass_road;trn_pass;FV;0.0173684800010155;0.0185726445828609;0.0208644097054037;0.0309429435223521;0.0175424632054071
SSP2;LAM;FCEV;Large Car and SUV;trn_pass_road_LDV_4W;trn_pass_road_LDV;trn_pass_road;trn_pass;FV;0.00743266273651293;0.012062383125226;0.0240710058859552;0.0428140916263407;0.0305948582271897
SSP2;LAM;FCEV;Midsize Car;trn_pass_road_LDV_4W;trn_pass_road_LDV;trn_pass_road;trn_pass;FV;0.00938741859285797;0.0106823087536264;0.013305555571826;0.021322925559266;0.011434722542737
SSP2;LAM;FCEV;Mini Car;trn_pass_road_LDV_4W;trn_pass_road_LDV;trn_pass_road;trn_pass;FV;0.00030317820538807;0.000748680949507969;0.00260037687005621;0.00616576466168536;0.0042900219714783
SSP2;LAM;FCEV;Subcompact Car;trn_pass_road_LDV_4W;trn_pass_road_LDV;trn_pass_road;trn_pass;FV;0.000869450216687755;0.00165763995799648;0.0042497193683514;0.00884937738842063;0.00736802499639334
SSP2;LAM;FCEV;Truck (0-3_5t);trn_freight_road_tmp_subsectorL3;trn_freight_road_tmp_subsectorL2;trn_freight_road;trn_freight;FV;0;0.00973999999967672;0.0359000000035197;0.0621000006324858;0.0885999999999835
SSP2;LAM;FCEV;Truck (18t);trn_freight_road_tmp_subsectorL3;trn_freight_road_tmp_subsectorL2;trn_freight_road;trn_freight;FV;0;0.00359999999979438;0.0136000000015221;0.0236000000026935;0.0606000000180962
SSP2;LAM;FCEV;Truck (26t);trn_freight_road_tmp_subsectorL3;trn_freight_road_tmp_subsectorL2;trn_freight_road;trn_freight;FV;0;0.00359999999957085;0.013600000001643;0.0235999999743064;0.0606000000222068
SSP2;LAM;FCEV;Truck (40t);trn_freight_road_tmp_subsectorL3;trn_freight_road_tmp_subsectorL2;trn_freight_road;trn_freight;FV;0;0.00359999999991841;0.0136000000022137;0.0235999999995044;0.060600000986615
SSP2;LAM;FCEV;Truck (7_5t);trn_freight_road_tmp_subsectorL3;trn_freight_road_tmp_subsectorL2;trn_freight_road;trn_freight;FV;0;0.00974000000609204;0.0358999999969948;0.062099999567253;0.0886000001295436
SSP2;LAM;FCEV;Van;trn_pass_road_LDV_4W;trn_pass_road_LDV;trn_pass_road;trn_pass;FV;0.00633995037337753;0.00897245245129994;0.0145503845186341;0.0240845093535199;0.0304640225987262
SSP2;LAM;Gases;Bus_tmp_vehicletype;Bus_tmp_subsectorL3;Bus;trn_pass_road;trn_pass;FV;0.0269000000002053;0.0472000000085339;0.075500000024326;0.104000000900638;0.124000000103103
SSP2;LAM;Gases;Compact Car;trn_pass_road_LDV_4W;trn_pass_road_LDV;trn_pass_road;trn_pass;FV;0.000795883742686362;0.00153805373160299;0.00382864744841757;0.00868942298731834;0.0104825420407138
SSP2;LAM;Gases;Large Car;trn_pass_road_LDV_4W;trn_pass_road_LDV;trn_pass_road;trn_pass;FV;0.00543021750515223;0.00739572558085114;0.0119882793636171;0.0204174143149279;0.0177935263307941
SSP2;LAM;Gases;Large Car and SUV;trn_pass_road_LDV_4W;trn_pass_road_LDV;trn_pass_road;trn_pass;FV;0.00253338551306454;0.00489390743944107;0.0119094402855505;0.0260524396685861;0.026153388324572
SSP2;LAM;Gases;Midsize Car;trn_pass_road_LDV_4W;trn_pass_road_LDV;trn_pass_road;trn_pass;FV;0.00278048854805955;0.00404087840714445;0.00736073590318775;0.013726234924626;0.0112117192057408
SSP2;LAM;Gases;Mini Car;trn_pass_road_LDV_4W;trn_pass_road_LDV;trn_pass_road;trn_pass;FV;3.6173083841204e-05;0.000105237578899508;0.000449269031005203;0.0015620552580031;0.00190935037582938
SSP2;LAM;Gases;Subcompact Car;trn_pass_road_LDV_4W;trn_pass_road_LDV;trn_pass_road;trn_pass;FV;0.00018552314931985;0.000413433079092551;0.00129791257113843;0.00359552363227429;0.00464032564994015
SSP2;LAM;Gases;Truck (0-3_5t);trn_freight_road_tmp_subsectorL3;trn_freight_road_tmp_subsectorL2;trn_freight_road;trn_freight;FV;0;0.0174999999978247;0.0246000000005207;0.0316000000377636;0.0614000000551165
SSP2;LAM;Gases;Truck (18t);trn_freight_road_tmp_subsectorL3;trn_freight_road_tmp_subsectorL2;trn_freight_road;trn_freight;FV;0;0.0174999999989795;0.0245999999981434;0.0316000000010832;0.0614000000103584
SSP2;LAM;Gases;Truck (26t);trn_freight_road_tmp_subsectorL3;trn_freight_road_tmp_subsectorL2;trn_freight_road;trn_freight;FV;0;0.0174999999969224;0.0246000000019734;0.0315999999429052;0.0614000000695337
SSP2;LAM;Gases;Truck (40t);trn_freight_road_tmp_subsectorL3;trn_freight_road_tmp_subsectorL2;trn_freight_road;trn_freight;FV;0;0.0175000000029568;0.0246000000017231;0.0315999999805211;0.0614000004606128
SSP2;LAM;Gases;Truck (7_5t);trn_freight_road_tmp_subsectorL3;trn_freight_road_tmp_subsectorL2;trn_freight_road;trn_freight;FV;0;0.0175000000000338;0.0246000000022875;0.0316000001720287;0.0613999997646602
SSP2;LAM;Gases;Van;trn_pass_road_LDV_4W;trn_pass_road_LDV;trn_pass_road;trn_pass;FV;0.00218764762496258;0.00385591577865603;0.00791871676454906;0.0154693283504846;0.0256220920794383
SSP2;LAM;Hybrid electric;Compact Car;trn_pass_road_LDV_4W;trn_pass_road_LDV;trn_pass_road;trn_pass;FV;0.00625510808217146;0.0117936557028061;0.0257319370989652;0.0468975624977011;0.0361534710700813
SSP2;LAM;Hybrid electric;Large Car;trn_pass_road_LDV_4W;trn_pass_road_LDV;trn_pass_road;trn_pass;FV;0.02794829362564;0.0393053028966486;0.061834117934855;0.0868086407630534;0.0464047623352493
SSP2;LAM;Hybrid electric;Large Car and SUV;trn_pass_road_LDV_4W;trn_pass_road_LDV;trn_pass_road;trn_pass;FV;0.0174993580940039;0.0319049059172894;0.0655982465948727;0.113223536068093;0.0694206675493516
SSP2;LAM;Hybrid electric;Midsize Car;trn_pass_road_LDV_4W;trn_pass_road_LDV;trn_pass_road;trn_pass;FV;0.0173542217069026;0.0263354188856335;0.0459853788678283;0.0692658824587447;0.0333019407444172
SSP2;LAM;Hybrid electric;Mini Car;trn_pass_road_LDV_4W;trn_pass_road_LDV;trn_pass_road;trn_pass;FV;0.000600303937483242;0.00179612928809302;0.0065111123813397;0.0163225283776339;0.0098947468834846
SSP2;LAM;Hybrid electric;Subcompact Car;trn_pass_road_LDV_4W;trn_pass_road_LDV;trn_pass_road;trn_pass;FV;0.00200308741421594;0.00447191724218078;0.0119658865613988;0.0252743676838239;0.0182491985752444
SSP2;LAM;Hybrid electric;Van;trn_pass_road_LDV_4W;trn_pass_road_LDV;trn_pass_road;trn_pass;FV;0.0147724007870844;0.0236282558076806;0.0415541688464594;0.0649302718194442;0.0701390619628491
SSP2;LAM;Hydrogen;Domestic Aviation_tmp_vehicletype;Domestic Aviation_tmp_subsectorL3;Domestic Aviation_tmp_subsectorL2;Domestic Aviation;trn_pass;FV;0;8.31999999999999e-07;2.31000000000005e-05;4.54000000000003e-05;0.119000000010456
SSP2;LAM;Liquids;Bus_tmp_vehicletype;Bus_tmp_subsectorL3;Bus;trn_pass_road;trn_pass;FV;1;1;1;1;0.72800000054757
SSP2;LAM;Liquids;Compact Car;trn_pass_road_LDV_4W;trn_pass_road_LDV;trn_pass_road;trn_pass;FV;1;1;1;1;0.310654193101979
SSP2;LAM;Liquids;Domestic Aviation_tmp_vehicletype;Domestic Aviation_tmp_subsectorL3;Domestic Aviation_tmp_subsectorL2;Domestic Aviation;trn_pass;FV;1;1;1;1;1
SSP2;LAM;Liquids;Domestic Ship_tmp_vehicletype;Domestic Ship_tmp_subsectorL3;Domestic Ship_tmp_subsectorL2;Domestic Ship;trn_freight;FV;1;1;1;1;1
SSP2;LAM;Liquids;Freight Rail_tmp_vehicletype;Freight Rail_tmp_subsectorL3;Freight Rail_tmp_subsectorL2;Freight Rail;trn_freight;FV;1;1;1;1;1
SSP2;LAM;Liquids;International Aviation_tmp_vehicletype;International Aviation_tmp_subsectorL3;International Aviation_tmp_subsectorL2;International Aviation;trn_aviation_intl;FV;1;1;1;1;1
SSP2;LAM;Liquids;International Ship_tmp_vehicletype;International Ship_tmp_subsectorL3;International Ship_tmp_subsectorL2;International Ship;trn_shipping_intl;FV;1;1;1;1;1
SSP2;LAM;Liquids;Large Car;trn_pass_road_LDV_4W;trn_pass_road_LDV;trn_pass_road;trn_pass;FV;1;1;1;1;0.272509114235294
SSP2;LAM;Liquids;Large Car and SUV;trn_pass_road_LDV_4W;trn_pass_road_LDV;trn_pass_road;trn_pass;FV;1;1;1;1;0.272634151033258
SSP2;LAM;Liquids;Midsize Car;trn_pass_road_LDV_4W;trn_pass_road_LDV;trn_pass_road;trn_pass;FV;1;1;1;1;0.220832484151751
SSP2;LAM;Liquids;Mini Car;trn_pass_road_LDV_4W;trn_pass_road_LDV;trn_pass_road;trn_pass;FV;1;1;1;1;0.161022049369714
SSP2;LAM;Liquids;Moped;trn_pass_road_LDV_2W;trn_pass_road_LDV;trn_pass_road;trn_pass;FV;1;1;1;0.699999999251926;0.0999999999957226
SSP2;LAM;Liquids;Motorcycle (50-250cc);trn_pass_road_LDV_2W;trn_pass_road_LDV;trn_pass_road;trn_pass;FV;1;1;1;0.699999999871501;0.0999999996138633
SSP2;LAM;Liquids;Motorcycle (>250cc);trn_pass_road_LDV_2W;trn_pass_road_LDV;trn_pass_road;trn_pass;FV;1;1;1;0.700000001357122;0.099999999950975
SSP2;LAM;Liquids;Passenger Rail_tmp_vehicletype;Passenger Rail_tmp_subsectorL3;Passenger Rail_tmp_subsectorL2;Passenger Rail;trn_pass;FV;0.647999999662179;0.725841226256791;0.648000000577678;0.64800000098985;0.648000000683796
SSP2;LAM;Liquids;Subcompact Car;trn_pass_road_LDV_4W;trn_pass_road_LDV;trn_pass_road;trn_pass;FV;1;1;1;1;0.2389026079332
SSP2;LAM;Liquids;Truck (0-3_5t);trn_freight_road_tmp_subsectorL3;trn_freight_road_tmp_subsectorL2;trn_freight_road;trn_freight;FV;1;1;1;1;1
SSP2;LAM;Liquids;Truck (18t);trn_freight_road_tmp_subsectorL3;trn_freight_road_tmp_subsectorL2;trn_freight_road;trn_freight;FV;1;1;1;1;1
SSP2;LAM;Liquids;Truck (26t);trn_freight_road_tmp_subsectorL3;trn_freight_road_tmp_subsectorL2;trn_freight_road;trn_freight;FV;1;1;1;1;1
SSP2;LAM;Liquids;Truck (40t);trn_freight_road_tmp_subsectorL3;trn_freight_road_tmp_subsectorL2;trn_freight_road;trn_freight;FV;1;1;1;1;1
SSP2;LAM;Liquids;Truck (7_5t);trn_freight_road_tmp_subsectorL3;trn_freight_road_tmp_subsectorL2;trn_freight_road;trn_freight;FV;1;1;1;1;1
SSP2;LAM;Liquids;Van;trn_pass_road_LDV_4W;trn_pass_road_LDV;trn_pass_road;trn_pass;FV;1;1;1;1;0.616352461261241
SSP2;LAM;Walk_tmp_technology;Walk_tmp_vehicletype;Walk_tmp_subsectorL3;Walk_tmp_subsectorL2;Walk;trn_pass;FV;1;1;1;1;1
SSP2;MEA;;;;;Cycle;trn_pass;S1S;0.0166000000052315;0.0166000000030922;0.0166000000009237;0.0165999999987797;0.0415000000000926
SSP2;MEA;;;;;Domestic Aviation;trn_pass;S1S;0.00852000000269734;0.00568000000104993;0.00584000000026574;0.0059999999995766;0.00700000000002033
SSP2;MEA;;;;;Domestic Ship;trn_freight;S1S;0.00205999999994552;0.00205999999972845;0.00206000000027445;0.00206000000001439;0.00206000000003035
SSP2;MEA;;;;;Freight Rail;trn_freight;S1S;0.00319999999979269;0.00319999999997812;0.00304000000015306;0.00287999999984423;0.00479999999965116
SSP2;MEA;;;;;HSR;trn_pass;S1S;0;0.0167000000031246;0.01330000000074;0.00999999999926489;0.0167000000000482
SSP2;MEA;;;;;International Aviation;trn_aviation_intl;S1S;1;1;1;1;1
SSP2;MEA;;;;;International Ship;trn_shipping_intl;S1S;1;1;1;1;1
SSP2;MEA;;;;;Passenger Rail;trn_pass;S1S;0.000557000000174343;0.00111000000019905;0.00122000000007511;0.00133999999990734;0.00371000000001275
SSP2;MEA;;;;;Walk;trn_pass;S1S;1;1;1;1;1
SSP2;MEA;;;;;trn_freight_road;trn_freight;S1S;1;1;1;1;1
SSP2;MEA;;;;;trn_pass_road;trn_pass;S1S;0.377000000119628;0.424000000077865;0.337000000017518;0.249999999981277;0.300000000000944
SSP2;MEA;;;;Bus;trn_pass_road;trn_pass;S2S1;0.268;0.15;0.114285714285714;0.0818181818181819;0.0399999999999999
SSP2;MEA;;;;Cycle_tmp_subsectorL2;Cycle;trn_pass;S2S1;1;1;1;1;1
SSP2;MEA;;;;Domestic Aviation_tmp_subsectorL2;Domestic Aviation;trn_pass;S2S1;1;1;1;1;1
SSP2;MEA;;;;Domestic Ship_tmp_subsectorL2;Domestic Ship;trn_freight;S2S1;1;1;1;1;1
SSP2;MEA;;;;Freight Rail_tmp_subsectorL2;Freight Rail;trn_freight;S2S1;1;1;1;1;1
SSP2;MEA;;;;HSR_tmp_subsectorL2;HSR;trn_pass;S2S1;0;1;1;1;1
SSP2;MEA;;;;International Aviation_tmp_subsectorL2;International Aviation;trn_aviation_intl;S2S1;1;1;1;1;1
SSP2;MEA;;;;International Ship_tmp_subsectorL2;International Ship;trn_shipping_intl;S2S1;1;1;1;1;1
SSP2;MEA;;;;Passenger Rail_tmp_subsectorL2;Passenger Rail;trn_pass;S2S1;1;1;1;1;1
SSP2;MEA;;;;Walk_tmp_subsectorL2;Walk;trn_pass;S2S1;1;1;1;1;1
SSP2;MEA;;;;trn_freight_road_tmp_subsectorL2;trn_freight_road;trn_freight;S2S1;1;1;1;1;1
SSP2;MEA;;;;trn_pass_road_LDV;trn_pass_road;trn_pass;S2S1;1;1;1;1;1
SSP2;MEA;;;Bus_tmp_subsectorL3;Bus;trn_pass_road;trn_pass;S3S2;1;1;1;1;1
SSP2;MEA;;;Cycle_tmp_subsectorL3;Cycle_tmp_subsectorL2;Cycle;trn_pass;S3S2;1;1;1;1;1
SSP2;MEA;;;Domestic Aviation_tmp_subsectorL3;Domestic Aviation_tmp_subsectorL2;Domestic Aviation;trn_pass;S3S2;1;1;1;1;1
SSP2;MEA;;;Domestic Ship_tmp_subsectorL3;Domestic Ship_tmp_subsectorL2;Domestic Ship;trn_freight;S3S2;1;1;1;1;1
SSP2;MEA;;;Freight Rail_tmp_subsectorL3;Freight Rail_tmp_subsectorL2;Freight Rail;trn_freight;S3S2;1;1;1;1;1
SSP2;MEA;;;HSR_tmp_subsectorL3;HSR_tmp_subsectorL2;HSR;trn_pass;S3S2;0;1;1;1;1
SSP2;MEA;;;International Aviation_tmp_subsectorL3;International Aviation_tmp_subsectorL2;International Aviation;trn_aviation_intl;S3S2;1;1;1;1;1
SSP2;MEA;;;International Ship_tmp_subsectorL3;International Ship_tmp_subsectorL2;International Ship;trn_shipping_intl;S3S2;1;1;1;1;1
SSP2;MEA;;;Passenger Rail_tmp_subsectorL3;Passenger Rail_tmp_subsectorL2;Passenger Rail;trn_pass;S3S2;1;1;1;1;1
SSP2;MEA;;;Walk_tmp_subsectorL3;Walk_tmp_subsectorL2;Walk;trn_pass;S3S2;1;1;1;1;1
SSP2;MEA;;;trn_freight_road_tmp_subsectorL3;trn_freight_road_tmp_subsectorL2;trn_freight_road;trn_freight;S3S2;1;1;1;1;1
SSP2;MEA;;;trn_pass_road_LDV_2W;trn_pass_road_LDV;trn_pass_road;trn_pass;S3S2;0.014999999997234;0.0149999999519582;0.014999999933628;0.0150000000267601;0.0150000000007562
SSP2;MEA;;;trn_pass_road_LDV_4W;trn_pass_road_LDV;trn_pass_road;trn_pass;S3S2;1;1;1;1;1
SSP2;MEA;;Bus_tmp_vehicletype;Bus_tmp_subsectorL3;Bus;trn_pass_road;trn_pass;VS3;1;1;1;1;1
SSP2;MEA;;Compact Car;trn_pass_road_LDV_4W;trn_pass_road_LDV;trn_pass_road;trn_pass;VS3;0.52600000031311;0.473000001722963;0.452999999376645;0.434000004716798;0.393999998571902
SSP2;MEA;;Cycle_tmp_vehicletype;Cycle_tmp_subsectorL3;Cycle_tmp_subsectorL2;Cycle;trn_pass;VS3;1;1;1;1;1
SSP2;MEA;;Domestic Aviation_tmp_vehicletype;Domestic Aviation_tmp_subsectorL3;Domestic Aviation_tmp_subsectorL2;Domestic Aviation;trn_pass;VS3;1;1;1;1;1
SSP2;MEA;;Domestic Ship_tmp_vehicletype;Domestic Ship_tmp_subsectorL3;Domestic Ship_tmp_subsectorL2;Domestic Ship;trn_freight;VS3;1;1;1;1;1
SSP2;MEA;;Freight Rail_tmp_vehicletype;Freight Rail_tmp_subsectorL3;Freight Rail_tmp_subsectorL2;Freight Rail;trn_freight;VS3;1;1;1;1;1
SSP2;MEA;;HSR_tmp_vehicletype;HSR_tmp_subsectorL3;HSR_tmp_subsectorL2;HSR;trn_pass;VS3;0;1;1;1;1
SSP2;MEA;;International Aviation_tmp_vehicletype;International Aviation_tmp_subsectorL3;International Aviation_tmp_subsectorL2;International Aviation;trn_aviation_intl;VS3;1;1;1;1;1
SSP2;MEA;;International Ship_tmp_vehicletype;International Ship_tmp_subsectorL3;International Ship_tmp_subsectorL2;International Ship;trn_shipping_intl;VS3;1;1;1;1;1
SSP2;MEA;;Large Car and SUV;trn_pass_road_LDV_4W;trn_pass_road_LDV;trn_pass_road;trn_pass;VS3;1;1;1;1;1
SSP2;MEA;;Mini Car;trn_pass_road_LDV_4W;trn_pass_road_LDV;trn_pass_road;trn_pass;VS3;0.0439999999703125;0.0396000000574485;0.0378999999683234;0.0363000003054279;0.0329999999469228
SSP2;MEA;;Motorcycle (50-250cc);trn_pass_road_LDV_2W;trn_pass_road_LDV;trn_pass_road;trn_pass;VS3;1;1;1;1;1
SSP2;MEA;;Motorcycle (>250cc);trn_pass_road_LDV_2W;trn_pass_road_LDV;trn_pass_road;trn_pass;VS3;0.00100000000003415;0.00100034658557039;0.00100002382839879;0.00100000000002603;0.0010000000000005
SSP2;MEA;;Passenger Rail_tmp_vehicletype;Passenger Rail_tmp_subsectorL3;Passenger Rail_tmp_subsectorL2;Passenger Rail;trn_pass;VS3;1;1;1;1;1
SSP2;MEA;;Subcompact Car;trn_pass_road_LDV_4W;trn_pass_road_LDV;trn_pass_road;trn_pass;VS3;0.207000000170654;0.186000000053927;0.1789999996094;0.171000002502982;0.154999999693567
SSP2;MEA;;Truck (0-3_5t);trn_freight_road_tmp_subsectorL3;trn_freight_road_tmp_subsectorL2;trn_freight_road;trn_freight;VS3;0.129999999911064;0.13;0.130000000081302;0.129999999958388;0.130000000314213
SSP2;MEA;;Truck (18t);trn_freight_road_tmp_subsectorL3;trn_freight_road_tmp_subsectorL2;trn_freight_road;trn_freight;VS3;0.200999999990557;0.201;0.201000000001537;0.200999999997553;0.200999999996753
SSP2;MEA;;Truck (26t);trn_freight_road_tmp_subsectorL3;trn_freight_road_tmp_subsectorL2;trn_freight_road;trn_freight;VS3;0;0;0;0;0
SSP2;MEA;;Truck (40t);trn_freight_road_tmp_subsectorL3;trn_freight_road_tmp_subsectorL2;trn_freight_road;trn_freight;VS3;0;0;0;0;0
SSP2;MEA;;Truck (7_5t);trn_freight_road_tmp_subsectorL3;trn_freight_road_tmp_subsectorL2;trn_freight_road;trn_freight;VS3;1;1;1;1;1
SSP2;MEA;;Walk_tmp_vehicletype;Walk_tmp_subsectorL3;Walk_tmp_subsectorL2;Walk;trn_pass;VS3;1;1;1;1;1
SSP2;MEA;BEV;Bus_tmp_vehicletype;Bus_tmp_subsectorL3;Bus;trn_pass_road;trn_pass;FV;0;0.0516999999950922;0.173000000050422;0.292999999836653;0.65000000130857
SSP2;MEA;BEV;Compact Car;trn_pass_road_LDV_4W;trn_pass_road_LDV;trn_pass_road;trn_pass;FV;0.00586786903838567;0.012522291619159;0.0341971249634743;0.112775321927416;1
SSP2;MEA;BEV;Large Car and SUV;trn_pass_road_LDV_4W;trn_pass_road_LDV;trn_pass_road;trn_pass;FV;0.0197725054302576;0.0330901288629378;0.0702106095238029;0.183796991022645;1
SSP2;MEA;BEV;Mini Car;trn_pass_road_LDV_4W;trn_pass_road_LDV;trn_pass_road;trn_pass;FV;0.00052114509964873;0.00150014300641443;0.00560577232282987;0.0272287007589771;0.898050843009
SSP2;MEA;BEV;Motorcycle (50-250cc);trn_pass_road_LDV_2W;trn_pass_road_LDV;trn_pass_road;trn_pass;FV;0;0.250000000166098;0.735294116989955;1;1
SSP2;MEA;BEV;Motorcycle (>250cc);trn_pass_road_LDV_2W;trn_pass_road_LDV;trn_pass_road;trn_pass;FV;0;0.25000000162135;0.73529411303939;1;1
SSP2;MEA;BEV;Subcompact Car;trn_pass_road_LDV_4W;trn_pass_road_LDV;trn_pass_road;trn_pass;FV;0.00209329184925885;0.00515521725267531;0.0163355966153096;0.0668592797922936;1
SSP2;MEA;BEV;Truck (0-3_5t);trn_freight_road_tmp_subsectorL3;trn_freight_road_tmp_subsectorL2;trn_freight_road;trn_freight;FV;0;0.0650000000083691;0.0871000000127443;0.109000000015322;0.138999999887536
SSP2;MEA;BEV;Truck (18t);trn_freight_road_tmp_subsectorL3;trn_freight_road_tmp_subsectorL2;trn_freight_road;trn_freight;FV;0;0.0258999999959746;0.0422999999933456;0.0586999999958245;0.135000000250384
SSP2;MEA;BEV;Truck (26t);trn_freight_road_tmp_subsectorL3;trn_freight_road_tmp_subsectorL2;trn_freight_road;trn_freight;FV;0;0;0;0;0
SSP2;MEA;BEV;Truck (40t);trn_freight_road_tmp_subsectorL3;trn_freight_road_tmp_subsectorL2;trn_freight_road;trn_freight;FV;0;0;0;0;0
SSP2;MEA;BEV;Truck (7_5t);trn_freight_road_tmp_subsectorL3;trn_freight_road_tmp_subsectorL2;trn_freight_road;trn_freight;FV;0;0.0650000000050897;0.0871000000386273;0.108999999984375;0.138999999910413
SSP2;MEA;Cycle_tmp_technology;Cycle_tmp_vehicletype;Cycle_tmp_subsectorL3;Cycle_tmp_subsectorL2;Cycle;trn_pass;FV;1;1;1;1;1
SSP2;MEA;Electric;Freight Rail_tmp_vehicletype;Freight Rail_tmp_subsectorL3;Freight Rail_tmp_subsectorL2;Freight Rail;trn_freight;FV;0.402000001389352;0.477000002474077;0.552000000822508;0.626000001537266;0.925000002324843
SSP2;MEA;Electric;HSR_tmp_vehicletype;HSR_tmp_subsectorL3;HSR_tmp_subsectorL2;HSR;trn_pass;FV;0;1;1;1;1
SSP2;MEA;Electric;Passenger Rail_tmp_vehicletype;Passenger Rail_tmp_subsectorL3;Passenger Rail_tmp_subsectorL2;Passenger Rail;trn_pass;FV;1;1;1;1;1
SSP2;MEA;FCEV;Bus_tmp_vehicletype;Bus_tmp_subsectorL3;Bus;trn_pass_road;trn_pass;FV;0;0.00270000000152887;0.0103000000014904;0.0177999999904348;0.0558000000942821
SSP2;MEA;FCEV;Compact Car;trn_pass_road_LDV_4W;trn_pass_road_LDV;trn_pass_road;trn_pass;FV;0.00202827721697072;0.00291157692177762;0.00783898238726458;0.0190444542507595;0.0375605183624809
SSP2;MEA;FCEV;Large Car and SUV;trn_pass_road_LDV_4W;trn_pass_road_LDV;trn_pass_road;trn_pass;FV;0.00683941877984441;0.00842669351338241;0.0168225722139751;0.0338121564230256;0.0481405556265672
SSP2;MEA;FCEV;Mini Car;trn_pass_road_LDV_4W;trn_pass_road_LDV;trn_pass_road;trn_pass;FV;0.000273824960523223;0.000449805941828579;0.00171418992570243;0.00526943349138052;0.0193143252576853
SSP2;MEA;FCEV;Subcompact Car;trn_pass_road_LDV_4W;trn_pass_road_LDV;trn_pass_road;trn_pass;FV;0.000754632952860322;0.00112798916707139;0.00367997220608104;0.010164405443796;0.0219042222625462
SSP2;MEA;FCEV;Truck (0-3_5t);trn_freight_road_tmp_subsectorL3;trn_freight_road_tmp_subsectorL2;trn_freight_road;trn_freight;FV;0;0.00365000000027171;0.00700000000002586;0.010300000001415;0.000414000000108384
SSP2;MEA;FCEV;Truck (18t);trn_freight_road_tmp_subsectorL3;trn_freight_road_tmp_subsectorL2;trn_freight_road;trn_freight;FV;0;0.00135000000023691;0.00263999999585547;0.00392000000003408;0.000283000000182271
SSP2;MEA;FCEV;Truck (26t);trn_freight_road_tmp_subsectorL3;trn_freight_road_tmp_subsectorL2;trn_freight_road;trn_freight;FV;0;0;0;0;0
SSP2;MEA;FCEV;Truck (40t);trn_freight_road_tmp_subsectorL3;trn_freight_road_tmp_subsectorL2;trn_freight_road;trn_freight;FV;0;0;0;0;0
SSP2;MEA;FCEV;Truck (7_5t);trn_freight_road_tmp_subsectorL3;trn_freight_road_tmp_subsectorL2;trn_freight_road;trn_freight;FV;0;0.0036500000003791;0.00700000000023825;0.0103000000012068;0.000414000000195183
SSP2;MEA;Gases;Bus_tmp_vehicletype;Bus_tmp_subsectorL3;Bus;trn_pass_road;trn_pass;FV;0.013400000000257;0.0394000000123045;0.0612000000290549;0.0829999999593658;0.111000000097778
SSP2;MEA;Gases;Compact Car;trn_pass_road_LDV_4W;trn_pass_road_LDV;trn_pass_road;trn_pass;FV;0.000465853790126149;0.0011133986986823;0.00308322630720039;0.00858118368774021;0.0328807643183067
SSP2;MEA;Gases;Large Car and SUV;trn_pass_road_LDV_4W;trn_pass_road_LDV;trn_pass_road;trn_pass;FV;0.00203546385488104;0.00384904192028414;0.00841264430764723;0.0188076286983336;0.0479748625917533
SSP2;MEA;Gases;Mini Car;trn_pass_road_LDV_4W;trn_pass_road_LDV;trn_pass_road;trn_pass;FV;2.6599766020383e-05;8.4129754353695e-05;0.000304140868595723;0.00111947887949946;0.0110904974046405
SSP2;MEA;Gases;Subcompact Car;trn_pass_road_LDV_4W;trn_pass_road_LDV;trn_pass_road;trn_pass;FV;0.00013119954397099;0.000356931796537876;0.00111518149178235;0.00361724198764722;0.0201875250947916
SSP2;MEA;Gases;Truck (0-3_5t);trn_freight_road_tmp_subsectorL3;trn_freight_road_tmp_subsectorL2;trn_freight_road;trn_freight;FV;0.000928000000000191;0.0953000000062574;0.0716000000158118;0.0479000000034448;0.0480000000126878
SSP2;MEA;Gases;Truck (18t);trn_freight_road_tmp_subsectorL3;trn_freight_road_tmp_subsectorL2;trn_freight_road;trn_freight;FV;0;0.0920999999981057;0.0697000000753102;0.0474000000049206;0.0478000000318904
SSP2;MEA;Gases;Truck (26t);trn_freight_road_tmp_subsectorL3;trn_freight_road_tmp_subsectorL2;trn_freight_road;trn_freight;FV;0;0;0;0;0
SSP2;MEA;Gases;Truck (40t);trn_freight_road_tmp_subsectorL3;trn_freight_road_tmp_subsectorL2;trn_freight_road;trn_freight;FV;0;0;0;0;0
SSP2;MEA;Gases;Truck (7_5t);trn_freight_road_tmp_subsectorL3;trn_freight_road_tmp_subsectorL2;trn_freight_road;trn_freight;FV;0;0.0921000000149639;0.0696999999791078;0.0473999999954261;0.047799999994264
SSP2;MEA;Hybrid electric;Compact Car;trn_pass_road_LDV_4W;trn_pass_road_LDV;trn_pass_road;trn_pass;FV;0.00311746169077348;0.00753630279850123;0.0210530806619618;0.0455697605178833;0.080805093867406
SSP2;MEA;Hybrid electric;Large Car and SUV;trn_pass_road_LDV_4W;trn_pass_road_LDV;trn_pass_road;trn_pass;FV;0.0110172546198089;0.0208053772273761;0.0454599554219043;0.0819136462344145;0.100710225292434
SSP2;MEA;Hybrid electric;Mini Car;trn_pass_road_LDV_4W;trn_pass_road_LDV;trn_pass_road;trn_pass;FV;0.000284896232976857;0.000968300490412179;0.00385621748837437;0.0104442468363728;0.0339238289356218
SSP2;MEA;Hybrid electric;Subcompact Car;trn_pass_road_LDV_4W;trn_pass_road_LDV;trn_pass_road;trn_pass;FV;0.00104248981051408;0.00299412666137593;0.0100128505624538;0.0245003567558999;0.046463354072469
SSP2;MEA;Hydrogen;Domestic Aviation_tmp_vehicletype;Domestic Aviation_tmp_subsectorL3;Domestic Aviation_tmp_subsectorL2;Domestic Aviation;trn_pass;FV;0;8.31999999999999e-07;2.30999999999998e-05;4.53999999999926e-05;0.119000000005599
SSP2;MEA;Liquids;Bus_tmp_vehicletype;Bus_tmp_subsectorL3;Bus;trn_pass_road;trn_pass;FV;1;1;1;1;1
SSP2;MEA;Liquids;Compact Car;trn_pass_road_LDV_4W;trn_pass_road_LDV;trn_pass_road;trn_pass;FV;1;1;1;1;0.691571470247492
SSP2;MEA;Liquids;Domestic Aviation_tmp_vehicletype;Domestic Aviation_tmp_subsectorL3;Domestic Aviation_tmp_subsectorL2;Domestic Aviation;trn_pass;FV;1;1;1;1;1
SSP2;MEA;Liquids;Domestic Ship_tmp_vehicletype;Domestic Ship_tmp_subsectorL3;Domestic Ship_tmp_subsectorL2;Domestic Ship;trn_freight;FV;1;1;1;1;1
SSP2;MEA;Liquids;Freight Rail_tmp_vehicletype;Freight Rail_tmp_subsectorL3;Freight Rail_tmp_subsectorL2;Freight Rail;trn_freight;FV;1;1;1;1;1
SSP2;MEA;Liquids;International Aviation_tmp_vehicletype;International Aviation_tmp_subsectorL3;International Aviation_tmp_subsectorL2;International Aviation;trn_aviation_intl;FV;1;1;1;1;1
SSP2;MEA;Liquids;International Ship_tmp_vehicletype;International Ship_tmp_subsectorL3;International Ship_tmp_subsectorL2;International Ship;trn_shipping_intl;FV;1;1;1;1;1
SSP2;MEA;Liquids;Large Car and SUV;trn_pass_road_LDV_4W;trn_pass_road_LDV;trn_pass_road;trn_pass;FV;1;1;1;1;0.583186068340717
SSP2;MEA;Liquids;Mini Car;trn_pass_road_LDV_4W;trn_pass_road_LDV;trn_pass_road;trn_pass;FV;1;1;1;1;1
SSP2;MEA;Liquids;Motorcycle (50-250cc);trn_pass_road_LDV_2W;trn_pass_road_LDV;trn_pass_road;trn_pass;FV;1;1;1;0.699999998741395;0.099999999980423
SSP2;MEA;Liquids;Motorcycle (>250cc);trn_pass_road_LDV_2W;trn_pass_road_LDV;trn_pass_road;trn_pass;FV;1;1;1;0.700000003001017;0.10000000002912
SSP2;MEA;Liquids;Passenger Rail_tmp_vehicletype;Passenger Rail_tmp_subsectorL3;Passenger Rail_tmp_subsectorL2;Passenger Rail;trn_pass;FV;0.0784999999990695;0.0785000000089946;0.0784999999704029;0.0784999999867497;0.0785000000671997
SSP2;MEA;Liquids;Subcompact Car;trn_pass_road_LDV_4W;trn_pass_road_LDV;trn_pass_road;trn_pass;FV;1;1;1;1;0.650648478740581
SSP2;MEA;Liquids;Truck (0-3_5t);trn_freight_road_tmp_subsectorL3;trn_freight_road_tmp_subsectorL2;trn_freight_road;trn_freight;FV;1;1;1;1;1
SSP2;MEA;Liquids;Truck (18t);trn_freight_road_tmp_subsectorL3;trn_freight_road_tmp_subsectorL2;trn_freight_road;trn_freight;FV;1;1;1;1;1
SSP2;MEA;Liquids;Truck (26t);trn_freight_road_tmp_subsectorL3;trn_freight_road_tmp_subsectorL2;trn_freight_road;trn_freight;FV;0;0;0;0;0
SSP2;MEA;Liquids;Truck (40t);trn_freight_road_tmp_subsectorL3;trn_freight_road_tmp_subsectorL2;trn_freight_road;trn_freight;FV;0;0;0;0;0
SSP2;MEA;Liquids;Truck (7_5t);trn_freight_road_tmp_subsectorL3;trn_freight_road_tmp_subsectorL2;trn_freight_road;trn_freight;FV;1;1;1;1;1
SSP2;MEA;Walk_tmp_technology;Walk_tmp_vehicletype;Walk_tmp_subsectorL3;Walk_tmp_subsectorL2;Walk;trn_pass;FV;1;1;1;1;1
SSP2;NEN;;;;;Cycle;trn_pass;S1S;0.0030299999999726;0.0100000000000498;0.0138461538460052;0.026666666666255;0.0333333333334972
SSP2;NEN;;;;;Domestic Aviation;trn_pass;S1S;7.49999999993362e-06;1.0000000000052e-05;9.99999999989026e-06;9.9999999998496e-06;1.16666666667174e-05
SSP2;NEN;;;;;Domestic Ship;trn_freight;S1S;0.0318000000013084;0.0318000000179158;0.0317999999391309;0.0318000000018192;0.0318000000519014
SSP2;NEN;;;;;Freight Rail;trn_freight;S1S;0.0191999999994453;0.0191999999955712;0.0182999999681061;0.0173000000028827;0.0289000000629577
SSP2;NEN;;;;;HSR;trn_pass;S1S;1.99999999998251e-05;1.00000000000545e-05;1.53846153844457e-05;3.33333333328161e-05;1.66666666667527e-05
SSP2;NEN;;;;;International Aviation;trn_aviation_intl;S1S;1;1;1;1;1
SSP2;NEN;;;;;International Ship;trn_shipping_intl;S1S;1;1;1;1;1
SSP2;NEN;;;;;Passenger Rail;trn_pass;S1S;2.99999999997373e-06;5.00000000002716e-05;0.00011538461538335;0.000333333333328217;0.0008333333333367
SSP2;NEN;;;;;Walk;trn_pass;S1S;1;1;1;1;1
SSP2;NEN;;;;;trn_freight_road;trn_freight;S1S;1;1;1;1;1
SSP2;NEN;;;;;trn_pass_road;trn_pass;S1S;0.0495999999995752;0.0400000000002029;0.038461538461118;0.0333333333328133;0.0150000000000661
SSP2;NEN;;;;Bus;trn_pass_road;trn_pass;S2S1;0.0129;0.01;0.00952380952380955;0.00909090909090909;0.01
SSP2;NEN;;;;Cycle_tmp_subsectorL2;Cycle;trn_pass;S2S1;1;1;1;1;1
SSP2;NEN;;;;Domestic Aviation_tmp_subsectorL2;Domestic Aviation;trn_pass;S2S1;1;1;1;1;1
SSP2;NEN;;;;Domestic Ship_tmp_subsectorL2;Domestic Ship;trn_freight;S2S1;1;1;1;1;1
SSP2;NEN;;;;Freight Rail_tmp_subsectorL2;Freight Rail;trn_freight;S2S1;1;1;1;1;1
SSP2;NEN;;;;HSR_tmp_subsectorL2;HSR;trn_pass;S2S1;1;1;1;1;1
SSP2;NEN;;;;International Aviation_tmp_subsectorL2;International Aviation;trn_aviation_intl;S2S1;1;1;1;1;1
SSP2;NEN;;;;International Ship_tmp_subsectorL2;International Ship;trn_shipping_intl;S2S1;1;1;1;1;1
SSP2;NEN;;;;Passenger Rail_tmp_subsectorL2;Passenger Rail;trn_pass;S2S1;1;1;1;1;1
SSP2;NEN;;;;Walk_tmp_subsectorL2;Walk;trn_pass;S2S1;1;1;1;1;1
SSP2;NEN;;;;trn_freight_road_tmp_subsectorL2;trn_freight_road;trn_freight;S2S1;1;1;1;1;1
SSP2;NEN;;;;trn_pass_road_LDV;trn_pass_road;trn_pass;S2S1;1;1;1;1;1
SSP2;NEN;;;Bus_tmp_subsectorL3;Bus;trn_pass_road;trn_pass;S3S2;1;1;1;1;1
SSP2;NEN;;;Cycle_tmp_subsectorL3;Cycle_tmp_subsectorL2;Cycle;trn_pass;S3S2;1;1;1;1;1
SSP2;NEN;;;Domestic Aviation_tmp_subsectorL3;Domestic Aviation_tmp_subsectorL2;Domestic Aviation;trn_pass;S3S2;1;1;1;1;1
SSP2;NEN;;;Domestic Ship_tmp_subsectorL3;Domestic Ship_tmp_subsectorL2;Domestic Ship;trn_freight;S3S2;1;1;1;1;1
SSP2;NEN;;;Freight Rail_tmp_subsectorL3;Freight Rail_tmp_subsectorL2;Freight Rail;trn_freight;S3S2;1;1;1;1;1
SSP2;NEN;;;HSR_tmp_subsectorL3;HSR_tmp_subsectorL2;HSR;trn_pass;S3S2;1;1;1;1;1
SSP2;NEN;;;International Aviation_tmp_subsectorL3;International Aviation_tmp_subsectorL2;International Aviation;trn_aviation_intl;S3S2;1;1;1;1;1
SSP2;NEN;;;International Ship_tmp_subsectorL3;International Ship_tmp_subsectorL2;International Ship;trn_shipping_intl;S3S2;1;1;1;1;1
SSP2;NEN;;;Passenger Rail_tmp_subsectorL3;Passenger Rail_tmp_subsectorL2;Passenger Rail;trn_pass;S3S2;1;1;1;1;1
SSP2;NEN;;;Walk_tmp_subsectorL3;Walk_tmp_subsectorL2;Walk;trn_pass;S3S2;1;1;1;1;1
SSP2;NEN;;;trn_freight_road_tmp_subsectorL3;trn_freight_road_tmp_subsectorL2;trn_freight_road;trn_freight;S3S2;1;1;1;1;1
SSP2;NEN;;;trn_pass_road_LDV_2W;trn_pass_road_LDV;trn_pass_road;trn_pass;S3S2;0.0900000000030903;0.0899999999243822;0.0899999999636865;0.0899999997893524;0.0899999999870097
SSP2;NEN;;;trn_pass_road_LDV_4W;trn_pass_road_LDV;trn_pass_road;trn_pass;S3S2;1;1;1;1;1
SSP2;NEN;;Bus_tmp_vehicletype;Bus_tmp_subsectorL3;Bus;trn_pass_road;trn_pass;VS3;1;1;1;1;1
SSP2;NEN;;Compact Car;trn_pass_road_LDV_4W;trn_pass_road_LDV;trn_pass_road;trn_pass;VS3;0.461999998509978;0.46199999807097;0.461999994442404;0.46200000327755;0.462000005690836
SSP2;NEN;;Cycle_tmp_vehicletype;Cycle_tmp_subsectorL3;Cycle_tmp_subsectorL2;Cycle;trn_pass;VS3;1;1;1;1;1
SSP2;NEN;;Domestic Aviation_tmp_vehicletype;Domestic Aviation_tmp_subsectorL3;Domestic Aviation_tmp_subsectorL2;Domestic Aviation;trn_pass;VS3;1;1;1;1;1
SSP2;NEN;;Domestic Ship_tmp_vehicletype;Domestic Ship_tmp_subsectorL3;Domestic Ship_tmp_subsectorL2;Domestic Ship;trn_freight;VS3;1;1;1;1;1
SSP2;NEN;;Freight Rail_tmp_vehicletype;Freight Rail_tmp_subsectorL3;Freight Rail_tmp_subsectorL2;Freight Rail;trn_freight;VS3;1;1;1;1;1
SSP2;NEN;;HSR_tmp_vehicletype;HSR_tmp_subsectorL3;HSR_tmp_subsectorL2;HSR;trn_pass;VS3;1;1;1;1;1
SSP2;NEN;;International Aviation_tmp_vehicletype;International Aviation_tmp_subsectorL3;International Aviation_tmp_subsectorL2;International Aviation;trn_aviation_intl;VS3;1;1;1;1;1
SSP2;NEN;;International Ship_tmp_vehicletype;International Ship_tmp_subsectorL3;International Ship_tmp_subsectorL2;International Ship;trn_shipping_intl;VS3;1;1;1;1;1
SSP2;NEN;;Large Car and SUV;trn_pass_road_LDV_4W;trn_pass_road_LDV;trn_pass_road;trn_pass;VS3;1;1;1;1;1
SSP2;NEN;;Midsize Car;trn_pass_road_LDV_4W;trn_pass_road_LDV;trn_pass_road;trn_pass;VS3;0.330999998176346;0.330999998563146;0.330999996461996;0.331000001935154;0.331000002008573
SSP2;NEN;;Mini Car;trn_pass_road_LDV_4W;trn_pass_road_LDV;trn_pass_road;trn_pass;VS3;6.42999999240537e-08;6.42999998151574e-08;6.42999990775719e-08;6.43000001852858e-08;6.43000003348212e-08
SSP2;NEN;;Moped;trn_pass_road_LDV_2W;trn_pass_road_LDV;trn_pass_road;trn_pass;VS3;0.332999999955945;0.333000000299992;0.332999998621271;0.333000000259005;0.332999998728524
SSP2;NEN;;Motorcycle (50-250cc);trn_pass_road_LDV_2W;trn_pass_road_LDV;trn_pass_road;trn_pass;VS3;0.136999999586604;0.136999999839785;0.136999999235685;0.136999999994991;0.136999998994375
SSP2;NEN;;Motorcycle (>250cc);trn_pass_road_LDV_2W;trn_pass_road_LDV;trn_pass_road;trn_pass;VS3;1;1;1;1;1
SSP2;NEN;;Passenger Rail_tmp_vehicletype;Passenger Rail_tmp_subsectorL3;Passenger Rail_tmp_subsectorL2;Passenger Rail;trn_pass;VS3;1;1;1;1;1
SSP2;NEN;;Subcompact Car;trn_pass_road_LDV_4W;trn_pass_road_LDV;trn_pass_road;trn_pass;VS3;0.33899999893667;0.338999999337824;0.338999995164542;0.339000003415022;0.339000004000461
SSP2;NEN;;Truck (0-3_5t);trn_freight_road_tmp_subsectorL3;trn_freight_road_tmp_subsectorL2;trn_freight_road;trn_freight;VS3;1;1;1;1;1
SSP2;NEN;;Truck (18t);trn_freight_road_tmp_subsectorL3;trn_freight_road_tmp_subsectorL2;trn_freight_road;trn_freight;VS3;0.143000000290578;0.143000000252706;0.142999999824133;0.14300000018731;0.143000000019339
SSP2;NEN;;Truck (26t);trn_freight_road_tmp_subsectorL3;trn_freight_road_tmp_subsectorL2;trn_freight_road;trn_freight;VS3;0.275000000603094;0.275000000497463;0.274999999728798;0.27500000036088;0.274999999980393
SSP2;NEN;;Truck (40t);trn_freight_road_tmp_subsectorL3;trn_freight_road_tmp_subsectorL2;trn_freight_road;trn_freight;VS3;0.0640000001305216;0.0640000001438345;0.06399999991671;0.0640000000849304;0.0640000000109613
SSP2;NEN;;Truck (7_5t);trn_freight_road_tmp_subsectorL3;trn_freight_road_tmp_subsectorL2;trn_freight_road;trn_freight;VS3;0.343000000850882;0.343000000808075;0.342999999633084;0.343000000521473;0.342999999943417
SSP2;NEN;;Van;trn_pass_road_LDV_4W;trn_pass_road_LDV;trn_pass_road;trn_pass;VS3;0.00734999997035943;0.00734999997004796;0.00734999996632085;0.00735000006025836;0.00735000007077293
SSP2;NEN;;Walk_tmp_vehicletype;Walk_tmp_subsectorL3;Walk_tmp_subsectorL2;Walk;trn_pass;VS3;1;1;1;1;1
SSP2;NEN;BEV;Bus_tmp_vehicletype;Bus_tmp_subsectorL3;Bus;trn_pass_road;trn_pass;FV;0.0561000000083198;0.139999999984665;0.277000000065478;0.412999998218214;0.986000000093547
SSP2;NEN;BEV;Compact Car;trn_pass_road_LDV_4W;trn_pass_road_LDV;trn_pass_road;trn_pass;FV;0.722902075874235;0.953026985318261;1;1;1
SSP2;NEN;BEV;Large Car and SUV;trn_pass_road_LDV_4W;trn_pass_road_LDV;trn_pass_road;trn_pass;FV;0.833722803956298;0.982377707632005;1;1;1
SSP2;NEN;BEV;Midsize Car;trn_pass_road_LDV_4W;trn_pass_road_LDV;trn_pass_road;trn_pass;FV;0.723632261708304;0.944821436717275;1;1;1
SSP2;NEN;BEV;Mini Car;trn_pass_road_LDV_4W;trn_pass_road_LDV;trn_pass_road;trn_pass;FV;0.666968598602509;0.918398209814861;1;1;1
SSP2;NEN;BEV;Moped;trn_pass_road_LDV_2W;trn_pass_road_LDV;trn_pass_road;trn_pass;FV;0;0.250000000153839;0.735294114864743;1;1
SSP2;NEN;BEV;Motorcycle (50-250cc);trn_pass_road_LDV_2W;trn_pass_road_LDV;trn_pass_road;trn_pass;FV;0;0.249999999905531;0.735294112284116;1;1
SSP2;NEN;BEV;Motorcycle (>250cc);trn_pass_road_LDV_2W;trn_pass_road_LDV;trn_pass_road;trn_pass;FV;0;0.249999999295132;0.735294117869865;1;1
SSP2;NEN;BEV;Subcompact Car;trn_pass_road_LDV_4W;trn_pass_road_LDV;trn_pass_road;trn_pass;FV;0.669760354182704;0.911506306220199;1;1;1
SSP2;NEN;BEV;Truck (0-3_5t);trn_freight_road_tmp_subsectorL3;trn_freight_road_tmp_subsectorL2;trn_freight_road;trn_freight;FV;0;0.254000000049329;0.421999999953261;0.590999998889019;0.893000002114501
SSP2;NEN;BEV;Truck (18t);trn_freight_road_tmp_subsectorL3;trn_freight_road_tmp_subsectorL2;trn_freight_road;trn_freight;FV;0;0.100999999998746;0.208999999737839;0.318000000312587;0.866000000120656
SSP2;NEN;BEV;Truck (26t);trn_freight_road_tmp_subsectorL3;trn_freight_road_tmp_subsectorL2;trn_freight_road;trn_freight;FV;0;0.100999999984935;0.208999999785318;0.318000000164412;0.866000007611302
SSP2;NEN;BEV;Truck (40t);trn_freight_road_tmp_subsectorL3;trn_freight_road_tmp_subsectorL2;trn_freight_road;trn_freight;FV;0;0.100999999986087;0.208999999748456;0.318000000280375;0.865999995755182
SSP2;NEN;BEV;Truck (7_5t);trn_freight_road_tmp_subsectorL3;trn_freight_road_tmp_subsectorL2;trn_freight_road;trn_freight;FV;0;0.254000000035132;0.422000000674275;0.591000000503201;0.89300000104875
SSP2;NEN;BEV;Van;trn_pass_road_LDV_4W;trn_pass_road_LDV;trn_pass_road;trn_pass;FV;0.764896255388512;0.922992768734031;1;1;1
SSP2;NEN;Cycle_tmp_technology;Cycle_tmp_vehicletype;Cycle_tmp_subsectorL3;Cycle_tmp_subsectorL2;Cycle;trn_pass;FV;1;1;1;1;1
SSP2;NEN;Electric;Freight Rail_tmp_vehicletype;Freight Rail_tmp_subsectorL3;Freight Rail_tmp_subsectorL2;Freight Rail;trn_freight;FV;1;1;1;1;1
SSP2;NEN;Electric;HSR_tmp_vehicletype;HSR_tmp_subsectorL3;HSR_tmp_subsectorL2;HSR;trn_pass;FV;1;1;1;1;1
SSP2;NEN;Electric;Passenger Rail_tmp_vehicletype;Passenger Rail_tmp_subsectorL3;Passenger Rail_tmp_subsectorL2;Passenger Rail;trn_pass;FV;1;1;1;1;1
SSP2;NEN;FCEV;Bus_tmp_vehicletype;Bus_tmp_subsectorL3;Bus;trn_pass_road;trn_pass;FV;0;0.00291999999836777;0.0120999999938663;0.0212999999927527;0.0554000000389141
SSP2;NEN;FCEV;Compact Car;trn_pass_road_LDV_4W;trn_pass_road_LDV;trn_pass_road;trn_pass;FV;0.00531717081055577;0.00532602907401641;0.0041542459335823;0.00396188668819478;0.00321881691797656
SSP2;NEN;FCEV;Large Car and SUV;trn_pass_road_LDV_4W;trn_pass_road_LDV;trn_pass_road;trn_pass;FV;0.0234015218860168;0.0216781691207837;0.0167284551400232;0.0160677854243986;0.0132243205207823
SSP2;NEN;FCEV;Midsize Car;trn_pass_road_LDV_4W;trn_pass_road_LDV;trn_pass_road;trn_pass;FV;0.00534583568495887;0.00534005414008871;0.00426055262978859;0.0040761166308726;0.00333709356982039
SSP2;NEN;FCEV;Mini Car;trn_pass_road_LDV_4W;trn_pass_road_LDV;trn_pass_road;trn_pass;FV;0.0024952353421968;0.00263257146115334;0.00214519034470942;0.00206483568045483;0.00174305603953232
SSP2;NEN;FCEV;Subcompact Car;trn_pass_road_LDV_4W;trn_pass_road_LDV;trn_pass_road;trn_pass;FV;0.00255750607004639;0.00271484075136365;0.00231173482210125;0.00222385239200392;0.00189381990950634
SSP2;NEN;FCEV;Truck (0-3_5t);trn_freight_road_tmp_subsectorL3;trn_freight_road_tmp_subsectorL2;trn_freight_road;trn_freight;FV;0;0.0079099999996624;0.0881000000120599;0.167999999766445;0.0997000000322126
SSP2;NEN;FCEV;Truck (18t);trn_freight_road_tmp_subsectorL3;trn_freight_road_tmp_subsectorL2;trn_freight_road;trn_freight;FV;0;0.00291999999941327;0.0333999999415041;0.0638000000584261;0.0681999994880693
SSP2;NEN;FCEV;Truck (26t);trn_freight_road_tmp_subsectorL3;trn_freight_road_tmp_subsectorL2;trn_freight_road;trn_freight;FV;0;0.00292000000025324;0.0333999999841912;0.0637999999603787;0.0682000004943131
SSP2;NEN;FCEV;Truck (40t);trn_freight_road_tmp_subsectorL3;trn_freight_road_tmp_subsectorL2;trn_freight_road;trn_freight;FV;0;0.00292000000000109;0.0334000000546591;0.0637999999639677;0.0681999996942244
SSP2;NEN;FCEV;Truck (7_5t);trn_freight_road_tmp_subsectorL3;trn_freight_road_tmp_subsectorL2;trn_freight_road;trn_freight;FV;0;0.00791000000093415;0.0880999999945713;0.168000000091294;0.0997000001037527
SSP2;NEN;FCEV;Van;trn_pass_road_LDV_4W;trn_pass_road_LDV;trn_pass_road;trn_pass;FV;0.00770476357422262;0.00730792415089841;0.00597227490736781;0.00565485323203844;0.00473460974592398
SSP2;NEN;Gases;Bus_tmp_vehicletype;Bus_tmp_subsectorL3;Bus;trn_pass_road;trn_pass;FV;0.0236000000007692;0.0378000000121763;0.0682999999989543;0.0987000003863098;0.126000000079016
SSP2;NEN;Gases;Compact Car;trn_pass_road_LDV_4W;trn_pass_road_LDV;trn_pass_road;trn_pass;FV;0.00258049943494435;0.002815631998336;0.00248465577498428;0.00238853520396423;0.00279125926770473
SSP2;NEN;Gases;Large Car and SUV;trn_pass_road_LDV_4W;trn_pass_road_LDV;trn_pass_road;trn_pass;FV;0.0111251771082498;0.0118003852414329;0.010729061679582;0.0105936222387873;0.0117460056423195
SSP2;NEN;Gases;Midsize Car;trn_pass_road_LDV_4W;trn_pass_road_LDV;trn_pass_road;trn_pass;FV;0.00257877186128309;0.00279537126599589;0.00249696158706232;0.0024067494986937;0.0028205998586095
SSP2;NEN;Gases;Mini Car;trn_pass_road_LDV_4W;trn_pass_road_LDV;trn_pass_road;trn_pass;FV;0.000862153398661595;0.00112667829053698;0.00116120569025486;0.00116349726910514;0.00135649974832524
SSP2;NEN;Gases;Subcompact Car;trn_pass_road_LDV_4W;trn_pass_road_LDV;trn_pass_road;trn_pass;FV;0.00145488635942265;0.00164545380140327;0.00153242484877148;0.00146365041571743;0.00174761278992689
SSP2;NEN;Gases;Truck (0-3_5t);trn_freight_road_tmp_subsectorL3;trn_freight_road_tmp_subsectorL2;trn_freight_road;trn_freight;FV;0.0064300000002206;0.0325999999995078;0.0586999999295723;0.084899999775147;0.145999999941884
SSP2;NEN;Gases;Truck (18t);trn_freight_road_tmp_subsectorL3;trn_freight_road_tmp_subsectorL2;trn_freight_road;trn_freight;FV;0;0.026300000000283;0.0526000000303024;0.0790000000158679;0.141999999271436
SSP2;NEN;Gases;Truck (26t);trn_freight_road_tmp_subsectorL3;trn_freight_road_tmp_subsectorL2;trn_freight_road;trn_freight;FV;0;0.0262999999986796;0.0525999999742624;0.0789999999982821;0.142000000620063
SSP2;NEN;Gases;Truck (40t);trn_freight_road_tmp_subsectorL3;trn_freight_road_tmp_subsectorL2;trn_freight_road;trn_freight;FV;0;0.0262999999947761;0.0526000000165281;0.0789999999969058;0.142000000286024
SSP2;NEN;Gases;Truck (7_5t);trn_freight_road_tmp_subsectorL3;trn_freight_road_tmp_subsectorL2;trn_freight_road;trn_freight;FV;0;0.0263000000040572;0.0525999999907326;0.0790000000305359;0.141999999314393
SSP2;NEN;Gases;Van;trn_pass_road_LDV_4W;trn_pass_road_LDV;trn_pass_road;trn_pass;FV;0.00327661435829194;0.00377668580825071;0.00389425760538004;0.00388908266016431;0.00439171927278684
SSP2;NEN;Hybrid electric;Compact Car;trn_pass_road_LDV_4W;trn_pass_road_LDV;trn_pass_road;trn_pass;FV;0.0108000456466608;0.0140709080183193;0.0142360441809387;0.0129539039924424;0.00900678172434372
SSP2;NEN;Hybrid electric;Large Car and SUV;trn_pass_road_LDV_4W;trn_pass_road_LDV;trn_pass_road;trn_pass;FV;0.0435875665184774;0.0499662417248178;0.0489155969163534;0.0450977304093658;0.0321078986015629
SSP2;NEN;Hybrid electric;Midsize Car;trn_pass_road_LDV_4W;trn_pass_road_LDV;trn_pass_road;trn_pass;FV;0.0112610755902848;0.0144883512574263;0.0147348517417064;0.0134044348317525;0.00941234573149776
SSP2;NEN;Hybrid electric;Mini Car;trn_pass_road_LDV_4W;trn_pass_road_LDV;trn_pass_road;trn_pass;FV;0.00523315786063393;0.00728716199669342;0.00787805677697056;0.00725534114497826;0.00504517633015149
SSP2;NEN;Hybrid electric;Subcompact Car;trn_pass_road_LDV_4W;trn_pass_road_LDV;trn_pass_road;trn_pass;FV;0.00586854849723821;0.00800230050399903;0.00856588594301611;0.00781780771506278;0.00548572504992831
SSP2;NEN;Hybrid electric;Van;trn_pass_road_LDV_4W;trn_pass_road_LDV;trn_pass_road;trn_pass;FV;0.0188948026046175;0.0210623936032201;0.0207479314099893;0.0185573379619997;0.0133865247539824
SSP2;NEN;Hydrogen;Domestic Aviation_tmp_vehicletype;Domestic Aviation_tmp_subsectorL3;Domestic Aviation_tmp_subsectorL2;Domestic Aviation;trn_pass;FV;0;8.32e-07;2.31000000000043e-05;4.54000000000048e-05;0.119000000017282
SSP2;NEN;Liquids;Bus_tmp_vehicletype;Bus_tmp_subsectorL3;Bus;trn_pass_road;trn_pass;FV;1;1;1;1;1
SSP2;NEN;Liquids;Compact Car;trn_pass_road_LDV_4W;trn_pass_road_LDV;trn_pass_road;trn_pass;FV;1;1;0.627329164516652;0.398529380024584;0.0827934117178149
SSP2;NEN;Liquids;Domestic Aviation_tmp_vehicletype;Domestic Aviation_tmp_subsectorL3;Domestic Aviation_tmp_subsectorL2;Domestic Aviation;trn_pass;FV;1;1;1;1;1
SSP2;NEN;Liquids;Domestic Ship_tmp_vehicletype;Domestic Ship_tmp_subsectorL3;Domestic Ship_tmp_subsectorL2;Domestic Ship;trn_freight;FV;1;1;1;1;1
SSP2;NEN;Liquids;Freight Rail_tmp_vehicletype;Freight Rail_tmp_subsectorL3;Freight Rail_tmp_subsectorL2;Freight Rail;trn_freight;FV;0.131999999904862;0.132000000032103;0.13200000010544;0.131999999980085;0.131999999278321
SSP2;NEN;Liquids;International Aviation_tmp_vehicletype;International Aviation_tmp_subsectorL3;International Aviation_tmp_subsectorL2;International Aviation;trn_aviation_intl;FV;1;1;1;1;1
SSP2;NEN;Liquids;International Ship_tmp_vehicletype;International Ship_tmp_subsectorL3;International Ship_tmp_subsectorL2;International Ship;trn_shipping_intl;FV;1;1;1;1;1
SSP2;NEN;Liquids;Large Car and SUV;trn_pass_road_LDV_4W;trn_pass_road_LDV;trn_pass_road;trn_pass;FV;1;1;0.738253633014318;0.547335216640114;0.177863327675979
SSP2;NEN;Liquids;Midsize Car;trn_pass_road_LDV_4W;trn_pass_road_LDV;trn_pass_road;trn_pass;FV;1;1;0.642559651562694;0.414013243987005;0.089663128327467
SSP2;NEN;Liquids;Mini Car;trn_pass_road_LDV_4W;trn_pass_road_LDV;trn_pass_road;trn_pass;FV;1;1;0.612048199858562;0.369925862668374;0.0665192485159268
SSP2;NEN;Liquids;Moped;trn_pass_road_LDV_2W;trn_pass_road_LDV;trn_pass_road;trn_pass;FV;1;1;1;0.700000001155007;0.0999999999974513
SSP2;NEN;Liquids;Motorcycle (50-250cc);trn_pass_road_LDV_2W;trn_pass_road_LDV;trn_pass_road;trn_pass;FV;1;1;1;0.699999999694175;0.0999999999502896
SSP2;NEN;Liquids;Motorcycle (>250cc);trn_pass_road_LDV_2W;trn_pass_road_LDV;trn_pass_road;trn_pass;FV;1;1;1;0.700000001073038;0.100000000199361
SSP2;NEN;Liquids;Passenger Rail_tmp_vehicletype;Passenger Rail_tmp_subsectorL3;Passenger Rail_tmp_subsectorL2;Passenger Rail;trn_pass;FV;0.0154000000001991;0.0154000000013357;0.0153999999977847;0.0153999999990721;0.0154000000001593
SSP2;NEN;Liquids;Subcompact Car;trn_pass_road_LDV_4W;trn_pass_road_LDV;trn_pass_road;trn_pass;FV;1;1;0.625207473360876;0.384000175872196;0.0726170097531452
SSP2;NEN;Liquids;Truck (0-3_5t);trn_freight_road_tmp_subsectorL3;trn_freight_road_tmp_subsectorL2;trn_freight_road;trn_freight;FV;1;1;1;1;1
SSP2;NEN;Liquids;Truck (18t);trn_freight_road_tmp_subsectorL3;trn_freight_road_tmp_subsectorL2;trn_freight_road;trn_freight;FV;1;1;1;1;1
SSP2;NEN;Liquids;Truck (26t);trn_freight_road_tmp_subsectorL3;trn_freight_road_tmp_subsectorL2;trn_freight_road;trn_freight;FV;1;1;1;1;1
SSP2;NEN;Liquids;Truck (40t);trn_freight_road_tmp_subsectorL3;trn_freight_road_tmp_subsectorL2;trn_freight_road;trn_freight;FV;1;1;1;1;1
SSP2;NEN;Liquids;Truck (7_5t);trn_freight_road_tmp_subsectorL3;trn_freight_road_tmp_subsectorL2;trn_freight_road;trn_freight;FV;1;1;1;1;1
SSP2;NEN;Liquids;Van;trn_pass_road_LDV_4W;trn_pass_road_LDV;trn_pass_road;trn_pass;FV;1;1;0.759940897571124;0.547258850014369;0.160096780622096
SSP2;NEN;Walk_tmp_technology;Walk_tmp_vehicletype;Walk_tmp_subsectorL3;Walk_tmp_subsectorL2;Walk;trn_pass;FV;1;1;1;1;1
SSP2;NES;;;;;Cycle;trn_pass;S1S;0.00874000000051154;0.0199999999982908;0.0249999999997939;0.0300000000000924;0.0500000000002921
SSP2;NES;;;;;Domestic Aviation;trn_pass;S1S;0.00472000000025257;0.00499999999952072;0.00349999999998308;0.00200000000002189;0.00100000000000551
SSP2;NES;;;;;Domestic Ship;trn_freight;S1S;0.0146999999783189;0.0146999999961502;0.0147000000001551;0.0146999999924281;0.013200000004398
SSP2;NES;;;;;Freight Rail;trn_freight;S1S;0.0169999999886352;0.0169999999974308;0.016100000000494;0.0152999999927732;0.0253999999955838
SSP2;NES;;;;;HSR;trn_pass;S1S;0.000508000000026018;0.00099999999989622;0.00149999999999084;0.00200000000012131;0.00200000000001141
SSP2;NES;;;;;International Aviation;trn_aviation_intl;S1S;1;1;1;1;1
SSP2;NES;;;;;International Ship;trn_shipping_intl;S1S;1;1;1;1;1
SSP2;NES;;;;;Passenger Rail;trn_pass;S1S;0.00161000000010602;0.00499999999954822;0.00599999999998568;0.00700000000028041;0.0070000000000431
SSP2;NES;;;;;Walk;trn_pass;S1S;1;1;1;1;1
SSP2;NES;;;;;trn_freight_road;trn_freight;S1S;1;1;1;1;1
SSP2;NES;;;;;trn_pass_road;trn_pass;S1S;0.273000000013948;0.281999999968055;0.21599999999837;0.150000000009381;0.100000000000627
SSP2;NES;;;;Bus;trn_pass_road;trn_pass;S2S1;0.0840000000000003;0.06;0.0571428571428571;0.0545454545454546;0.05
SSP2;NES;;;;Cycle_tmp_subsectorL2;Cycle;trn_pass;S2S1;1;1;1;1;1
SSP2;NES;;;;Domestic Aviation_tmp_subsectorL2;Domestic Aviation;trn_pass;S2S1;1;1;1;1;1
SSP2;NES;;;;Domestic Ship_tmp_subsectorL2;Domestic Ship;trn_freight;S2S1;1;1;1;1;1
SSP2;NES;;;;Freight Rail_tmp_subsectorL2;Freight Rail;trn_freight;S2S1;1;1;1;1;1
SSP2;NES;;;;HSR_tmp_subsectorL2;HSR;trn_pass;S2S1;1;1;1;1;1
SSP2;NES;;;;International Aviation_tmp_subsectorL2;International Aviation;trn_aviation_intl;S2S1;1;1;1;1;1
SSP2;NES;;;;International Ship_tmp_subsectorL2;International Ship;trn_shipping_intl;S2S1;1;1;1;1;1
SSP2;NES;;;;Passenger Rail_tmp_subsectorL2;Passenger Rail;trn_pass;S2S1;1;1;1;1;1
SSP2;NES;;;;Walk_tmp_subsectorL2;Walk;trn_pass;S2S1;1;1;1;1;1
SSP2;NES;;;;trn_freight_road_tmp_subsectorL2;trn_freight_road;trn_freight;S2S1;1;1;1;1;1
SSP2;NES;;;;trn_pass_road_LDV;trn_pass_road;trn_pass;S2S1;1;1;1;1;1
SSP2;NES;;;Bus_tmp_subsectorL3;Bus;trn_pass_road;trn_pass;S3S2;1;1;1;1;1
SSP2;NES;;;Cycle_tmp_subsectorL3;Cycle_tmp_subsectorL2;Cycle;trn_pass;S3S2;1;1;1;1;1
SSP2;NES;;;Domestic Aviation_tmp_subsectorL3;Domestic Aviation_tmp_subsectorL2;Domestic Aviation;trn_pass;S3S2;1;1;1;1;1
SSP2;NES;;;Domestic Ship_tmp_subsectorL3;Domestic Ship_tmp_subsectorL2;Domestic Ship;trn_freight;S3S2;1;1;1;1;1
SSP2;NES;;;Freight Rail_tmp_subsectorL3;Freight Rail_tmp_subsectorL2;Freight Rail;trn_freight;S3S2;1;1;1;1;1
SSP2;NES;;;HSR_tmp_subsectorL3;HSR_tmp_subsectorL2;HSR;trn_pass;S3S2;1;1;1;1;1
SSP2;NES;;;International Aviation_tmp_subsectorL3;International Aviation_tmp_subsectorL2;International Aviation;trn_aviation_intl;S3S2;1;1;1;1;1
SSP2;NES;;;International Ship_tmp_subsectorL3;International Ship_tmp_subsectorL2;International Ship;trn_shipping_intl;S3S2;1;1;1;1;1
SSP2;NES;;;Passenger Rail_tmp_subsectorL3;Passenger Rail_tmp_subsectorL2;Passenger Rail;trn_pass;S3S2;1;1;1;1;1
SSP2;NES;;;Walk_tmp_subsectorL3;Walk_tmp_subsectorL2;Walk;trn_pass;S3S2;1;1;1;1;1
SSP2;NES;;;trn_freight_road_tmp_subsectorL3;trn_freight_road_tmp_subsectorL2;trn_freight_road;trn_freight;S3S2;1;1;1;1;1
SSP2;NES;;;trn_pass_road_LDV_2W;trn_pass_road_LDV;trn_pass_road;trn_pass;S3S2;0.0199999999987132;0.0200000000038874;0.0199999999962269;0.0199999999966956;0.020000000000558
SSP2;NES;;;trn_pass_road_LDV_4W;trn_pass_road_LDV;trn_pass_road;trn_pass;S3S2;1;1;1;1;1
SSP2;NES;;Bus_tmp_vehicletype;Bus_tmp_subsectorL3;Bus;trn_pass_road;trn_pass;VS3;1;1;1;1;1
SSP2;NES;;Compact Car;trn_pass_road_LDV_4W;trn_pass_road_LDV;trn_pass_road;trn_pass;VS3;0.576000000000004;0.576000000000002;0.595000000000003;0.613999999999985;0.614000000000004
SSP2;NES;;Cycle_tmp_vehicletype;Cycle_tmp_subsectorL3;Cycle_tmp_subsectorL2;Cycle;trn_pass;VS3;1;1;1;1;1
SSP2;NES;;Domestic Aviation_tmp_vehicletype;Domestic Aviation_tmp_subsectorL3;Domestic Aviation_tmp_subsectorL2;Domestic Aviation;trn_pass;VS3;1;1;1;1;1
SSP2;NES;;Domestic Ship_tmp_vehicletype;Domestic Ship_tmp_subsectorL3;Domestic Ship_tmp_subsectorL2;Domestic Ship;trn_freight;VS3;1;1;1;1;1
SSP2;NES;;Freight Rail_tmp_vehicletype;Freight Rail_tmp_subsectorL3;Freight Rail_tmp_subsectorL2;Freight Rail;trn_freight;VS3;1;1;1;1;1
SSP2;NES;;HSR_tmp_vehicletype;HSR_tmp_subsectorL3;HSR_tmp_subsectorL2;HSR;trn_pass;VS3;1;1;1;1;1
SSP2;NES;;International Aviation_tmp_vehicletype;International Aviation_tmp_subsectorL3;International Aviation_tmp_subsectorL2;International Aviation;trn_aviation_intl;VS3;1;1;1;1;1
SSP2;NES;;International Ship_tmp_vehicletype;International Ship_tmp_subsectorL3;International Ship_tmp_subsectorL2;International Ship;trn_shipping_intl;VS3;1;1;1;1;1
SSP2;NES;;Large Car and SUV;trn_pass_road_LDV_4W;trn_pass_road_LDV;trn_pass_road;trn_pass;VS3;1;1;1;1;1
SSP2;NES;;Midsize Car;trn_pass_road_LDV_4W;trn_pass_road_LDV;trn_pass_road;trn_pass;VS3;0.235000000000001;0.235000000000001;0.235;0.234999999999995;0.235000000000004
SSP2;NES;;Mini Car;trn_pass_road_LDV_4W;trn_pass_road_LDV;trn_pass_road;trn_pass;VS3;0.00189000000239662;0.00189000000022358;0.00195000000000023;0.00200999999999914;0.0020100000000007
SSP2;NES;;Moped;trn_pass_road_LDV_2W;trn_pass_road_LDV;trn_pass_road;trn_pass;VS3;0.0115000000175464;0.0114999999968566;0.0115000000181318;0.0114999999986558;0.0115000000074256
SSP2;NES;;Motorcycle (50-250cc);trn_pass_road_LDV_2W;trn_pass_road_LDV;trn_pass_road;trn_pass;VS3;0.133999999950938;0.133999999934961;0.133999999519491;0.134000000178011;0.134000000111615
SSP2;NES;;Motorcycle (>250cc);trn_pass_road_LDV_2W;trn_pass_road_LDV;trn_pass_road;trn_pass;VS3;1;1;1;1;1
SSP2;NES;;Passenger Rail_tmp_vehicletype;Passenger Rail_tmp_subsectorL3;Passenger Rail_tmp_subsectorL2;Passenger Rail;trn_pass;VS3;1;1;1;1;1
SSP2;NES;;Subcompact Car;trn_pass_road_LDV_4W;trn_pass_road_LDV;trn_pass_road;trn_pass;VS3;0.0932000000000012;0.0932000000000004;0.0964000000000004;0.0994999999999984;0.0994999999999998
SSP2;NES;;Truck (0-3_5t);trn_freight_road_tmp_subsectorL3;trn_freight_road_tmp_subsectorL2;trn_freight_road;trn_freight;VS3;1;1;1;1;1
SSP2;NES;;Truck (18t);trn_freight_road_tmp_subsectorL3;trn_freight_road_tmp_subsectorL2;trn_freight_road;trn_freight;VS3;0.0630000000489215;0.0630000000331351;0.0630000010932829;0.0629999999916232;0.0630000000190261
SSP2;NES;;Truck (26t);trn_freight_road_tmp_subsectorL3;trn_freight_road_tmp_subsectorL2;trn_freight_road;trn_freight;VS3;0.365000000311826;0.365000000187924;0.365000006179888;0.364999999952194;0.36500000012034
SSP2;NES;;Truck (40t);trn_freight_road_tmp_subsectorL3;trn_freight_road_tmp_subsectorL2;trn_freight_road;trn_freight;VS3;0.570000000505521;0.570000000328082;0.570000009698637;0.569999999933968;0.570000000201378
SSP2;NES;;Truck (7_5t);trn_freight_road_tmp_subsectorL3;trn_freight_road_tmp_subsectorL2;trn_freight_road;trn_freight;VS3;0.48000000045807;0.48000000025741;0.480000007829678;0.479999999941536;0.480000000124305
SSP2;NES;;Van;trn_pass_road_LDV_4W;trn_pass_road_LDV;trn_pass_road;trn_pass;VS3;0.00288000000000001;0.00288;0.00288000000000001;0.00287999999999999;0.00287999999999995
SSP2;NES;;Walk_tmp_vehicletype;Walk_tmp_subsectorL3;Walk_tmp_subsectorL2;Walk;trn_pass;VS3;1;1;1;1;1
SSP2;NES;BEV;Bus_tmp_vehicletype;Bus_tmp_subsectorL3;Bus;trn_pass_road;trn_pass;FV;0;0.0516999999622949;0.112999999537804;0.174000000481764;0.346000001993313
SSP2;NES;BEV;Compact Car;trn_pass_road_LDV_4W;trn_pass_road_LDV;trn_pass_road;trn_pass;FV;0.00302480106174493;0.00508256994134926;0.0118355211143579;0.0315596740066819;1
SSP2;NES;BEV;Large Car and SUV;trn_pass_road_LDV_4W;trn_pass_road_LDV;trn_pass_road;trn_pass;FV;0.0146668494447626;0.0205865429360508;0.0364453651348429;0.0749825822600001;1
SSP2;NES;BEV;Midsize Car;trn_pass_road_LDV_4W;trn_pass_road_LDV;trn_pass_road;trn_pass;FV;0.00345214214338448;0.00578683175999144;0.0137216228318327;0.0371622111263757;1
SSP2;NES;BEV;Mini Car;trn_pass_road_LDV_4W;trn_pass_road_LDV;trn_pass_road;trn_pass;FV;0.00669602746258552;0.00746469401343349;0.011387685908915;0.0233670577341918;0.748714994617661
SSP2;NES;BEV;Moped;trn_pass_road_LDV_2W;trn_pass_road_LDV;trn_pass_road;trn_pass;FV;0;0.250000001181428;0.735294124411815;1;1
SSP2;NES;BEV;Motorcycle (50-250cc);trn_pass_road_LDV_2W;trn_pass_road_LDV;trn_pass_road;trn_pass;FV;0;0.249999999427418;0.735294117863149;1;1
SSP2;NES;BEV;Motorcycle (>250cc);trn_pass_road_LDV_2W;trn_pass_road_LDV;trn_pass_road;trn_pass;FV;0;0.249999999293097;0.7352941231719;1;1
SSP2;NES;BEV;Subcompact Car;trn_pass_road_LDV_4W;trn_pass_road_LDV;trn_pass_road;trn_pass;FV;0.00167683896730981;0.00298220175090003;0.00762975832451973;0.0220335839373947;1
SSP2;NES;BEV;Truck (0-3_5t);trn_freight_road_tmp_subsectorL3;trn_freight_road_tmp_subsectorL2;trn_freight_road;trn_freight;FV;0;0.113999999999041;0.166000000170988;0.218000000663492;0.321999997853197
SSP2;NES;BEV;Truck (18t);trn_freight_road_tmp_subsectorL3;trn_freight_road_tmp_subsectorL2;trn_freight_road;trn_freight;FV;0;0.0453000000000829;0.0813000000592709;0.116999999931421;0.311999998233009
SSP2;NES;BEV;Truck (26t);trn_freight_road_tmp_subsectorL3;trn_freight_road_tmp_subsectorL2;trn_freight_road;trn_freight;FV;0;0.0452999999926821;0.0812999997781367;0.116999999921053;0.311999996964598
SSP2;NES;BEV;Truck (40t);trn_freight_road_tmp_subsectorL3;trn_freight_road_tmp_subsectorL2;trn_freight_road;trn_freight;FV;0;0.0453000000064581;0.0812999999330521;0.116999999721329;0.312000000221414
SSP2;NES;BEV;Truck (7_5t);trn_freight_road_tmp_subsectorL3;trn_freight_road_tmp_subsectorL2;trn_freight_road;trn_freight;FV;0;0.114000000008516;0.166000000062412;0.218000000062581;0.322000002215431
SSP2;NES;BEV;Van;trn_pass_road_LDV_4W;trn_pass_road_LDV;trn_pass_road;trn_pass;FV;0.00214024268256091;0.00266379889219154;0.00442929279438767;0.0107221003032157;0.38487124211894
SSP2;NES;Cycle_tmp_technology;Cycle_tmp_vehicletype;Cycle_tmp_subsectorL3;Cycle_tmp_subsectorL2;Cycle;trn_pass;FV;1;1;1;1;1
SSP2;NES;Electric;Freight Rail_tmp_vehicletype;Freight Rail_tmp_subsectorL3;Freight Rail_tmp_subsectorL2;Freight Rail;trn_freight;FV;0.208000000106528;0.306999999886338;0.406;0.505000001434421;0.901000000705891
SSP2;NES;Electric;HSR_tmp_vehicletype;HSR_tmp_subsectorL3;HSR_tmp_subsectorL2;HSR;trn_pass;FV;1;1;1;1;1
SSP2;NES;Electric;Passenger Rail_tmp_vehicletype;Passenger Rail_tmp_subsectorL3;Passenger Rail_tmp_subsectorL2;Passenger Rail;trn_pass;FV;1;1;1;1;1
SSP2;NES;FCEV;Bus_tmp_vehicletype;Bus_tmp_subsectorL3;Bus;trn_pass_road;trn_pass;FV;0;0.00269999999859295;0.008620000018426;0.0145000000277963;0.036400000375313
SSP2;NES;FCEV;Compact Car;trn_pass_road_LDV_4W;trn_pass_road_LDV;trn_pass_road;trn_pass;FV;0.0012967633291542;0.00196828144832896;0.00417738082480372;0.00781491731255789;0.025437058736289
SSP2;NES;FCEV;Large Car and SUV;trn_pass_road_LDV_4W;trn_pass_road_LDV;trn_pass_road;trn_pass;FV;0.00580260169382755;0.00749984974013405;0.0119577950603808;0.0193009461296524;0.0462426301441454
SSP2;NES;FCEV;Midsize Car;trn_pass_road_LDV_4W;trn_pass_road_LDV;trn_pass_road;trn_pass;FV;0.0014604455976007;0.00225067354868555;0.0050119589666673;0.00942833225890627;0.0267048005119173
SSP2;NES;FCEV;Mini Car;trn_pass_road_LDV_4W;trn_pass_road_LDV;trn_pass_road;trn_pass;FV;0.00254155643873647;0.00245979450873466;0.00318042804639792;0.00495222986630631;0.0136762035328202
SSP2;NES;FCEV;Subcompact Car;trn_pass_road_LDV_4W;trn_pass_road_LDV;trn_pass_road;trn_pass;FV;0.000670724023179077;0.00110274194457858;0.00267766001007359;0.00525910212363525;0.0208552660813902
SSP2;NES;FCEV;Truck (0-3_5t);trn_freight_road_tmp_subsectorL3;trn_freight_road_tmp_subsectorL2;trn_freight_road;trn_freight;FV;0;0.00913000000010086;0.0237000000027338;0.0383000001349657;0.0837999999447806
SSP2;NES;FCEV;Truck (18t);trn_freight_road_tmp_subsectorL3;trn_freight_road_tmp_subsectorL2;trn_freight_road;trn_freight;FV;0;0.00336999999997851;0.00896000000837558;0.014500000001407;0.0572999994788672
SSP2;NES;FCEV;Truck (26t);trn_freight_road_tmp_subsectorL3;trn_freight_road_tmp_subsectorL2;trn_freight_road;trn_freight;FV;0;0.00336999999997365;0.00896000000703614;0.014499999985957;0.0572999994445366
SSP2;NES;FCEV;Truck (40t);trn_freight_road_tmp_subsectorL3;trn_freight_road_tmp_subsectorL2;trn_freight_road;trn_freight;FV;0;0.00336999999985206;0.00896000000501756;0.0144999999980255;0.0573000001738611
SSP2;NES;FCEV;Truck (7_5t);trn_freight_road_tmp_subsectorL3;trn_freight_road_tmp_subsectorL2;trn_freight_road;trn_freight;FV;0;0.00913000000176593;0.0236999999879689;0.0382999999878647;0.0838000006086547
SSP2;NES;FCEV;Van;trn_pass_road_LDV_4W;trn_pass_road_LDV;trn_pass_road;trn_pass;FV;0.00124080262547993;0.00140056196241819;0.00222986806237225;0.00324872159275031;0.0111773943429088
SSP2;NES;Gases;Bus_tmp_vehicletype;Bus_tmp_subsectorL3;Bus;trn_pass_road;trn_pass;FV;0.00347999999997735;0.0296999999825888;0.045300000042197;0.0609000001187103;0.0747999998707309
SSP2;NES;Gases;Compact Car;trn_pass_road_LDV_4W;trn_pass_road_LDV;trn_pass_road;trn_pass;FV;0.000371475603054936;0.000633491332690265;0.00157309814768825;0.00366740960006894;0.019503601490625
SSP2;NES;Gases;Large Car and SUV;trn_pass_road_LDV_4W;trn_pass_road_LDV;trn_pass_road;trn_pass;FV;0.00196326449487972;0.00298542899158883;0.00580311255318596;0.0111373871634592;0.0401621044505114
SSP2;NES;Gases;Midsize Car;trn_pass_road_LDV_4W;trn_pass_road_LDV;trn_pass_road;trn_pass;FV;0.000524078022645525;0.000847674860975309;0.00207942251634868;0.00482528701319104;0.0220985644152045
SSP2;NES;Gases;Mini Car;trn_pass_road_LDV_4W;trn_pass_road_LDV;trn_pass_road;trn_pass;FV;0.000673499189823395;0.000876076436554394;0.00156840089842695;0.00287067008520595;0.0118131284934852
SSP2;NES;Gases;Subcompact Car;trn_pass_road_LDV_4W;trn_pass_road_LDV;trn_pass_road;trn_pass;FV;0.000207945486767663;0.000375747473326976;0.00102505464771202;0.00251533322529982;0.015783976876187
SSP2;NES;Gases;Truck (0-3_5t);trn_freight_road_tmp_subsectorL3;trn_freight_road_tmp_subsectorL2;trn_freight_road;trn_freight;FV;0;0.0329000000027484;0.0603000000944867;0.087700000129685;0.128999999863198
SSP2;NES;Gases;Truck (18t);trn_freight_road_tmp_subsectorL3;trn_freight_road_tmp_subsectorL2;trn_freight_road;trn_freight;FV;0;0.0328999999998261;0.0603000000150934;0.0876999999830392;0.128999999146752
SSP2;NES;Gases;Truck (26t);trn_freight_road_tmp_subsectorL3;trn_freight_road_tmp_subsectorL2;trn_freight_road;trn_freight;FV;0;0.0328999999983528;0.0602999998736089;0.0876999998108713;0.128999999552326
SSP2;NES;Gases;Truck (40t);trn_freight_road_tmp_subsectorL3;trn_freight_road_tmp_subsectorL2;trn_freight_road;trn_freight;FV;0;0.0329000000008131;0.0602999999909352;0.0877000002278777;0.129000000078929
SSP2;NES;Gases;Truck (7_5t);trn_freight_road_tmp_subsectorL3;trn_freight_road_tmp_subsectorL2;trn_freight_road;trn_freight;FV;0;0.03290000000121;0.0603000000073194;0.0876999998625086;0.129000001429908
SSP2;NES;Gases;Van;trn_pass_road_LDV_4W;trn_pass_road_LDV;trn_pass_road;trn_pass;FV;0.000154509129863869;0.000273400614089419;0.000639990360232869;0.00140779183812437;0.00808854870136095
SSP2;NES;Hybrid electric;Compact Car;trn_pass_road_LDV_4W;trn_pass_road_LDV;trn_pass_road;trn_pass;FV;0.00302060301188782;0.00522744861715664;0.0120761893945989;0.02410795914604;0.0613064816154646
SSP2;NES;Hybrid electric;Large Car and SUV;trn_pass_road_LDV_4W;trn_pass_road_LDV;trn_pass_road;trn_pass;FV;0.0136093162325681;0.0193583847476088;0.0342640697969011;0.0557014262733934;0.101980660298315
SSP2;NES;Hybrid electric;Midsize Car;trn_pass_road_LDV_4W;trn_pass_road_LDV;trn_pass_road;trn_pass;FV;0.00370681683378583;0.00629702565481841;0.0145875481799992;0.0294738874032772;0.0656582236037532
SSP2;NES;Hybrid electric;Mini Car;trn_pass_road_LDV_4W;trn_pass_road_LDV;trn_pass_road;trn_pass;FV;0.00505499127669267;0.00659214676993361;0.0110707452986343;0.0174954471189245;0.0392338013385339
SSP2;NES;Hybrid electric;Subcompact Car;trn_pass_road_LDV_4W;trn_pass_road_LDV;trn_pass_road;trn_pass;FV;0.00167232725143523;0.00312559058280856;0.00795384238498384;0.0170186492005492;0.051793878244367
SSP2;NES;Hybrid electric;Van;trn_pass_road_LDV_4W;trn_pass_road_LDV;trn_pass_road;trn_pass;FV;0.00289086034939315;0.00330526807131191;0.00495388603346389;0.00840897876327316;0.0221168986861481
SSP2;NES;Hydrogen;Domestic Aviation_tmp_vehicletype;Domestic Aviation_tmp_subsectorL3;Domestic Aviation_tmp_subsectorL2;Domestic Aviation;trn_pass;FV;0;8.32e-07;2.30999999999979e-05;4.54000000000047e-05;0.118999999697425
SSP2;NES;Liquids;Bus_tmp_vehicletype;Bus_tmp_subsectorL3;Bus;trn_pass_road;trn_pass;FV;1;1;1;1;1
SSP2;NES;Liquids;Compact Car;trn_pass_road_LDV_4W;trn_pass_road_LDV;trn_pass_road;trn_pass;FV;1;1;1;1;0.85680021361643
SSP2;NES;Liquids;Domestic Aviation_tmp_vehicletype;Domestic Aviation_tmp_subsectorL3;Domestic Aviation_tmp_subsectorL2;Domestic Aviation;trn_pass;FV;1;1;1;1;1
SSP2;NES;Liquids;Domestic Ship_tmp_vehicletype;Domestic Ship_tmp_subsectorL3;Domestic Ship_tmp_subsectorL2;Domestic Ship;trn_freight;FV;1;1;1;1;1
SSP2;NES;Liquids;Freight Rail_tmp_vehicletype;Freight Rail_tmp_subsectorL3;Freight Rail_tmp_subsectorL2;Freight Rail;trn_freight;FV;1;1;1;1;1
SSP2;NES;Liquids;International Aviation_tmp_vehicletype;International Aviation_tmp_subsectorL3;International Aviation_tmp_subsectorL2;International Aviation;trn_aviation_intl;FV;1;1;1;1;1
SSP2;NES;Liquids;International Ship_tmp_vehicletype;International Ship_tmp_subsectorL3;International Ship_tmp_subsectorL2;International Ship;trn_shipping_intl;FV;1;1;1;1;1
SSP2;NES;Liquids;Large Car and SUV;trn_pass_road_LDV_4W;trn_pass_road_LDV;trn_pass_road;trn_pass;FV;1;1;1;1;0.841566428206155
SSP2;NES;Liquids;Midsize Car;trn_pass_road_LDV_4W;trn_pass_road_LDV;trn_pass_road;trn_pass;FV;1;1;1;1;0.732508477058006
SSP2;NES;Liquids;Mini Car;trn_pass_road_LDV_4W;trn_pass_road_LDV;trn_pass_road;trn_pass;FV;1;1;1;1;1
SSP2;NES;Liquids;Moped;trn_pass_road_LDV_2W;trn_pass_road_LDV;trn_pass_road;trn_pass;FV;1;1;1;0.699999998789518;0.10000000002236
SSP2;NES;Liquids;Motorcycle (50-250cc);trn_pass_road_LDV_2W;trn_pass_road_LDV;trn_pass_road;trn_pass;FV;1;1;1;0.69999999908339;0.0999999999929774
SSP2;NES;Liquids;Motorcycle (>250cc);trn_pass_road_LDV_2W;trn_pass_road_LDV;trn_pass_road;trn_pass;FV;1;1;1;0.700000000045162;0.100000000042193
SSP2;NES;Liquids;Passenger Rail_tmp_vehicletype;Passenger Rail_tmp_subsectorL3;Passenger Rail_tmp_subsectorL2;Passenger Rail;trn_pass;FV;0.478000001223171;0.477999999212103;0.477999999183558;0.477999999505667;0.477999999194294
SSP2;NES;Liquids;Subcompact Car;trn_pass_road_LDV_4W;trn_pass_road_LDV;trn_pass_road;trn_pass;FV;1;1;1;1;0.925449449380532
SSP2;NES;Liquids;Truck (0-3_5t);trn_freight_road_tmp_subsectorL3;trn_freight_road_tmp_subsectorL2;trn_freight_road;trn_freight;FV;1;1;1;1;1
SSP2;NES;Liquids;Truck (18t);trn_freight_road_tmp_subsectorL3;trn_freight_road_tmp_subsectorL2;trn_freight_road;trn_freight;FV;1;1;1;1;1
SSP2;NES;Liquids;Truck (26t);trn_freight_road_tmp_subsectorL3;trn_freight_road_tmp_subsectorL2;trn_freight_road;trn_freight;FV;1;1;1;1;1
SSP2;NES;Liquids;Truck (40t);trn_freight_road_tmp_subsectorL3;trn_freight_road_tmp_subsectorL2;trn_freight_road;trn_freight;FV;1;1;1;1;1
SSP2;NES;Liquids;Truck (7_5t);trn_freight_road_tmp_subsectorL3;trn_freight_road_tmp_subsectorL2;trn_freight_road;trn_freight;FV;1;1;1;1;1
SSP2;NES;Liquids;Van;trn_pass_road_LDV_4W;trn_pass_road_LDV;trn_pass_road;trn_pass;FV;1;1;1;1;1
SSP2;NES;Walk_tmp_technology;Walk_tmp_vehicletype;Walk_tmp_subsectorL3;Walk_tmp_subsectorL2;Walk;trn_pass;FV;1;1;1;1;1
SSP2;OAS;;;;;Cycle;trn_pass;S1S;0.0126000000031378;0.0359999999863926;0.0421052631673088;0.0488888888881207;0.0999999999932061
SSP2;OAS;;;;;Domestic Aviation;trn_pass;S1S;0.0246000000061417;0.0367999999860291;0.0272631579005306;0.0166666666664343;0.0249999999983521
SSP2;OAS;;;;;Domestic Ship;trn_freight;S1S;0.037543736638352;0.0338000000148112;0.0312000000012859;0.0285999999941176;0.0270000000061249
SSP2;OAS;;;;;Freight Rail;trn_freight;S1S;0.0486442491957146;0.0430000000342481;0.0378999999410103;0.0328000000072328;0.051700000032024
SSP2;OAS;;;;;HSR;trn_pass;S1S;0.000966000000259676;0.00434999999831413;0.00366315789556055;0.0028999999999745;0.00483333333302129
SSP2;OAS;;;;;International Aviation;trn_aviation_intl;S1S;1;1;1;1;1
SSP2;OAS;;;;;International Ship;trn_shipping_intl;S1S;1;1;1;1;1
SSP2;OAS;;;;;Passenger Rail;trn_pass;S1S;0.000770000000182623;0.00114999999957828;0.00170526315826019;0.00231111111107762;0.00384999999974936
SSP2;OAS;;;;;Walk;trn_pass;S1S;1;1;1;1;1
SSP2;OAS;;;;;trn_freight_road;trn_freight;S1S;1;1;1;1;1
SSP2;OAS;;;;;trn_pass_road;trn_pass;S1S;0.445000000112609;0.569999999786319;0.442105263254003;0.29999999999695;0.274999999981904
SSP2;OAS;;;;Bus;trn_pass_road;trn_pass;S2S1;0.362500000000001;0.257;0.199047619047619;0.145454545454546;0.0500000000000001
SSP2;OAS;;;;Cycle_tmp_subsectorL2;Cycle;trn_pass;S2S1;1;1;1;1;1
SSP2;OAS;;;;Domestic Aviation_tmp_subsectorL2;Domestic Aviation;trn_pass;S2S1;1;1;1;1;1
SSP2;OAS;;;;Domestic Ship_tmp_subsectorL2;Domestic Ship;trn_freight;S2S1;1;1;1;1;1
SSP2;OAS;;;;Freight Rail_tmp_subsectorL2;Freight Rail;trn_freight;S2S1;1;1;1;1;1
SSP2;OAS;;;;HSR_tmp_subsectorL2;HSR;trn_pass;S2S1;1;1;1;1;1
SSP2;OAS;;;;International Aviation_tmp_subsectorL2;International Aviation;trn_aviation_intl;S2S1;1;1;1;1;1
SSP2;OAS;;;;International Ship_tmp_subsectorL2;International Ship;trn_shipping_intl;S2S1;1;1;1;1;1
SSP2;OAS;;;;Passenger Rail_tmp_subsectorL2;Passenger Rail;trn_pass;S2S1;1;1;1;1;1
SSP2;OAS;;;;Walk_tmp_subsectorL2;Walk;trn_pass;S2S1;1;1;1;1;1
SSP2;OAS;;;;trn_freight_road_tmp_subsectorL2;trn_freight_road;trn_freight;S2S1;1;1;1;1;1
SSP2;OAS;;;;trn_pass_road_LDV;trn_pass_road;trn_pass;S2S1;1;1;1;1;1
SSP2;OAS;;;Bus_tmp_subsectorL3;Bus;trn_pass_road;trn_pass;S3S2;1;1;1;1;1
SSP2;OAS;;;Cycle_tmp_subsectorL3;Cycle_tmp_subsectorL2;Cycle;trn_pass;S3S2;1;1;1;1;1
SSP2;OAS;;;Domestic Aviation_tmp_subsectorL3;Domestic Aviation_tmp_subsectorL2;Domestic Aviation;trn_pass;S3S2;1;1;1;1;1
SSP2;OAS;;;Domestic Ship_tmp_subsectorL3;Domestic Ship_tmp_subsectorL2;Domestic Ship;trn_freight;S3S2;1;1;1;1;1
SSP2;OAS;;;Freight Rail_tmp_subsectorL3;Freight Rail_tmp_subsectorL2;Freight Rail;trn_freight;S3S2;1;1;1;1;1
SSP2;OAS;;;HSR_tmp_subsectorL3;HSR_tmp_subsectorL2;HSR;trn_pass;S3S2;1;1;1;1;1
SSP2;OAS;;;International Aviation_tmp_subsectorL3;International Aviation_tmp_subsectorL2;International Aviation;trn_aviation_intl;S3S2;1;1;1;1;1
SSP2;OAS;;;International Ship_tmp_subsectorL3;International Ship_tmp_subsectorL2;International Ship;trn_shipping_intl;S3S2;1;1;1;1;1
SSP2;OAS;;;Passenger Rail_tmp_subsectorL3;Passenger Rail_tmp_subsectorL2;Passenger Rail;trn_pass;S3S2;1;1;1;1;1
SSP2;OAS;;;Walk_tmp_subsectorL3;Walk_tmp_subsectorL2;Walk;trn_pass;S3S2;1;1;1;1;1
SSP2;OAS;;;trn_freight_road_tmp_subsectorL3;trn_freight_road_tmp_subsectorL2;trn_freight_road;trn_freight;S3S2;1;1;1;1;1
SSP2;OAS;;;trn_pass_road_LDV_2W;trn_pass_road_LDV;trn_pass_road;trn_pass;S3S2;0.800000000357801;0.500000031276803;0.399999997780317;0.300000000134153;0.200000000372137
SSP2;OAS;;;trn_pass_road_LDV_4W;trn_pass_road_LDV;trn_pass_road;trn_pass;S3S2;1;1;1;1;1
SSP2;OAS;;Bus_tmp_vehicletype;Bus_tmp_subsectorL3;Bus;trn_pass_road;trn_pass;VS3;1;1;1;1;1
SSP2;OAS;;Compact Car;trn_pass_road_LDV_4W;trn_pass_road_LDV;trn_pass_road;trn_pass;VS3;0.00894039735125244;0.00930463576147561;0.0116225165567856;0.0139735099343176;0.018609271522848
SSP2;OAS;;Cycle_tmp_vehicletype;Cycle_tmp_subsectorL3;Cycle_tmp_subsectorL2;Cycle;trn_pass;VS3;1;1;1;1;1
SSP2;OAS;;Domestic Aviation_tmp_vehicletype;Domestic Aviation_tmp_subsectorL3;Domestic Aviation_tmp_subsectorL2;Domestic Aviation;trn_pass;VS3;1;1;1;1;1
SSP2;OAS;;Domestic Ship_tmp_vehicletype;Domestic Ship_tmp_subsectorL3;Domestic Ship_tmp_subsectorL2;Domestic Ship;trn_freight;VS3;1;1;1;1;1
SSP2;OAS;;Freight Rail_tmp_vehicletype;Freight Rail_tmp_subsectorL3;Freight Rail_tmp_subsectorL2;Freight Rail;trn_freight;VS3;1;1;1;1;1
SSP2;OAS;;HSR_tmp_vehicletype;HSR_tmp_subsectorL3;HSR_tmp_subsectorL2;HSR;trn_pass;VS3;1;1;1;1;1
SSP2;OAS;;International Aviation_tmp_vehicletype;International Aviation_tmp_subsectorL3;International Aviation_tmp_subsectorL2;International Aviation;trn_aviation_intl;VS3;1;1;1;1;1
SSP2;OAS;;International Ship_tmp_vehicletype;International Ship_tmp_subsectorL3;International Ship_tmp_subsectorL2;International Ship;trn_shipping_intl;VS3;1;1;1;1;1
SSP2;OAS;;Large Car;trn_pass_road_LDV_4W;trn_pass_road_LDV;trn_pass_road;trn_pass;VS3;1;1;1;1;1
SSP2;OAS;;Large Car and SUV;trn_pass_road_LDV_4W;trn_pass_road_LDV;trn_pass_road;trn_pass;VS3;0.00213907284774946;0.0021390728476688;0.00213907284777157;0.00213907284776995;0.0021390728476428
SSP2;OAS;;Midsize Car;trn_pass_road_LDV_4W;trn_pass_road_LDV;trn_pass_road;trn_pass;VS3;0.000827814569559988;0.000827814569528394;0.000827814569572052;0.000827814569570255;0.00082781456952082
SSP2;OAS;;Mini Car;trn_pass_road_LDV_4W;trn_pass_road_LDV;trn_pass_road;trn_pass;VS3;9.20529801352106e-05;9.56953642374301e-05;0.000119536423846112;0.000143708609277491;0.000191390728473297
SSP2;OAS;;Moped;trn_pass_road_LDV_2W;trn_pass_road_LDV;trn_pass_road;trn_pass;VS3;0.00776000000085129;0.00775999999961141;0.00776000000112257;0.00775999999964734;0.00776000000011663
SSP2;OAS;;Motorcycle (50-250cc);trn_pass_road_LDV_2W;trn_pass_road_LDV;trn_pass_road;trn_pass;VS3;1;1;1;1;1
SSP2;OAS;;Motorcycle (>250cc);trn_pass_road_LDV_2W;trn_pass_road_LDV;trn_pass_road;trn_pass;VS3;0.00638999999921805;0.00639000000146332;0.00639000000091321;0.00639000000084857;0.00638999999991658
SSP2;OAS;;Passenger Rail_tmp_vehicletype;Passenger Rail_tmp_subsectorL3;Passenger Rail_tmp_subsectorL2;Passenger Rail;trn_pass;VS3;1;1;1;1;1
SSP2;OAS;;Subcompact Car;trn_pass_road_LDV_4W;trn_pass_road_LDV;trn_pass_road;trn_pass;VS3;0.0112582781460345;0.0117218543045105;0.0146688741727679;0.0176158940404823;0.023476821191621
SSP2;OAS;;Truck (0-3_5t);trn_freight_road_tmp_subsectorL3;trn_freight_road_tmp_subsectorL2;trn_freight_road;trn_freight;VS3;0.375999998251695;0.376000000165945;0.376000001296955;0.376000001441817;0.375999999842028
SSP2;OAS;;Truck (18t);trn_freight_road_tmp_subsectorL3;trn_freight_road_tmp_subsectorL2;trn_freight_road;trn_freight;VS3;0.477999999825664;0.478000000011748;0.477999999954071;0.477999999965293;0.477999999968491
SSP2;OAS;;Truck (26t);trn_freight_road_tmp_subsectorL3;trn_freight_road_tmp_subsectorL2;trn_freight_road;trn_freight;VS3;0.00135999999998795;0.00136000000006825;0.00136000000000437;0.00136000000004278;0.0013599999999238
SSP2;OAS;;Truck (40t);trn_freight_road_tmp_subsectorL3;trn_freight_road_tmp_subsectorL2;trn_freight_road;trn_freight;VS3;0.000736000000097016;0.000736000000015491;0.00073599999997677;0.000736000000042701;0.00073599999997899
SSP2;OAS;;Truck (7_5t);trn_freight_road_tmp_subsectorL3;trn_freight_road_tmp_subsectorL2;trn_freight_road;trn_freight;VS3;1;1;1;1;1
SSP2;OAS;;Van;trn_pass_road_LDV_4W;trn_pass_road_LDV;trn_pass_road;trn_pass;VS3;3.41059602660483e-05;3.41059602646969e-05;3.41059602667723e-05;3.41059602663554e-05;3.41059602642747e-05
SSP2;OAS;;Walk_tmp_vehicletype;Walk_tmp_subsectorL3;Walk_tmp_subsectorL2;Walk;trn_pass;VS3;1;1;1;1;1
SSP2;OAS;BEV;Bus_tmp_vehicletype;Bus_tmp_subsectorL3;Bus;trn_pass_road;trn_pass;FV;0;0.141000000038737;0.404000000123838;0.667000000224084;1
SSP2;OAS;BEV;Compact Car;trn_pass_road_LDV_4W;trn_pass_road_LDV;trn_pass_road;trn_pass;FV;0.00360467238771296;0.00687521839825095;0.0154772596313304;0.0436912515491327;1
SSP2;OAS;BEV;Large Car;trn_pass_road_LDV_4W;trn_pass_road_LDV;trn_pass_road;trn_pass;FV;0.0411115139871117;0.0481501290180589;0.0552746616525571;0.0868148805282795;0.991183983353142
SSP2;OAS;BEV;Large Car and SUV;trn_pass_road_LDV_4W;trn_pass_road_LDV;trn_pass_road;trn_pass;FV;0.0126230166011135;0.0184332421008932;0.0339616276386837;0.0810855401908376;1
SSP2;OAS;BEV;Midsize Car;trn_pass_road_LDV_4W;trn_pass_road_LDV;trn_pass_road;trn_pass;FV;0.00302125701694064;0.00570145405778956;0.0117984406723201;0.0313398956179076;0.986327850077364
SSP2;OAS;BEV;Mini Car;trn_pass_road_LDV_4W;trn_pass_road_LDV;trn_pass_road;trn_pass;FV;0.000332394884709789;0.00109008877810223;0.00391485647979491;0.0162780641242885;1
SSP2;OAS;BEV;Moped;trn_pass_road_LDV_2W;trn_pass_road_LDV;trn_pass_road;trn_pass;FV;0;0.249999999271367;0.735294116793391;1;1
SSP2;OAS;BEV;Motorcycle (50-250cc);trn_pass_road_LDV_2W;trn_pass_road_LDV;trn_pass_road;trn_pass;FV;0;0.249999999497584;0.735294116073627;1;1
SSP2;OAS;BEV;Motorcycle (>250cc);trn_pass_road_LDV_2W;trn_pass_road_LDV;trn_pass_road;trn_pass;FV;0;0.249999999410707;0.735294119319712;1;1
SSP2;OAS;BEV;Subcompact Car;trn_pass_road_LDV_4W;trn_pass_road_LDV;trn_pass_road;trn_pass;FV;0.001479284784102;0.00297731292834723;0.00712775659057539;0.0221204711038673;1
SSP2;OAS;BEV;Truck (0-3_5t);trn_freight_road_tmp_subsectorL3;trn_freight_road_tmp_subsectorL2;trn_freight_road;trn_freight;FV;0;0.0347000000025514;0.0446000000012717;0.0546000000252758;0.0713999999935786
SSP2;OAS;BEV;Truck (18t);trn_freight_road_tmp_subsectorL3;trn_freight_road_tmp_subsectorL2;trn_freight_road;trn_freight;FV;0;0.0138000000005408;0.0216000000025972;0.0294000000090735;0.0693000001048239
SSP2;OAS;BEV;Truck (26t);trn_freight_road_tmp_subsectorL3;trn_freight_road_tmp_subsectorL2;trn_freight_road;trn_freight;FV;0;0.0137999999922753;0.0216000000003321;0.0293999999892865;0.0693000000129368
SSP2;OAS;BEV;Truck (40t);trn_freight_road_tmp_subsectorL3;trn_freight_road_tmp_subsectorL2;trn_freight_road;trn_freight;FV;0;0.013800000003833;0.0215999999992761;0.0294000000033972;0.0692999999768069
SSP2;OAS;BEV;Truck (7_5t);trn_freight_road_tmp_subsectorL3;trn_freight_road_tmp_subsectorL2;trn_freight_road;trn_freight;FV;0;0.0346999999942487;0.0446000000089892;0.0545999999864308;0.0713999998397911
SSP2;OAS;BEV;Van;trn_pass_road_LDV_4W;trn_pass_road_LDV;trn_pass_road;trn_pass;FV;0.0252459320084799;0.0266150136375827;0.0312995281323273;0.0512895428645274;0.759271916705292
SSP2;OAS;Cycle_tmp_technology;Cycle_tmp_vehicletype;Cycle_tmp_subsectorL3;Cycle_tmp_subsectorL2;Cycle;trn_pass;FV;1;1;1;1;1
SSP2;OAS;Electric;Freight Rail_tmp_vehicletype;Freight Rail_tmp_subsectorL3;Freight Rail_tmp_subsectorL2;Freight Rail;trn_freight;FV;0.17299999969575;0.276999999920426;0.380000001211054;0.482999997513756;0.897000000210837
SSP2;OAS;Electric;HSR_tmp_vehicletype;HSR_tmp_subsectorL3;HSR_tmp_subsectorL2;HSR;trn_pass;FV;1;1;1;1;1
SSP2;OAS;Electric;Passenger Rail_tmp_vehicletype;Passenger Rail_tmp_subsectorL3;Passenger Rail_tmp_subsectorL2;Passenger Rail;trn_pass;FV;0.353000000106785;0.434000001887073;0.515000000827301;0.595999998195063;0.919000000887341
SSP2;OAS;FCEV;Bus_tmp_vehicletype;Bus_tmp_subsectorL3;Bus;trn_pass_road;trn_pass;FV;0;0.00244999999996438;0.010099999999401;0.017800000021422;0.0728999998587308
SSP2;OAS;FCEV;Compact Car;trn_pass_road_LDV_4W;trn_pass_road_LDV;trn_pass_road;trn_pass;FV;0.00100824655933957;0.0015517086551267;0.00389216810807817;0.00780941998908571;0.0203673571819819
SSP2;OAS;FCEV;Large Car;trn_pass_road_LDV_4W;trn_pass_road_LDV;trn_pass_road;trn_pass;FV;0.0130964839675081;0.0128766103387672;0.0128728666969231;0.016474928254609;0.0276623286392209
SSP2;OAS;FCEV;Large Car and SUV;trn_pass_road_LDV_4W;trn_pass_road_LDV;trn_pass_road;trn_pass;FV;0.00353686083840368;0.00426789353575423;0.00806515436507516;0.0146592750840725;0.0264953751900134
SSP2;OAS;FCEV;Midsize Car;trn_pass_road_LDV_4W;trn_pass_road_LDV;trn_pass_road;trn_pass;FV;0.000881577632631879;0.00135063669336225;0.00355693035069286;0.00598630583868324;0.020420867518179
SSP2;OAS;FCEV;Mini Car;trn_pass_road_LDV_4W;trn_pass_road_LDV;trn_pass_road;trn_pass;FV;0.000135413276673178;0.00034037760678867;0.00170298522822949;0.00419727430060795;0.0149884177733925
SSP2;OAS;FCEV;Subcompact Car;trn_pass_road_LDV_4W;trn_pass_road_LDV;trn_pass_road;trn_pass;FV;0.000410186356779914;0.000626474541785757;0.00179565900327522;0.00366284379014206;0.0125446691605551
SSP2;OAS;FCEV;Truck (0-3_5t);trn_freight_road_tmp_subsectorL3;trn_freight_road_tmp_subsectorL2;trn_freight_road;trn_freight;FV;0;0.0122000000000523;0.0126000000018365;0.012900000000601;0.0212999999881511
SSP2;OAS;FCEV;Truck (18t);trn_freight_road_tmp_subsectorL3;trn_freight_road_tmp_subsectorL2;trn_freight_road;trn_freight;FV;0;0.00450000000022952;0.00469999999984503;0.00490999999758586;0.014600000029114
SSP2;OAS;FCEV;Truck (26t);trn_freight_road_tmp_subsectorL3;trn_freight_road_tmp_subsectorL2;trn_freight_road;trn_freight;FV;0;0.00449999999979684;0.00470000000028346;0.0049099999996107;0.0146000000126201
SSP2;OAS;FCEV;Truck (40t);trn_freight_road_tmp_subsectorL3;trn_freight_road_tmp_subsectorL2;trn_freight_road;trn_freight;FV;0;0.00450000000091484;0.00470000000131945;0.00491000000322969;0.0145999999639566
SSP2;OAS;FCEV;Truck (7_5t);trn_freight_road_tmp_subsectorL3;trn_freight_road_tmp_subsectorL2;trn_freight_road;trn_freight;FV;0;0.0121999999993954;0.0125999999985773;0.0129000000012973;0.0213000000058994
SSP2;OAS;FCEV;Van;trn_pass_road_LDV_4W;trn_pass_road_LDV;trn_pass_road;trn_pass;FV;0.00744338707469714;0.00645730277914057;0.00725748704578905;0.00919469761774048;0.0165125897514379
SSP2;OAS;Gases;Bus_tmp_vehicletype;Bus_tmp_subsectorL3;Bus;trn_pass_road;trn_pass;FV;0.196999999961523;0.197999999990326;0.217000000021895;0.235999999988302;0.229999999757404
SSP2;OAS;Gases;Compact Car;trn_pass_road_LDV_4W;trn_pass_road_LDV;trn_pass_road;trn_pass;FV;0.000659356802418084;0.00122418414513149;0.00301094244194863;0.00709101273432416;0.0229863511696176
SSP2;OAS;Gases;Large Car;trn_pass_road_LDV_4W;trn_pass_road_LDV;trn_pass_road;trn_pass;FV;0.0162188195249702;0.0205979846825782;0.029675954466303;0.0444331860448665;0.138534272002873
SSP2;OAS;Gases;Large Car and SUV;trn_pass_road_LDV_4W;trn_pass_road_LDV;trn_pass_road;trn_pass;FV;0.00243253819385559;0.00368366840074946;0.00761212237960514;0.015843747912882;0.0370467656818182
SSP2;OAS;Gases;Midsize Car;trn_pass_road_LDV_4W;trn_pass_road_LDV;trn_pass_road;trn_pass;FV;0.000433125280097555;0.000809751862105241;0.00188584589751912;0.00427249549983623;0.0211236299942343
SSP2;OAS;Gases;Mini Car;trn_pass_road_LDV_4W;trn_pass_road_LDV;trn_pass_road;trn_pass;FV;3.77873497016249e-05;0.000120188847827363;0.000533189344893404;0.00189298131892721;0.010603429529716
SSP2;OAS;Gases;Subcompact Car;trn_pass_road_LDV_4W;trn_pass_road_LDV;trn_pass_road;trn_pass;FV;0.000305955749433568;0.00059854393919204;0.00166569542341404;0.00432853044646257;0.0180511250242801
SSP2;OAS;Gases;Truck (0-3_5t);trn_freight_road_tmp_subsectorL3;trn_freight_road_tmp_subsectorL2;trn_freight_road;trn_freight;FV;0.000454000000000614;0.00892000000070603;0.0242999999970956;0.0396999999984519;0.0615000000031271
SSP2;OAS;Gases;Truck (18t);trn_freight_road_tmp_subsectorL3;trn_freight_road_tmp_subsectorL2;trn_freight_road;trn_freight;FV;0;0.00877000000051742;0.0241000000007979;0.0394999999964158;0.0614000000364045
SSP2;OAS;Gases;Truck (26t);trn_freight_road_tmp_subsectorL3;trn_freight_road_tmp_subsectorL2;trn_freight_road;trn_freight;FV;0.139999999876421;0.0540000000188242;0.0789000000163059;0.104000000032238;0.0993000004639755
SSP2;OAS;Gases;Truck (40t);trn_freight_road_tmp_subsectorL3;trn_freight_road_tmp_subsectorL2;trn_freight_road;trn_freight;FV;0.246999999887941;0.0888000000311845;0.121000000064763;0.152999999995047;0.12800000047928
SSP2;OAS;Gases;Truck (7_5t);trn_freight_road_tmp_subsectorL3;trn_freight_road_tmp_subsectorL2;trn_freight_road;trn_freight;FV;0;0.00876999999965599;0.0240999999976271;0.0394999999950101;0.0613999999710163
SSP2;OAS;Gases;Van;trn_pass_road_LDV_4W;trn_pass_road_LDV;trn_pass_road;trn_pass;FV;0.00241746871166795;0.00283447171910515;0.00398190401706766;0.00609039437884548;0.0165462008757392
SSP2;OAS;Hybrid electric;Compact Car;trn_pass_road_LDV_4W;trn_pass_road_LDV;trn_pass_road;trn_pass;FV;0.00225715655431541;0.00457240037281589;0.0111732964175451;0.0232075772218571;0.049780855819604
SSP2;OAS;Hybrid electric;Large Car;trn_pass_road_LDV_4W;trn_pass_road_LDV;trn_pass_road;trn_pass;FV;0.0226230158397145;0.0294624768245906;0.0395399545092087;0.0496455242086592;0.0754871311958394
SSP2;OAS;Hybrid electric;Large Car and SUV;trn_pass_road_LDV_4W;trn_pass_road_LDV;trn_pass_road;trn_pass;FV;0.00757292249344693;0.0120103919610619;0.0246299200263806;0.0456150338953223;0.0656070476239854
SSP2;OAS;Hybrid electric;Midsize Car;trn_pass_road_LDV_4W;trn_pass_road_LDV;trn_pass_road;trn_pass;FV;0.00226167313596654;0.00413056216813502;0.00872716605288927;0.0167437842823177;0.0500378433779931
SSP2;OAS;Hybrid electric;Mini Car;trn_pass_road_LDV_4W;trn_pass_road_LDV;trn_pass_road;trn_pass;FV;0.000273542223676702;0.000939877106024052;0.00385668059204889;0.0108164122209078;0.031885223697067
SSP2;OAS;Hybrid electric;Subcompact Car;trn_pass_road_LDV_4W;trn_pass_road_LDV;trn_pass_road;trn_pass;FV;0.000945602209846117;0.00203598440103322;0.00551263559745093;0.0120412986165937;0.0297726840793079
SSP2;OAS;Hybrid electric;Van;trn_pass_road_LDV_4W;trn_pass_road_LDV;trn_pass_road;trn_pass;FV;0.0163170571743403;0.0182092775437638;0.0236703481693603;0.0297925239176125;0.045638344479315
SSP2;OAS;Hydrogen;Domestic Aviation_tmp_vehicletype;Domestic Aviation_tmp_subsectorL3;Domestic Aviation_tmp_subsectorL2;Domestic Aviation;trn_pass;FV;0;8.32e-07;2.30999999999998e-05;4.54000000000017e-05;0.119000000131864
SSP2;OAS;Liquids;Bus_tmp_vehicletype;Bus_tmp_subsectorL3;Bus;trn_pass_road;trn_pass;FV;1;1;1;1;0.668000000569269
SSP2;OAS;Liquids;Compact Car;trn_pass_road_LDV_4W;trn_pass_road_LDV;trn_pass_road;trn_pass;FV;1;1;1;1;0.786410041820483
SSP2;OAS;Liquids;Domestic Aviation_tmp_vehicletype;Domestic Aviation_tmp_subsectorL3;Domestic Aviation_tmp_subsectorL2;Domestic Aviation;trn_pass;FV;1;1;1;1;1
SSP2;OAS;Liquids;Domestic Ship_tmp_vehicletype;Domestic Ship_tmp_subsectorL3;Domestic Ship_tmp_subsectorL2;Domestic Ship;trn_freight;FV;1;1;1;1;1
SSP2;OAS;Liquids;Freight Rail_tmp_vehicletype;Freight Rail_tmp_subsectorL3;Freight Rail_tmp_subsectorL2;Freight Rail;trn_freight;FV;1;1;1;1;1
SSP2;OAS;Liquids;International Aviation_tmp_vehicletype;International Aviation_tmp_subsectorL3;International Aviation_tmp_subsectorL2;International Aviation;trn_aviation_intl;FV;1;1;1;1;1
SSP2;OAS;Liquids;International Ship_tmp_vehicletype;International Ship_tmp_subsectorL3;International Ship_tmp_subsectorL2;International Ship;trn_shipping_intl;FV;1;1;1;1;1
SSP2;OAS;Liquids;Large Car;trn_pass_road_LDV_4W;trn_pass_road_LDV;trn_pass_road;trn_pass;FV;1;1;1;1;1
SSP2;OAS;Liquids;Large Car and SUV;trn_pass_road_LDV_4W;trn_pass_road_LDV;trn_pass_road;trn_pass;FV;1;1;1;1;0.543697487452074
SSP2;OAS;Liquids;Midsize Car;trn_pass_road_LDV_4W;trn_pass_road_LDV;trn_pass_road;trn_pass;FV;1;1;1;1;1
SSP2;OAS;Liquids;Mini Car;trn_pass_road_LDV_4W;trn_pass_road_LDV;trn_pass_road;trn_pass;FV;1;1;1;1;0.754127828587107
SSP2;OAS;Liquids;Moped;trn_pass_road_LDV_2W;trn_pass_road_LDV;trn_pass_road;trn_pass;FV;1;1;1;0.700000000310808;0.100000000023982
SSP2;OAS;Liquids;Motorcycle (50-250cc);trn_pass_road_LDV_2W;trn_pass_road_LDV;trn_pass_road;trn_pass;FV;1;1;1;0.699999981092254;0.099999999965999
SSP2;OAS;Liquids;Motorcycle (>250cc);trn_pass_road_LDV_2W;trn_pass_road_LDV;trn_pass_road;trn_pass;FV;1;1;1;0.699999998487613;0.100000000031312
SSP2;OAS;Liquids;Passenger Rail_tmp_vehicletype;Passenger Rail_tmp_subsectorL3;Passenger Rail_tmp_subsectorL2;Passenger Rail;trn_pass;FV;1;1;1;1;1
SSP2;OAS;Liquids;Subcompact Car;trn_pass_road_LDV_4W;trn_pass_road_LDV;trn_pass_road;trn_pass;FV;1;1;1;1;0.802131291654739
SSP2;OAS;Liquids;Truck (0-3_5t);trn_freight_road_tmp_subsectorL3;trn_freight_road_tmp_subsectorL2;trn_freight_road;trn_freight;FV;1;1;1;1;1
SSP2;OAS;Liquids;Truck (18t);trn_freight_road_tmp_subsectorL3;trn_freight_road_tmp_subsectorL2;trn_freight_road;trn_freight;FV;1;1;1;1;1
SSP2;OAS;Liquids;Truck (26t);trn_freight_road_tmp_subsectorL3;trn_freight_road_tmp_subsectorL2;trn_freight_road;trn_freight;FV;1;1;1;1;1
SSP2;OAS;Liquids;Truck (40t);trn_freight_road_tmp_subsectorL3;trn_freight_road_tmp_subsectorL2;trn_freight_road;trn_freight;FV;1;1;1;1;1
SSP2;OAS;Liquids;Truck (7_5t);trn_freight_road_tmp_subsectorL3;trn_freight_road_tmp_subsectorL2;trn_freight_road;trn_freight;FV;1;1;1;1;1
SSP2;OAS;Liquids;Van;trn_pass_road_LDV_4W;trn_pass_road_LDV;trn_pass_road;trn_pass;FV;1;1;1;1;1
SSP2;OAS;Walk_tmp_technology;Walk_tmp_vehicletype;Walk_tmp_subsectorL3;Walk_tmp_subsectorL2;Walk;trn_pass;FV;1;1;1;1;1
SSP2;REF;;;;;Cycle;trn_pass;S1S;0.0138000000000111;0.0121000000000363;0.021000000000759;0.0299999999916221;0.0782000000016826
SSP2;REF;;;;;Domestic Aviation;trn_pass;S1S;0.0357000000002987;0.0500000000000695;0.0749999999974777;0.0999999999729807;0.0500000000010062
SSP2;REF;;;;;Domestic Ship;trn_freight;S1S;0.00722999999779078;0.00718473347369436;0.00722999999839539;0.00723000000094356;0.00722999999253087
SSP2;REF;;;;;Freight Rail;trn_freight;S1S;0.12999999997423;0.0994954394243681;0.0799999999829952;0.0600000000213756;0.0199999999989031
SSP2;REF;;;;;HSR;trn_pass;S1S;0;0.00204000000000614;0.0017700000000223;0.00150999999959091;0.000755000000015679
SSP2;REF;;;;;International Aviation;trn_aviation_intl;S1S;1;1;1;1;1
SSP2;REF;;;;;International Ship;trn_shipping_intl;S1S;1;1;1;1;1
SSP2;REF;;;;;Passenger Rail;trn_pass;S1S;0.00688000000002019;0.0100000000000856;0.0100000000001139;0.00999999999728348;0.0100000000002166
SSP2;REF;;;;;Walk;trn_pass;S1S;0.925000000153868;0.808999999985056;0.905000001288135;1;1
SSP2;REF;;;;;trn_freight_road;trn_freight;S1S;1;1;1;1;1
SSP2;REF;;;;;trn_pass_road;trn_pass;S1S;1;1;1;0.999999999721149;0.600000000012368
SSP2;REF;;;;Bus;trn_pass_road;trn_pass;S2S1;0.267999999999999;0.186;0.150476190476191;0.118181818181818;0.07
SSP2;REF;;;;Cycle_tmp_subsectorL2;Cycle;trn_pass;S2S1;1;1;1;1;1
SSP2;REF;;;;Domestic Aviation_tmp_subsectorL2;Domestic Aviation;trn_pass;S2S1;1;1;1;1;1
SSP2;REF;;;;Domestic Ship_tmp_subsectorL2;Domestic Ship;trn_freight;S2S1;1;1;1;1;1
SSP2;REF;;;;Freight Rail_tmp_subsectorL2;Freight Rail;trn_freight;S2S1;1;1;1;1;1
SSP2;REF;;;;HSR_tmp_subsectorL2;HSR;trn_pass;S2S1;0;1;1;1;1
SSP2;REF;;;;International Aviation_tmp_subsectorL2;International Aviation;trn_aviation_intl;S2S1;1;1;1;1;1
SSP2;REF;;;;International Ship_tmp_subsectorL2;International Ship;trn_shipping_intl;S2S1;1;1;1;1;1
SSP2;REF;;;;Passenger Rail_tmp_subsectorL2;Passenger Rail;trn_pass;S2S1;1;1;1;1;1
SSP2;REF;;;;Walk_tmp_subsectorL2;Walk;trn_pass;S2S1;1;1;1;1;1
SSP2;REF;;;;trn_freight_road_tmp_subsectorL2;trn_freight_road;trn_freight;S2S1;1;1;1;1;1
SSP2;REF;;;;trn_pass_road_LDV;trn_pass_road;trn_pass;S2S1;1;1;1;1;1
SSP2;REF;;;Bus_tmp_subsectorL3;Bus;trn_pass_road;trn_pass;S3S2;1;1;1;1;1
SSP2;REF;;;Cycle_tmp_subsectorL3;Cycle_tmp_subsectorL2;Cycle;trn_pass;S3S2;1;1;1;1;1
SSP2;REF;;;Domestic Aviation_tmp_subsectorL3;Domestic Aviation_tmp_subsectorL2;Domestic Aviation;trn_pass;S3S2;1;1;1;1;1
SSP2;REF;;;Domestic Ship_tmp_subsectorL3;Domestic Ship_tmp_subsectorL2;Domestic Ship;trn_freight;S3S2;1;1;1;1;1
SSP2;REF;;;Freight Rail_tmp_subsectorL3;Freight Rail_tmp_subsectorL2;Freight Rail;trn_freight;S3S2;1;1;1;1;1
SSP2;REF;;;HSR_tmp_subsectorL3;HSR_tmp_subsectorL2;HSR;trn_pass;S3S2;0;1;1;1;1
SSP2;REF;;;International Aviation_tmp_subsectorL3;International Aviation_tmp_subsectorL2;International Aviation;trn_aviation_intl;S3S2;1;1;1;1;1
SSP2;REF;;;International Ship_tmp_subsectorL3;International Ship_tmp_subsectorL2;International Ship;trn_shipping_intl;S3S2;1;1;1;1;1
SSP2;REF;;;Passenger Rail_tmp_subsectorL3;Passenger Rail_tmp_subsectorL2;Passenger Rail;trn_pass;S3S2;1;1;1;1;1
SSP2;REF;;;Walk_tmp_subsectorL3;Walk_tmp_subsectorL2;Walk;trn_pass;S3S2;1;1;1;1;1
SSP2;REF;;;trn_freight_road_tmp_subsectorL3;trn_freight_road_tmp_subsectorL2;trn_freight_road;trn_freight;S3S2;1;1;1;1;1
SSP2;REF;;;trn_pass_road_LDV_2W;trn_pass_road_LDV;trn_pass_road;trn_pass;S3S2;0.799999994723237;0.699999997270883;0.600000001976068;0.499999996903099;0.499999997562426
SSP2;REF;;;trn_pass_road_LDV_4W;trn_pass_road_LDV;trn_pass_road;trn_pass;S3S2;1;1;1;1;1
SSP2;REF;;Bus_tmp_vehicletype;Bus_tmp_subsectorL3;Bus;trn_pass_road;trn_pass;VS3;1;1;1;1;1
SSP2;REF;;Compact Car;trn_pass_road_LDV_4W;trn_pass_road_LDV;trn_pass_road;trn_pass;VS3;0.446000000364992;0.41800000022083;0.41800000078882;0.417999999707294;0.382000001249878
SSP2;REF;;Cycle_tmp_vehicletype;Cycle_tmp_subsectorL3;Cycle_tmp_subsectorL2;Cycle;trn_pass;VS3;1;1;1;1;1
SSP2;REF;;Domestic Aviation_tmp_vehicletype;Domestic Aviation_tmp_subsectorL3;Domestic Aviation_tmp_subsectorL2;Domestic Aviation;trn_pass;VS3;1;1;1;1;1
SSP2;REF;;Domestic Ship_tmp_vehicletype;Domestic Ship_tmp_subsectorL3;Domestic Ship_tmp_subsectorL2;Domestic Ship;trn_freight;VS3;1;1;1;1;1
SSP2;REF;;Freight Rail_tmp_vehicletype;Freight Rail_tmp_subsectorL3;Freight Rail_tmp_subsectorL2;Freight Rail;trn_freight;VS3;1;1;1;1;1
SSP2;REF;;HSR_tmp_vehicletype;HSR_tmp_subsectorL3;HSR_tmp_subsectorL2;HSR;trn_pass;VS3;0;1;1;1;1
SSP2;REF;;International Aviation_tmp_vehicletype;International Aviation_tmp_subsectorL3;International Aviation_tmp_subsectorL2;International Aviation;trn_aviation_intl;VS3;1;1;1;1;1
SSP2;REF;;International Ship_tmp_vehicletype;International Ship_tmp_subsectorL3;International Ship_tmp_subsectorL2;International Ship;trn_shipping_intl;VS3;1;1;1;1;1
SSP2;REF;;Large Car and SUV;trn_pass_road_LDV_4W;trn_pass_road_LDV;trn_pass_road;trn_pass;VS3;1;1;1;1;1
SSP2;REF;;Midsize Car;trn_pass_road_LDV_4W;trn_pass_road_LDV;trn_pass_road;trn_pass;VS3;0.184000000132042;0.183999999964213;0.18400000021603;0.183999999817081;0.184000000362026
SSP2;REF;;Mini Car;trn_pass_road_LDV_4W;trn_pass_road_LDV;trn_pass_road;trn_pass;VS3;0.000142000000126858;0.000133999999956426;0.000134000000257035;0.000133999999846714;0.000122000000141834
SSP2;REF;;Moped;trn_pass_road_LDV_2W;trn_pass_road_LDV;trn_pass_road;trn_pass;VS3;0.00337999999548134;0.00337999999226064;0.00337999998232835;0.0033800000013382;0.00338000001228648
SSP2;REF;;Motorcycle (50-250cc);trn_pass_road_LDV_2W;trn_pass_road_LDV;trn_pass_road;trn_pass;VS3;1;1;1;1;1
SSP2;REF;;Motorcycle (>250cc);trn_pass_road_LDV_2W;trn_pass_road_LDV;trn_pass_road;trn_pass;VS3;0.413999995211075;0.413999999712235;0.41399999859028;0.413999999688289;0.414000000408736
SSP2;REF;;Passenger Rail_tmp_vehicletype;Passenger Rail_tmp_subsectorL3;Passenger Rail_tmp_subsectorL2;Passenger Rail;trn_pass;VS3;1;1;1;1;1
SSP2;REF;;Subcompact Car;trn_pass_road_LDV_4W;trn_pass_road_LDV;trn_pass_road;trn_pass;VS3;0.0251000000198688;0.0235000000090216;0.0235000000250935;0.0234999999439885;0.0215000000359419
SSP2;REF;;Truck (0-3_5t);trn_freight_road_tmp_subsectorL3;trn_freight_road_tmp_subsectorL2;trn_freight_road;trn_freight;VS3;1;1;1;1;1
SSP2;REF;;Truck (18t);trn_freight_road_tmp_subsectorL3;trn_freight_road_tmp_subsectorL2;trn_freight_road;trn_freight;VS3;0.00508000000129736;0.00508000000010054;0.005079999997968;0.00508000000709675;0.00507999999880123
SSP2;REF;;Truck (26t);trn_freight_road_tmp_subsectorL3;trn_freight_road_tmp_subsectorL2;trn_freight_road;trn_freight;VS3;0.584000000069957;0.584000000001909;0.583999999753684;0.584000000891648;0.583999999842741
SSP2;REF;;Truck (40t);trn_freight_road_tmp_subsectorL3;trn_freight_road_tmp_subsectorL2;trn_freight_road;trn_freight;VS3;0.189000000047393;0.189000000011389;0.188999999927198;0.189000000288653;0.188999999931128
SSP2;REF;;Truck (7_5t);trn_freight_road_tmp_subsectorL3;trn_freight_road_tmp_subsectorL2;trn_freight_road;trn_freight;VS3;0.0168000000014647;0.0167999999998881;0.0167999999929434;0.0168000000231591;0.0167999999961154
SSP2;REF;;Walk_tmp_vehicletype;Walk_tmp_subsectorL3;Walk_tmp_subsectorL2;Walk;trn_pass;VS3;1;1;1;1;1
SSP2;REF;BEV;Bus_tmp_vehicletype;Bus_tmp_subsectorL3;Bus;trn_pass_road;trn_pass;FV;0;0.0724000000017387;0.196000000013854;0.320000000238536;0.743000002701734
SSP2;REF;BEV;Compact Car;trn_pass_road_LDV_4W;trn_pass_road_LDV;trn_pass_road;trn_pass;FV;0.00328072067910987;0.00677619038433156;0.0154178988422234;0.0434104098117653;1
SSP2;REF;BEV;Large Car and SUV;trn_pass_road_LDV_4W;trn_pass_road_LDV;trn_pass_road;trn_pass;FV;0.0125759257439444;0.0205935354865192;0.036306730958624;0.0804174137506705;1
SSP2;REF;BEV;Midsize Car;trn_pass_road_LDV_4W;trn_pass_road_LDV;trn_pass_road;trn_pass;FV;0.00692052044803331;0.0125019385952998;0.0246466611489147;0.0607062958638552;1
SSP2;REF;BEV;Mini Car;trn_pass_road_LDV_4W;trn_pass_road_LDV;trn_pass_road;trn_pass;FV;0.00148264862601706;0.00465992179013456;0.0159355826167589;0.0582170433574382;1
SSP2;REF;BEV;Moped;trn_pass_road_LDV_2W;trn_pass_road_LDV;trn_pass_road;trn_pass;FV;0;0.250000000004513;0.735294115999482;1;1
SSP2;REF;BEV;Motorcycle (50-250cc);trn_pass_road_LDV_2W;trn_pass_road_LDV;trn_pass_road;trn_pass;FV;0;0.249999999196698;0.735294121818591;1;1
SSP2;REF;BEV;Motorcycle (>250cc);trn_pass_road_LDV_2W;trn_pass_road_LDV;trn_pass_road;trn_pass;FV;0;0.25000000006231;0.735294116738737;1;1
SSP2;REF;BEV;Subcompact Car;trn_pass_road_LDV_4W;trn_pass_road_LDV;trn_pass_road;trn_pass;FV;0.00179223641060655;0.00417497745456437;0.0106661291200117;0.0334545768785257;1
SSP2;REF;BEV;Truck (0-3_5t);trn_freight_road_tmp_subsectorL3;trn_freight_road_tmp_subsectorL2;trn_freight_road;trn_freight;FV;0;0.117999999899843;0.193000000040978;0.26799999995811;0.395999999623551
SSP2;REF;BEV;Truck (18t);trn_freight_road_tmp_subsectorL3;trn_freight_road_tmp_subsectorL2;trn_freight_road;trn_freight;FV;0;0.0471000000093823;0.0956000000142115;0.143999999991022;0.383999999262241
SSP2;REF;BEV;Truck (26t);trn_freight_road_tmp_subsectorL3;trn_freight_road_tmp_subsectorL2;trn_freight_road;trn_freight;FV;0;0.04709999999605;0.095600000007154;0.144000000131937;0.383999999845359
SSP2;REF;BEV;Truck (40t);trn_freight_road_tmp_subsectorL3;trn_freight_road_tmp_subsectorL2;trn_freight_road;trn_freight;FV;0;0.0471000000006423;0.095599999810225;0.144000000277047;0.383999999490169
SSP2;REF;BEV;Truck (7_5t);trn_freight_road_tmp_subsectorL3;trn_freight_road_tmp_subsectorL2;trn_freight_road;trn_freight;FV;0;0.117999999938266;0.193000000161944;0.268000000176715;0.396000000214906
SSP2;REF;Cycle_tmp_technology;Cycle_tmp_vehicletype;Cycle_tmp_subsectorL3;Cycle_tmp_subsectorL2;Cycle;trn_pass;FV;1;1;1;1;1
SSP2;REF;Electric;Freight Rail_tmp_vehicletype;Freight Rail_tmp_subsectorL3;Freight Rail_tmp_subsectorL2;Freight Rail;trn_freight;FV;1;1;1;1;1
SSP2;REF;Electric;HSR_tmp_vehicletype;HSR_tmp_subsectorL3;HSR_tmp_subsectorL2;HSR;trn_pass;FV;0;1;1;1;1
SSP2;REF;Electric;Passenger Rail_tmp_vehicletype;Passenger Rail_tmp_subsectorL3;Passenger Rail_tmp_subsectorL2;Passenger Rail;trn_pass;FV;1;1;1;1;1
SSP2;REF;FCEV;Bus_tmp_vehicletype;Bus_tmp_subsectorL3;Bus;trn_pass_road;trn_pass;FV;0;0.00269999999798909;0.0192000000019456;0.0356999999991015;0.0624000001243087
SSP2;REF;FCEV;Compact Car;trn_pass_road_LDV_4W;trn_pass_road_LDV;trn_pass_road;trn_pass;FV;0.00100778728438111;0.00126725036721391;0.00294592202175065;0.00572114390422395;0.00641109415056241
SSP2;REF;FCEV;Large Car and SUV;trn_pass_road_LDV_4W;trn_pass_road_LDV;trn_pass_road;trn_pass;FV;0.0036137594750524;0.00408345566718719;0.00699812427097242;0.0117831500823239;0.0146002560495518
SSP2;REF;FCEV;Midsize Car;trn_pass_road_LDV_4W;trn_pass_road_LDV;trn_pass_road;trn_pass;FV;0.00194121497630684;0.00231293247003503;0.00458377466622732;0.0082400160559293;0.00998070453297963
SSP2;REF;FCEV;Mini Car;trn_pass_road_LDV_4W;trn_pass_road_LDV;trn_pass_road;trn_pass;FV;0.000476665063426296;0.000842392111691931;0.0033862235370899;0.00826265400322977;0.00598965365724048
SSP2;REF;FCEV;Subcompact Car;trn_pass_road_LDV_4W;trn_pass_road_LDV;trn_pass_road;trn_pass;FV;0.000531231288810919;0.000731784884521626;0.00201917720055731;0.00423310634741583;0.00465770194824913
SSP2;REF;FCEV;Truck (0-3_5t);trn_freight_road_tmp_subsectorL3;trn_freight_road_tmp_subsectorL2;trn_freight_road;trn_freight;FV;0;0.0597000000150645;0.0533999999894978;0.047099999998402;0.0551999999485597
SSP2;REF;FCEV;Truck (18t);trn_freight_road_tmp_subsectorL3;trn_freight_road_tmp_subsectorL2;trn_freight_road;trn_freight;FV;0;0.0221000000066578;0.0200000000021542;0.0178000000027671;0.0377999999789012
SSP2;REF;FCEV;Truck (26t);trn_freight_road_tmp_subsectorL3;trn_freight_road_tmp_subsectorL2;trn_freight_road;trn_freight;FV;0;0.0220999999991423;0.0200000000035661;0.0178000000071648;0.0377999999580554
SSP2;REF;FCEV;Truck (40t);trn_freight_road_tmp_subsectorL3;trn_freight_road_tmp_subsectorL2;trn_freight_road;trn_freight;FV;0;0.0221000000027427;0.0200000000144578;0.0178000000151232;0.0377999999981646
SSP2;REF;FCEV;Truck (7_5t);trn_freight_road_tmp_subsectorL3;trn_freight_road_tmp_subsectorL2;trn_freight_road;trn_freight;FV;0;0.0596999999651503;0.053400000040625;0.0471000000365076;0.0552000000386551
SSP2;REF;Gases;Bus_tmp_vehicletype;Bus_tmp_subsectorL3;Bus;trn_pass_road;trn_pass;FV;0.0139999999999206;0.0318999999987432;0.0459999999840066;0.060100000047385;0.0782000001465311
SSP2;REF;Gases;Compact Car;trn_pass_road_LDV_4W;trn_pass_road_LDV;trn_pass_road;trn_pass;FV;0.000143986686323137;0.000328751441898566;0.000859614900688442;0.00219141588505879;0.00396826599496797
SSP2;REF;Gases;Large Car and SUV;trn_pass_road_LDV_4W;trn_pass_road_LDV;trn_pass_road;trn_pass;FV;0.000736949371296591;0.00138569026147252;0.00283701821550064;0.00591028455183698;0.0114385336798774
SSP2;REF;Gases;Midsize Car;trn_pass_road_LDV_4W;trn_pass_road_LDV;trn_pass_road;trn_pass;FV;0.000352492405425245;0.000721981490406422;0.00164479283203297;0.00373848427512747;0.00708009533726427
SSP2;REF;Gases;Mini Car;trn_pass_road_LDV_4W;trn_pass_road_LDV;trn_pass_road;trn_pass;FV;6.35164264944468e-05;0.000221057641900034;0.000887918974486996;0.00296447988301742;0.0031226050674977
SSP2;REF;Gases;Subcompact Car;trn_pass_road_LDV_4W;trn_pass_road_LDV;trn_pass_road;trn_pass;FV;6.93096233783627e-05;0.000177327496769551;0.000524186557420418;0.00147040411563337;0.00256084500538696
SSP2;REF;Gases;Truck (0-3_5t);trn_freight_road_tmp_subsectorL3;trn_freight_road_tmp_subsectorL2;trn_freight_road;trn_freight;FV;0.0346000000211873;0.0607000000040829;0.0783000000393572;0.0958999999836359;0.133999999930226
SSP2;REF;Gases;Truck (18t);trn_freight_road_tmp_subsectorL3;trn_freight_road_tmp_subsectorL2;trn_freight_road;trn_freight;FV;0;0.0239000000046637;0.0442999999984177;0.0645999999992109;0.113000000028019
SSP2;REF;Gases;Truck (26t);trn_freight_road_tmp_subsectorL3;trn_freight_road_tmp_subsectorL2;trn_freight_road;trn_freight;FV;0.0525999999917063;0.0798000000122604;0.0959999999881814;0.11200000003209;0.145000000145687
SSP2;REF;Gases;Truck (40t);trn_freight_road_tmp_subsectorL3;trn_freight_road_tmp_subsectorL2;trn_freight_road;trn_freight;FV;0.0253999999917135;0.050900000003287;0.0692000000857873;0.0876000001498932;0.128999999719205
SSP2;REF;Gases;Truck (7_5t);trn_freight_road_tmp_subsectorL3;trn_freight_road_tmp_subsectorL2;trn_freight_road;trn_freight;FV;0;0.0239000000011487;0.0443000000128119;0.0645999999332523;0.113000000126656
SSP2;REF;Hybrid electric;Compact Car;trn_pass_road_LDV_4W;trn_pass_road_LDV;trn_pass_road;trn_pass;FV;0.00144531283255307;0.00333429375645487;0.00833026784044353;0.0165235605475922;0.015105867242092
SSP2;REF;Hybrid electric;Large Car and SUV;trn_pass_road_LDV_4W;trn_pass_road_LDV;trn_pass_road;trn_pass;FV;0.00562049219504615;0.0103946742221229;0.0202378827122551;0.0334821385327111;0.0320603387413371
SSP2;REF;Hybrid electric;Midsize Car;trn_pass_road_LDV_4W;trn_pass_road_LDV;trn_pass_road;trn_pass;FV;0.00299659428185704;0.00614199389728457;0.0134110682946525;0.0240787682705219;0.0227066555622006
SSP2;REF;Hybrid electric;Mini Car;trn_pass_road_LDV_4W;trn_pass_road_LDV;trn_pass_road;trn_pass;FV;0.000664566308115029;0.00232144830231679;0.00867665719664721;0.0223611997839174;0.0136623958190091
SSP2;REF;Hybrid electric;Subcompact Car;trn_pass_road_LDV_4W;trn_pass_road_LDV;trn_pass_road;trn_pass;FV;0.000790307246381622;0.00204865767507904;0.0057531982488678;0.0124573063796756;0.0110962008264567
SSP2;REF;Hydrogen;Domestic Aviation_tmp_vehicletype;Domestic Aviation_tmp_subsectorL3;Domestic Aviation_tmp_subsectorL2;Domestic Aviation;trn_pass;FV;0;8.32000000000002e-07;2.30999999999996e-05;4.53999999999929e-05;0.11900000002537
SSP2;REF;Liquids;Bus_tmp_vehicletype;Bus_tmp_subsectorL3;Bus;trn_pass_road;trn_pass;FV;1;1;1;1;1
SSP2;REF;Liquids;Compact Car;trn_pass_road_LDV_4W;trn_pass_road_LDV;trn_pass_road;trn_pass;FV;1;1;1;1;0.328649887906714
SSP2;REF;Liquids;Domestic Aviation_tmp_vehicletype;Domestic Aviation_tmp_subsectorL3;Domestic Aviation_tmp_subsectorL2;Domestic Aviation;trn_pass;FV;1;1;1;1;1
SSP2;REF;Liquids;Domestic Ship_tmp_vehicletype;Domestic Ship_tmp_subsectorL3;Domestic Ship_tmp_subsectorL2;Domestic Ship;trn_freight;FV;1;1;1;1;1
SSP2;REF;Liquids;Freight Rail_tmp_vehicletype;Freight Rail_tmp_subsectorL3;Freight Rail_tmp_subsectorL2;Freight Rail;trn_freight;FV;0.460000000885677;0.459999997326171;0.460000003445482;0.460000000188482;0.459999999819717
SSP2;REF;Liquids;International Aviation_tmp_vehicletype;International Aviation_tmp_subsectorL3;International Aviation_tmp_subsectorL2;International Aviation;trn_aviation_intl;FV;1;1;1;1;1
SSP2;REF;Liquids;International Ship_tmp_vehicletype;International Ship_tmp_subsectorL3;International Ship_tmp_subsectorL2;International Ship;trn_shipping_intl;FV;1;1;1;1;1
SSP2;REF;Liquids;Large Car and SUV;trn_pass_road_LDV_4W;trn_pass_road_LDV;trn_pass_road;trn_pass;FV;1;1;1;1;0.452707192646027
SSP2;REF;Liquids;Midsize Car;trn_pass_road_LDV_4W;trn_pass_road_LDV;trn_pass_road;trn_pass;FV;1;1;1;1;0.394737304444349
SSP2;REF;Liquids;Mini Car;trn_pass_road_LDV_4W;trn_pass_road_LDV;trn_pass_road;trn_pass;FV;1;1;1;1;0.168431636326774
SSP2;REF;Liquids;Moped;trn_pass_road_LDV_2W;trn_pass_road_LDV;trn_pass_road;trn_pass;FV;1;1;1;0.69999999977853;0.100000000025221
SSP2;REF;Liquids;Motorcycle (50-250cc);trn_pass_road_LDV_2W;trn_pass_road_LDV;trn_pass_road;trn_pass;FV;1;1;1;0.699999999692104;0.0999999999584444
SSP2;REF;Liquids;Motorcycle (>250cc);trn_pass_road_LDV_2W;trn_pass_road_LDV;trn_pass_road;trn_pass;FV;1;1;1;0.699999997322367;0.0999999998709444
SSP2;REF;Liquids;Passenger Rail_tmp_vehicletype;Passenger Rail_tmp_subsectorL3;Passenger Rail_tmp_subsectorL2;Passenger Rail;trn_pass;FV;0.236000000017752;0.235999999814117;0.236000000129887;0.236000000029868;0.236000000726399
SSP2;REF;Liquids;Subcompact Car;trn_pass_road_LDV_4W;trn_pass_road_LDV;trn_pass_road;trn_pass;FV;1;1;1;1;0.284677089508312
SSP2;REF;Liquids;Truck (0-3_5t);trn_freight_road_tmp_subsectorL3;trn_freight_road_tmp_subsectorL2;trn_freight_road;trn_freight;FV;1;1;1;1;1
SSP2;REF;Liquids;Truck (18t);trn_freight_road_tmp_subsectorL3;trn_freight_road_tmp_subsectorL2;trn_freight_road;trn_freight;FV;1;1;1;1;1
SSP2;REF;Liquids;Truck (26t);trn_freight_road_tmp_subsectorL3;trn_freight_road_tmp_subsectorL2;trn_freight_road;trn_freight;FV;1;1;1;1;1
SSP2;REF;Liquids;Truck (40t);trn_freight_road_tmp_subsectorL3;trn_freight_road_tmp_subsectorL2;trn_freight_road;trn_freight;FV;1;1;1;1;1
SSP2;REF;Liquids;Truck (7_5t);trn_freight_road_tmp_subsectorL3;trn_freight_road_tmp_subsectorL2;trn_freight_road;trn_freight;FV;1;1;1;1;1
SSP2;REF;Walk_tmp_technology;Walk_tmp_vehicletype;Walk_tmp_subsectorL3;Walk_tmp_subsectorL2;Walk;trn_pass;FV;1;1;1;1;1
SSP2;SSA;;;;;Cycle;trn_pass;S1S;0.0138999999999671;0.0198999999999462;0.0244999999999824;0.0290999999968658;0.0468571428581992
SSP2;SSA;;;;;Domestic Aviation;trn_pass;S1S;0.0330000000000216;0.0538999999997596;0.0368999999999856;0.0199999999986814;0.00428571428577754
SSP2;SSA;;;;;Domestic Ship;trn_freight;S1S;0.00150000000139592;0.00150000000223774;0.00149999999972844;0.00149999999990239;0.00150000000006492
SSP2;SSA;;;;;Freight Rail;trn_freight;S1S;0.0167000000092979;0.0167000000121097;0.0157999999935167;0.0149999999951815;0.022500000002703
SSP2;SSA;;;;;HSR;trn_pass;S1S;1.4800000001453e-05;2.21999999981061e-05;0.0194999999964883;0.0390000000111209;0.0139428571430416
SSP2;SSA;;;;;International Aviation;trn_aviation_intl;S1S;1;1;1;1;1
SSP2;SSA;;;;;International Ship;trn_shipping_intl;S1S;1;1;1;1;1
SSP2;SSA;;;;;Passenger Rail;trn_pass;S1S;0.000601999999997893;0.00171999999999489;0.00185999999998983;0.00199999999982618;0.00100000000001568
SSP2;SSA;;;;;Walk;trn_pass;S1S;1;1;1;1;1
SSP2;SSA;;;;;trn_freight_road;trn_freight;S1S;1;1;1;1;1
SSP2;SSA;;;;;trn_pass_road;trn_pass;S1S;0.262000000000078;0.325999999998757;0.262999999999022;0.199999999986267;0.100000000001368
SSP2;SSA;;;;Bus;trn_pass_road;trn_pass;S2S1;0.757000000000001;0.500000000000001;0.333333333333333;0.181818181818182;0.0699999999999999
SSP2;SSA;;;;Cycle_tmp_subsectorL2;Cycle;trn_pass;S2S1;1;1;1;1;1
SSP2;SSA;;;;Domestic Aviation_tmp_subsectorL2;Domestic Aviation;trn_pass;S2S1;1;1;1;1;1
SSP2;SSA;;;;Domestic Ship_tmp_subsectorL2;Domestic Ship;trn_freight;S2S1;1;1;1;1;1
SSP2;SSA;;;;Freight Rail_tmp_subsectorL2;Freight Rail;trn_freight;S2S1;1;1;1;1;1
SSP2;SSA;;;;HSR_tmp_subsectorL2;HSR;trn_pass;S2S1;1;1;1;1;1
SSP2;SSA;;;;International Aviation_tmp_subsectorL2;International Aviation;trn_aviation_intl;S2S1;1;1;1;1;1
SSP2;SSA;;;;International Ship_tmp_subsectorL2;International Ship;trn_shipping_intl;S2S1;1;1;1;1;1
SSP2;SSA;;;;Passenger Rail_tmp_subsectorL2;Passenger Rail;trn_pass;S2S1;1;1;1;1;1
SSP2;SSA;;;;Walk_tmp_subsectorL2;Walk;trn_pass;S2S1;1;1;1;1;1
SSP2;SSA;;;;trn_freight_road_tmp_subsectorL2;trn_freight_road;trn_freight;S2S1;1;1;1;1;1
SSP2;SSA;;;;trn_pass_road_LDV;trn_pass_road;trn_pass;S2S1;1;1;1;1;1
SSP2;SSA;;;Bus_tmp_subsectorL3;Bus;trn_pass_road;trn_pass;S3S2;1;1;1;1;1
SSP2;SSA;;;Cycle_tmp_subsectorL3;Cycle_tmp_subsectorL2;Cycle;trn_pass;S3S2;1;1;1;1;1
SSP2;SSA;;;Domestic Aviation_tmp_subsectorL3;Domestic Aviation_tmp_subsectorL2;Domestic Aviation;trn_pass;S3S2;1;1;1;1;1
SSP2;SSA;;;Domestic Ship_tmp_subsectorL3;Domestic Ship_tmp_subsectorL2;Domestic Ship;trn_freight;S3S2;1;1;1;1;1
SSP2;SSA;;;Freight Rail_tmp_subsectorL3;Freight Rail_tmp_subsectorL2;Freight Rail;trn_freight;S3S2;1;1;1;1;1
SSP2;SSA;;;HSR_tmp_subsectorL3;HSR_tmp_subsectorL2;HSR;trn_pass;S3S2;1;1;1;1;1
SSP2;SSA;;;International Aviation_tmp_subsectorL3;International Aviation_tmp_subsectorL2;International Aviation;trn_aviation_intl;S3S2;1;1;1;1;1
SSP2;SSA;;;International Ship_tmp_subsectorL3;International Ship_tmp_subsectorL2;International Ship;trn_shipping_intl;S3S2;1;1;1;1;1
SSP2;SSA;;;Passenger Rail_tmp_subsectorL3;Passenger Rail_tmp_subsectorL2;Passenger Rail;trn_pass;S3S2;1;1;1;1;1
SSP2;SSA;;;Walk_tmp_subsectorL3;Walk_tmp_subsectorL2;Walk;trn_pass;S3S2;1;1;1;1;1
SSP2;SSA;;;trn_freight_road_tmp_subsectorL3;trn_freight_road_tmp_subsectorL2;trn_freight_road;trn_freight;S3S2;1;1;1;1;1
SSP2;SSA;;;trn_pass_road_LDV_2W;trn_pass_road_LDV;trn_pass_road;trn_pass;S3S2;0.0262000019589252;0.0262000006762856;0.0262000000122305;0.0262000002084495;0.0392999999851873
SSP2;SSA;;;trn_pass_road_LDV_4W;trn_pass_road_LDV;trn_pass_road;trn_pass;S3S2;1;1;1;1;1
SSP2;SSA;;Bus_tmp_vehicletype;Bus_tmp_subsectorL3;Bus;trn_pass_road;trn_pass;VS3;1;1;1;1;1
SSP2;SSA;;Compact Car;trn_pass_road_LDV_4W;trn_pass_road_LDV;trn_pass_road;trn_pass;VS3;1;1;1;1;1
SSP2;SSA;;Cycle_tmp_vehicletype;Cycle_tmp_subsectorL3;Cycle_tmp_subsectorL2;Cycle;trn_pass;VS3;1;1;1;1;1
SSP2;SSA;;Domestic Aviation_tmp_vehicletype;Domestic Aviation_tmp_subsectorL3;Domestic Aviation_tmp_subsectorL2;Domestic Aviation;trn_pass;VS3;1;1;1;1;1
SSP2;SSA;;Domestic Ship_tmp_vehicletype;Domestic Ship_tmp_subsectorL3;Domestic Ship_tmp_subsectorL2;Domestic Ship;trn_freight;VS3;1;1;1;1;1
SSP2;SSA;;Freight Rail_tmp_vehicletype;Freight Rail_tmp_subsectorL3;Freight Rail_tmp_subsectorL2;Freight Rail;trn_freight;VS3;1;1;1;1;1
SSP2;SSA;;HSR_tmp_vehicletype;HSR_tmp_subsectorL3;HSR_tmp_subsectorL2;HSR;trn_pass;VS3;1;1;1;1;1
SSP2;SSA;;International Aviation_tmp_vehicletype;International Aviation_tmp_subsectorL3;International Aviation_tmp_subsectorL2;International Aviation;trn_aviation_intl;VS3;1;1;1;1;1
SSP2;SSA;;International Ship_tmp_vehicletype;International Ship_tmp_subsectorL3;International Ship_tmp_subsectorL2;International Ship;trn_shipping_intl;VS3;1;1;1;1;1
SSP2;SSA;;Large Car and SUV;trn_pass_road_LDV_4W;trn_pass_road_LDV;trn_pass_road;trn_pass;VS3;0.00302000000001554;0.00301999999999349;0.00302000000000271;0.00301999999998725;0.00301999999918838
SSP2;SSA;;Mini Car;trn_pass_road_LDV_4W;trn_pass_road_LDV;trn_pass_road;trn_pass;VS3;0.0271000000001184;0.0270999999999398;0.0271000000000239;0.0270999999999102;0.0270999999963458
SSP2;SSA;;Moped;trn_pass_road_LDV_2W;trn_pass_road_LDV;trn_pass_road;trn_pass;VS3;0.383000000008703;0.383000000049173;0.38300000000546;0.382999999996237;0.382999999999296
SSP2;SSA;;Motorcycle (50-250cc);trn_pass_road_LDV_2W;trn_pass_road_LDV;trn_pass_road;trn_pass;VS3;1;1;1;1;1
SSP2;SSA;;Motorcycle (>250cc);trn_pass_road_LDV_2W;trn_pass_road_LDV;trn_pass_road;trn_pass;VS3;1.62999999999959e-05;1.63000000000037e-05;1.63000000000009e-05;1.62999999999999e-05;1.63e-05
SSP2;SSA;;Passenger Rail_tmp_vehicletype;Passenger Rail_tmp_subsectorL3;Passenger Rail_tmp_subsectorL2;Passenger Rail;trn_pass;VS3;1;1;1;1;1
SSP2;SSA;;Subcompact Car;trn_pass_road_LDV_4W;trn_pass_road_LDV;trn_pass_road;trn_pass;VS3;0.632000000002341;0.63199999999885;0.632000000000559;0.631999999997033;0.631999999883769
SSP2;SSA;;Truck (0-3_5t);trn_freight_road_tmp_subsectorL3;trn_freight_road_tmp_subsectorL2;trn_freight_road;trn_freight;VS3;0.137000000117045;0.137000000124814;0.137000000165671;0.137000000176674;0.137000000172266
SSP2;SSA;;Truck (18t);trn_freight_road_tmp_subsectorL3;trn_freight_road_tmp_subsectorL2;trn_freight_road;trn_freight;VS3;0.192999999999091;0.19299999999816;0.193000000005364;0.193000000002569;0.192999999998031
SSP2;SSA;;Truck (26t);trn_freight_road_tmp_subsectorL3;trn_freight_road_tmp_subsectorL2;trn_freight_road;trn_freight;VS3;5.61000000011261e-06;5.61000000001611e-06;5.61000000019588e-06;5.6100000001281e-06;5.61000000019481e-06
SSP2;SSA;;Truck (40t);trn_freight_road_tmp_subsectorL3;trn_freight_road_tmp_subsectorL2;trn_freight_road;trn_freight;VS3;4.2100000000438e-06;4.20999999996828e-06;4.21000000021367e-06;4.21000000002899e-06;4.21000000000819e-06
SSP2;SSA;;Truck (7_5t);trn_freight_road_tmp_subsectorL3;trn_freight_road_tmp_subsectorL2;trn_freight_road;trn_freight;VS3;1;1;1;1;1
SSP2;SSA;;Van;trn_pass_road_LDV_4W;trn_pass_road_LDV;trn_pass_road;trn_pass;VS3;7.57000000007197e-05;7.57000000006231e-05;7.56999999998343e-05;7.57000000014348e-05;7.56999999444461e-05
SSP2;SSA;;Walk_tmp_vehicletype;Walk_tmp_subsectorL3;Walk_tmp_subsectorL2;Walk;trn_pass;VS3;1;1;1;1;1
SSP2;SSA;BEV;Bus_tmp_vehicletype;Bus_tmp_subsectorL3;Bus;trn_pass_road;trn_pass;FV;0;0.0620999999987637;0.229000000175964;0.395999999995236;0.847000000894743
SSP2;SSA;BEV;Compact Car;trn_pass_road_LDV_4W;trn_pass_road_LDV;trn_pass_road;trn_pass;FV;0.00136322666207453;0.0032789053303585;0.00922192171132936;0.0226171030294763;1
SSP2;SSA;BEV;Large Car and SUV;trn_pass_road_LDV_4W;trn_pass_road_LDV;trn_pass_road;trn_pass;FV;0.00465408153216282;0.00901747261161107;0.0226573416955701;0.0516354621330078;1
SSP2;SSA;BEV;Mini Car;trn_pass_road_LDV_4W;trn_pass_road_LDV;trn_pass_road;trn_pass;FV;0.00014152459363331;0.000588768516020753;0.00262846574786095;0.00742334370172495;1
SSP2;SSA;BEV;Moped;trn_pass_road_LDV_2W;trn_pass_road_LDV;trn_pass_road;trn_pass;FV;0;0.250000000045182;0.735294116869852;1;1
SSP2;SSA;BEV;Motorcycle (50-250cc);trn_pass_road_LDV_2W;trn_pass_road_LDV;trn_pass_road;trn_pass;FV;0;0.249999999295835;0.73529412095241;1;1
SSP2;SSA;BEV;Motorcycle (>250cc);trn_pass_road_LDV_2W;trn_pass_road_LDV;trn_pass_road;trn_pass;FV;0;0.338887230874732;0.735294118551477;1;1
SSP2;SSA;BEV;Subcompact Car;trn_pass_road_LDV_4W;trn_pass_road_LDV;trn_pass_road;trn_pass;FV;0.000491396130126269;0.00135135334199059;0.00444960387844933;0.0103442453258362;1
SSP2;SSA;BEV;Truck (0-3_5t);trn_freight_road_tmp_subsectorL3;trn_freight_road_tmp_subsectorL2;trn_freight_road;trn_freight;FV;0;0.0259999999975656;0.0634000000098402;0.100999999988354;0.151000000531422
SSP2;SSA;BEV;Truck (18t);trn_freight_road_tmp_subsectorL3;trn_freight_road_tmp_subsectorL2;trn_freight_road;trn_freight;FV;0;0.0102999999996925;0.0323000000003739;0.0542000000128358;0.146999999353663
SSP2;SSA;BEV;Truck (26t);trn_freight_road_tmp_subsectorL3;trn_freight_road_tmp_subsectorL2;trn_freight_road;trn_freight;FV;0;0.0103000000029941;0.0322999999979843;0.054200000001441;0.146999999575997
SSP2;SSA;BEV;Truck (40t);trn_freight_road_tmp_subsectorL3;trn_freight_road_tmp_subsectorL2;trn_freight_road;trn_freight;FV;0;0.0103000000000139;0.0323000000000115;0.0541999999760633;0.147000001258093
SSP2;SSA;BEV;Truck (7_5t);trn_freight_road_tmp_subsectorL3;trn_freight_road_tmp_subsectorL2;trn_freight_road;trn_freight;FV;0;0.0259999999991472;0.0633999999991673;0.100999999986499;0.150999999784344
SSP2;SSA;BEV;Van;trn_pass_road_LDV_4W;trn_pass_road_LDV;trn_pass_road;trn_pass;FV;0.00502739896273189;0.0069517060623795;0.0114689821150717;0.0215355579091456;1
SSP2;SSA;Cycle_tmp_technology;Cycle_tmp_vehicletype;Cycle_tmp_subsectorL3;Cycle_tmp_subsectorL2;Cycle;trn_pass;FV;1;1;1;1;1
SSP2;SSA;Electric;Freight Rail_tmp_vehicletype;Freight Rail_tmp_subsectorL3;Freight Rail_tmp_subsectorL2;Freight Rail;trn_freight;FV;1;1;1;1;1
SSP2;SSA;Electric;HSR_tmp_vehicletype;HSR_tmp_subsectorL3;HSR_tmp_subsectorL2;HSR;trn_pass;FV;1;1;1;1;1
SSP2;SSA;Electric;Passenger Rail_tmp_vehicletype;Passenger Rail_tmp_subsectorL3;Passenger Rail_tmp_subsectorL2;Passenger Rail;trn_pass;FV;1;1;1;1;1
SSP2;SSA;FCEV;Bus_tmp_vehicletype;Bus_tmp_subsectorL3;Bus;trn_pass_road;trn_pass;FV;0;0.00269999999987322;0.0112000000026292;0.0195999999970738;0.0485000000559797
SSP2;SSA;FCEV;Compact Car;trn_pass_road_LDV_4W;trn_pass_road_LDV;trn_pass_road;trn_pass;FV;0.000444025854077187;0.000815042778406195;0.00233741707666525;0.0052982525382464;0.0109123393479756
SSP2;SSA;FCEV;Large Car and SUV;trn_pass_road_LDV_4W;trn_pass_road_LDV;trn_pass_road;trn_pass;FV;0.0014027553044787;0.00215009063806797;0.00532977241576915;0.011347621800651;0.0141371395048442
SSP2;SSA;FCEV;Mini Car;trn_pass_road_LDV_4W;trn_pass_road_LDV;trn_pass_road;trn_pass;FV;7.91771488673498e-05;0.000229383478997032;0.00116254969197906;0.00304945441778884;0.0076235706947434
SSP2;SSA;FCEV;Subcompact Car;trn_pass_road_LDV_4W;trn_pass_road_LDV;trn_pass_road;trn_pass;FV;0.000176318989985672;0.000359637292211855;0.00131631744044518;0.00298742735677777;0.00755505590960241
SSP2;SSA;FCEV;Truck (0-3_5t);trn_freight_road_tmp_subsectorL3;trn_freight_road_tmp_subsectorL2;trn_freight_road;trn_freight;FV;0;0.00729999999926591;0.00961999999455544;0.0118999999931151;0.0204000000451467
SSP2;SSA;FCEV;Truck (18t);trn_freight_road_tmp_subsectorL3;trn_freight_road_tmp_subsectorL2;trn_freight_road;trn_freight;FV;0;0.00269999999996602;0.00360999999992155;0.00453000000103045;0.0139999998526332
SSP2;SSA;FCEV;Truck (26t);trn_freight_road_tmp_subsectorL3;trn_freight_road_tmp_subsectorL2;trn_freight_road;trn_freight;FV;0;0.00269999999975175;0.00361000000003953;0.0045300000001171;0.0139999999512142
SSP2;SSA;FCEV;Truck (40t);trn_freight_road_tmp_subsectorL3;trn_freight_road_tmp_subsectorL2;trn_freight_road;trn_freight;FV;0;0.00270000000008332;0.00361000000045933;0.00453000000059179;0.0139999999915099
SSP2;SSA;FCEV;Truck (7_5t);trn_freight_road_tmp_subsectorL3;trn_freight_road_tmp_subsectorL2;trn_freight_road;trn_freight;FV;0;0.0072999999992267;0.00962000000041872;0.0118999999996461;0.0204000000170518
SSP2;SSA;FCEV;Van;trn_pass_road_LDV_4W;trn_pass_road_LDV;trn_pass_road;trn_pass;FV;0.0013980905094694;0.00148718628521799;0.00238368089690136;0.0041665309396157;0.00822667876354266
SSP2;SSA;Gases;Bus_tmp_vehicletype;Bus_tmp_subsectorL3;Bus;trn_pass_road;trn_pass;FV;0.000398000000000084;0.0266999999971743;0.0383000000141698;0.0499999999855122;0.0683000000282039
SSP2;SSA;Gases;Compact Car;trn_pass_road_LDV_4W;trn_pass_road_LDV;trn_pass_road;trn_pass;FV;5.07747479804104e-05;0.000152194253646048;0.000548232236001782;0.00145892080835694;0.00625220294180509
SSP2;SSA;Gases;Large Car and SUV;trn_pass_road_LDV_4W;trn_pass_road_LDV;trn_pass_road;trn_pass;FV;0.000220143800138496;0.000530017619631424;0.00169216186993607;0.00409896273913603;0.0105078018321279
SSP2;SSA;Gases;Mini Car;trn_pass_road_LDV_4W;trn_pass_road_LDV;trn_pass_road;trn_pass;FV;2.66072314722601e-06;1.33111943277099e-05;8.05550117805735e-05;0.000259868600115076;0.00202957639252856
SSP2;SSA;Gases;Subcompact Car;trn_pass_road_LDV_4W;trn_pass_road_LDV;trn_pass_road;trn_pass;FV;1.36460716310442e-05;4.74430969462637e-05;0.000212523407866089;0.000557949994366087;0.00341183579639686
SSP2;SSA;Gases;Truck (0-3_5t);trn_freight_road_tmp_subsectorL3;trn_freight_road_tmp_subsectorL2;trn_freight_road;trn_freight;FV;0;0.0263000000055028;0.0343999999832592;0.0424999999923017;0.059000000204621
SSP2;SSA;Gases;Truck (18t);trn_freight_road_tmp_subsectorL3;trn_freight_road_tmp_subsectorL2;trn_freight_road;trn_freight;FV;0;0.0263000000004468;0.0344000000006212;0.0425000000047997;0.0589999998297544
SSP2;SSA;Gases;Truck (26t);trn_freight_road_tmp_subsectorL3;trn_freight_road_tmp_subsectorL2;trn_freight_road;trn_freight;FV;0;0.0263000000037594;0.03440000000441;0.0425000000007201;0.0590000006012566
SSP2;SSA;Gases;Truck (40t);trn_freight_road_tmp_subsectorL3;trn_freight_road_tmp_subsectorL2;trn_freight_road;trn_freight;FV;0;0.026300000002169;0.0344000000054952;0.0424999999950735;0.0589999997052802
SSP2;SSA;Gases;Truck (7_5t);trn_freight_road_tmp_subsectorL3;trn_freight_road_tmp_subsectorL2;trn_freight_road;trn_freight;FV;0;0.0262999999911126;0.0344000000020293;0.042500000002138;0.0590000000558112
SSP2;SSA;Gases;Van;trn_pass_road_LDV_4W;trn_pass_road_LDV;trn_pass_road;trn_pass;FV;0.000191092685906822;0.000329447492152138;0.000721707664687122;0.0014667602674137;0.00508619389911231
SSP2;SSA;Hybrid electric;Compact Car;trn_pass_road_LDV_4W;trn_pass_road_LDV;trn_pass_road;trn_pass;FV;0.000648263755491196;0.00182299500086331;0.00578302779737226;0.0127991333660315;0.0247589238408856
SSP2;SSA;Hybrid electric;Large Car and SUV;trn_pass_road_LDV_4W;trn_pass_road_LDV;trn_pass_road;trn_pass;FV;0.00222432943398109;0.0050868371819591;0.0146951141541716;0.0297910563736833;0.0317153934366514
SSP2;SSA;Hybrid electric;Mini Car;trn_pass_road_LDV_4W;trn_pass_road_LDV;trn_pass_road;trn_pass;FV;7.60913877149274e-05;0.00037490709332818;0.00198322539955768;0.00523809766083813;0.0129225640883737
SSP2;SSA;Hybrid electric;Subcompact Car;trn_pass_road_LDV_4W;trn_pass_road_LDV;trn_pass_road;trn_pass;FV;0.000226057465260273;0.000747060512248651;0.00292271402104166;0.00633286961724763;0.0135891596269344
SSP2;SSA;Hybrid electric;Van;trn_pass_road_LDV_4W;trn_pass_road_LDV;trn_pass_road;trn_pass;FV;0.00258264185965651;0.00406286445102768;0.00762962826268425;0.0126403333064958;0.022661823030723
SSP2;SSA;Hydrogen;Domestic Aviation_tmp_vehicletype;Domestic Aviation_tmp_subsectorL3;Domestic Aviation_tmp_subsectorL2;Domestic Aviation;trn_pass;FV;0;8.32000000000006e-07;2.31000000000003e-05;4.53999999999991e-05;0.119000000001922
SSP2;SSA;Liquids;Bus_tmp_vehicletype;Bus_tmp_subsectorL3;Bus;trn_pass_road;trn_pass;FV;1;1;1;1;1
SSP2;SSA;Liquids;Compact Car;trn_pass_road_LDV_4W;trn_pass_road_LDV;trn_pass_road;trn_pass;FV;1;1;1;1;0.580881415930119
SSP2;SSA;Liquids;Domestic Aviation_tmp_vehicletype;Domestic Aviation_tmp_subsectorL3;Domestic Aviation_tmp_subsectorL2;Domestic Aviation;trn_pass;FV;1;1;1;1;1
SSP2;SSA;Liquids;Domestic Ship_tmp_vehicletype;Domestic Ship_tmp_subsectorL3;Domestic Ship_tmp_subsectorL2;Domestic Ship;trn_freight;FV;1;1;1;1;1
SSP2;SSA;Liquids;Freight Rail_tmp_vehicletype;Freight Rail_tmp_subsectorL3;Freight Rail_tmp_subsectorL2;Freight Rail;trn_freight;FV;0.625000002576934;0.625000000688207;0.625000000439847;0.62499999985034;0.625000000719094
SSP2;SSA;Liquids;International Aviation_tmp_vehicletype;International Aviation_tmp_subsectorL3;International Aviation_tmp_subsectorL2;International Aviation;trn_aviation_intl;FV;1;1;1;1;1
SSP2;SSA;Liquids;International Ship_tmp_vehicletype;International Ship_tmp_subsectorL3;International Ship_tmp_subsectorL2;International Ship;trn_shipping_intl;FV;1;1;1;1;1
SSP2;SSA;Liquids;Large Car and SUV;trn_pass_road_LDV_4W;trn_pass_road_LDV;trn_pass_road;trn_pass;FV;1;1;1;1;0.296796479841059
SSP2;SSA;Liquids;Mini Car;trn_pass_road_LDV_4W;trn_pass_road_LDV;trn_pass_road;trn_pass;FV;1;1;1;1;0.509807733120475
SSP2;SSA;Liquids;Moped;trn_pass_road_LDV_2W;trn_pass_road_LDV;trn_pass_road;trn_pass;FV;1;1;1;0.700000000172754;0.0999999997748419
SSP2;SSA;Liquids;Motorcycle (50-250cc);trn_pass_road_LDV_2W;trn_pass_road_LDV;trn_pass_road;trn_pass;FV;1;1;1;0.699999970787913;0.100000000008655
SSP2;SSA;Liquids;Motorcycle (>250cc);trn_pass_road_LDV_2W;trn_pass_road_LDV;trn_pass_road;trn_pass;FV;1;1;1;0.699999993578758;0.099999999813569
SSP2;SSA;Liquids;Passenger Rail_tmp_vehicletype;Passenger Rail_tmp_subsectorL3;Passenger Rail_tmp_subsectorL2;Passenger Rail;trn_pass;FV;0.0756000000000111;0.0756000001087656;0.075599999999912;0.0755999999863725;0.0755999999892617
SSP2;SSA;Liquids;Subcompact Car;trn_pass_road_LDV_4W;trn_pass_road_LDV;trn_pass_road;trn_pass;FV;1;1;1;1;0.483875340728282
SSP2;SSA;Liquids;Truck (0-3_5t);trn_freight_road_tmp_subsectorL3;trn_freight_road_tmp_subsectorL2;trn_freight_road;trn_freight;FV;1;1;1;1;1
SSP2;SSA;Liquids;Truck (18t);trn_freight_road_tmp_subsectorL3;trn_freight_road_tmp_subsectorL2;trn_freight_road;trn_freight;FV;1;1;1;1;1
SSP2;SSA;Liquids;Truck (26t);trn_freight_road_tmp_subsectorL3;trn_freight_road_tmp_subsectorL2;trn_freight_road;trn_freight;FV;1;1;1;1;1
SSP2;SSA;Liquids;Truck (40t);trn_freight_road_tmp_subsectorL3;trn_freight_road_tmp_subsectorL2;trn_freight_road;trn_freight;FV;1;1;1;1;1
SSP2;SSA;Liquids;Truck (7_5t);trn_freight_road_tmp_subsectorL3;trn_freight_road_tmp_subsectorL2;trn_freight_road;trn_freight;FV;1;1;1;1;1
SSP2;SSA;Liquids;Van;trn_pass_road_LDV_4W;trn_pass_road_LDV;trn_pass_road;trn_pass;FV;1;1;1;1;0.793425938802768
SSP2;SSA;Walk_tmp_technology;Walk_tmp_vehicletype;Walk_tmp_subsectorL3;Walk_tmp_subsectorL2;Walk;trn_pass;FV;1;1;1;1;1
SSP2;UKI;;;;;Cycle;trn_pass;S1S;0.0250000000003651;0.029999999992889;0.0314999999994043;0.0329999999989675;0.0699999999996328
SSP2;UKI;;;;;Domestic Aviation;trn_pass;S1S;5.97000000006896e-05;3.99999999946219e-05;2.99999999994296e-05;1.99999999993289e-05;1.99999999998953e-05
SSP2;UKI;;;;;Domestic Ship;trn_freight;S1S;0.00867000000447936;0.00866999999261049;0.00866999999621303;0.0086848393403739;0.00867000000102692
SSP2;UKI;;;;;Freight Rail;trn_freight;S1S;0.00617999999969581;0.00618000000745248;0.00586999999848869;0.0055703536197861;0.00927000000060178
SSP2;UKI;;;;;HSR;trn_pass;S1S;0.000125000000001547;0.000132999999973284;0.000116999999997828;9.99999999967069e-05;0.000149999999999188
SSP2;UKI;;;;;International Aviation;trn_aviation_intl;S1S;1;1;1;1;1
SSP2;UKI;;;;;International Ship;trn_shipping_intl;S1S;1;1;1;1;1
SSP2;UKI;;;;;Passenger Rail;trn_pass;S1S;0.0031300000000444;0.00249999999958391;0.00237999999995438;0.00224999999992925;0.0029999999999837
SSP2;UKI;;;;;Walk;trn_pass;S1S;1;1;1;1;1
SSP2;UKI;;;;;trn_freight_road;trn_freight;S1S;1;1;1;1;1
SSP2;UKI;;;;;trn_pass_road;trn_pass;S1S;0.0736000000009573;0.0522999999873829;0.0435999999990901;0.0349999999989304;0.0349999999998123
SSP2;UKI;;;;Bus;trn_pass_road;trn_pass;S2S1;0.255;0.2;0.190476190476191;0.181818181818182;0.0999999999999998
SSP2;UKI;;;;Cycle_tmp_subsectorL2;Cycle;trn_pass;S2S1;1;1;1;1;1
SSP2;UKI;;;;Domestic Aviation_tmp_subsectorL2;Domestic Aviation;trn_pass;S2S1;1;1;1;1;1
SSP2;UKI;;;;Domestic Ship_tmp_subsectorL2;Domestic Ship;trn_freight;S2S1;1;1;1;1;1
SSP2;UKI;;;;Freight Rail_tmp_subsectorL2;Freight Rail;trn_freight;S2S1;1;1;1;1;1
SSP2;UKI;;;;HSR_tmp_subsectorL2;HSR;trn_pass;S2S1;1;1;1;1;1
SSP2;UKI;;;;International Aviation_tmp_subsectorL2;International Aviation;trn_aviation_intl;S2S1;1;1;1;1;1
SSP2;UKI;;;;International Ship_tmp_subsectorL2;International Ship;trn_shipping_intl;S2S1;1;1;1;1;1
SSP2;UKI;;;;Passenger Rail_tmp_subsectorL2;Passenger Rail;trn_pass;S2S1;1;1;1;1;1
SSP2;UKI;;;;Walk_tmp_subsectorL2;Walk;trn_pass;S2S1;1;1;1;1;1
SSP2;UKI;;;;trn_freight_road_tmp_subsectorL2;trn_freight_road;trn_freight;S2S1;1;1;1;1;1
SSP2;UKI;;;;trn_pass_road_LDV;trn_pass_road;trn_pass;S2S1;1;1;1;1;1
SSP2;UKI;;;Bus_tmp_subsectorL3;Bus;trn_pass_road;trn_pass;S3S2;1;1;1;1;1
SSP2;UKI;;;Cycle_tmp_subsectorL3;Cycle_tmp_subsectorL2;Cycle;trn_pass;S3S2;1;1;1;1;1
SSP2;UKI;;;Domestic Aviation_tmp_subsectorL3;Domestic Aviation_tmp_subsectorL2;Domestic Aviation;trn_pass;S3S2;1;1;1;1;1
SSP2;UKI;;;Domestic Ship_tmp_subsectorL3;Domestic Ship_tmp_subsectorL2;Domestic Ship;trn_freight;S3S2;1;1;1;1;1
SSP2;UKI;;;Freight Rail_tmp_subsectorL3;Freight Rail_tmp_subsectorL2;Freight Rail;trn_freight;S3S2;1;1;1;1;1
SSP2;UKI;;;HSR_tmp_subsectorL3;HSR_tmp_subsectorL2;HSR;trn_pass;S3S2;1;1;1;1;1
SSP2;UKI;;;International Aviation_tmp_subsectorL3;International Aviation_tmp_subsectorL2;International Aviation;trn_aviation_intl;S3S2;1;1;1;1;1
SSP2;UKI;;;International Ship_tmp_subsectorL3;International Ship_tmp_subsectorL2;International Ship;trn_shipping_intl;S3S2;1;1;1;1;1
SSP2;UKI;;;Passenger Rail_tmp_subsectorL3;Passenger Rail_tmp_subsectorL2;Passenger Rail;trn_pass;S3S2;1;1;1;1;1
SSP2;UKI;;;Walk_tmp_subsectorL3;Walk_tmp_subsectorL2;Walk;trn_pass;S3S2;1;1;1;1;1
SSP2;UKI;;;trn_freight_road_tmp_subsectorL3;trn_freight_road_tmp_subsectorL2;trn_freight_road;trn_freight;S3S2;1;1;1;1;1
SSP2;UKI;;;trn_pass_road_LDV_2W;trn_pass_road_LDV;trn_pass_road;trn_pass;S3S2;0.100000000059953;0.10000000018464;0.100000000052715;0.0999999988709336;0.100000000045279
SSP2;UKI;;;trn_pass_road_LDV_4W;trn_pass_road_LDV;trn_pass_road;trn_pass;S3S2;1;1;1;1;1
SSP2;UKI;;Bus_tmp_vehicletype;Bus_tmp_subsectorL3;Bus;trn_pass_road;trn_pass;VS3;1;1;1;1;1
SSP2;UKI;;Compact Car;trn_pass_road_LDV_4W;trn_pass_road_LDV;trn_pass_road;trn_pass;VS3;0.53999999998793;0.540000001113286;0.5130000036889;0.486000000256499;0.486000000617393
SSP2;UKI;;Cycle_tmp_vehicletype;Cycle_tmp_subsectorL3;Cycle_tmp_subsectorL2;Cycle;trn_pass;VS3;1;1;1;1;1
SSP2;UKI;;Domestic Aviation_tmp_vehicletype;Domestic Aviation_tmp_subsectorL3;Domestic Aviation_tmp_subsectorL2;Domestic Aviation;trn_pass;VS3;1;1;1;1;1
SSP2;UKI;;Domestic Ship_tmp_vehicletype;Domestic Ship_tmp_subsectorL3;Domestic Ship_tmp_subsectorL2;Domestic Ship;trn_freight;VS3;1;1;1;1;1
SSP2;UKI;;Freight Rail_tmp_vehicletype;Freight Rail_tmp_subsectorL3;Freight Rail_tmp_subsectorL2;Freight Rail;trn_freight;VS3;1;1;1;1;1
SSP2;UKI;;HSR_tmp_vehicletype;HSR_tmp_subsectorL3;HSR_tmp_subsectorL2;HSR;trn_pass;VS3;1;1;1;1;1
SSP2;UKI;;International Aviation_tmp_vehicletype;International Aviation_tmp_subsectorL3;International Aviation_tmp_subsectorL2;International Aviation;trn_aviation_intl;VS3;1;1;1;1;1
SSP2;UKI;;International Ship_tmp_vehicletype;International Ship_tmp_subsectorL3;International Ship_tmp_subsectorL2;International Ship;trn_shipping_intl;VS3;1;1;1;1;1
SSP2;UKI;;Large Car and SUV;trn_pass_road_LDV_4W;trn_pass_road_LDV;trn_pass_road;trn_pass;VS3;1;1;1;1;1
SSP2;UKI;;Midsize Car;trn_pass_road_LDV_4W;trn_pass_road_LDV;trn_pass_road;trn_pass;VS3;0.262000000012673;0.262000000417302;0.262000002044558;0.26200000030454;0.261999998179476
SSP2;UKI;;Mini Car;trn_pass_road_LDV_4W;trn_pass_road_LDV;trn_pass_road;trn_pass;VS3;5.28000000346039e-07;5.28000001531144e-07;5.01000003858411e-07;4.74999999709378e-07;4.7499999849993e-07
SSP2;UKI;;Moped;trn_pass_road_LDV_2W;trn_pass_road_LDV;trn_pass_road;trn_pass;VS3;0.0208999999960925;0.0209000000444818;0.0209000000016231;0.0209000000052237;0.0208999999728645
SSP2;UKI;;Motorcycle (50-250cc);trn_pass_road_LDV_2W;trn_pass_road_LDV;trn_pass_road;trn_pass;VS3;0.00380000000051525;0.00380000000547198;0.00380000000027201;0.00380000000003636;0.0038000000005539
SSP2;UKI;;Motorcycle (>250cc);trn_pass_road_LDV_2W;trn_pass_road_LDV;trn_pass_road;trn_pass;VS3;1;1;1;1;1
SSP2;UKI;;Passenger Rail_tmp_vehicletype;Passenger Rail_tmp_subsectorL3;Passenger Rail_tmp_subsectorL2;Passenger Rail;trn_pass;VS3;1;1;1;1;1
SSP2;UKI;;Subcompact Car;trn_pass_road_LDV_4W;trn_pass_road_LDV;trn_pass_road;trn_pass;VS3;0.569000000031249;0.569000000947813;0.540000004804259;0.512000000847772;0.511999996278543
SSP2;UKI;;Truck (0-3_5t);trn_freight_road_tmp_subsectorL3;trn_freight_road_tmp_subsectorL2;trn_freight_road;trn_freight;VS3;1;1;1;1;1
SSP2;UKI;;Truck (18t);trn_freight_road_tmp_subsectorL3;trn_freight_road_tmp_subsectorL2;trn_freight_road;trn_freight;VS3;0.0453000000143347;0.045300000128689;0.0453000000212231;0.0453000000225845;0.0453000000313402
SSP2;UKI;;Truck (26t);trn_freight_road_tmp_subsectorL3;trn_freight_road_tmp_subsectorL2;trn_freight_road;trn_freight;VS3;0.0944000000303211;0.0944000002699321;0.0944000000383886;0.094400000054265;0.094400000065387
SSP2;UKI;;Truck (40t);trn_freight_road_tmp_subsectorL3;trn_freight_road_tmp_subsectorL2;trn_freight_road;trn_freight;VS3;0.570000000117573;0.570000001670793;0.570000000130965;0.570000000260292;0.57000000038296
SSP2;UKI;;Truck (7_5t);trn_freight_road_tmp_subsectorL3;trn_freight_road_tmp_subsectorL2;trn_freight_road;trn_freight;VS3;0.776000000183776;0.776000002282904;0.776000000237017;0.776000000288088;0.77600000052453
SSP2;UKI;;Van;trn_pass_road_LDV_4W;trn_pass_road_LDV;trn_pass_road;trn_pass;VS3;0.00267999999989519;0.0026800000026427;0.0026800000331937;0.00268000000672508;0.00267999999601776
SSP2;UKI;;Walk_tmp_vehicletype;Walk_tmp_subsectorL3;Walk_tmp_subsectorL2;Walk;trn_pass;VS3;1;1;1;1;1
SSP2;UKI;BEV;Bus_tmp_vehicletype;Bus_tmp_subsectorL3;Bus;trn_pass_road;trn_pass;FV;0.0249999999953068;0.117000000229528;0.229999998499873;0.343000000601495;0.743000000924577
SSP2;UKI;BEV;Compact Car;trn_pass_road_LDV_4W;trn_pass_road_LDV;trn_pass_road;trn_pass;FV;0.00704825034095304;0.0079638748148957;0.0104450718491853;0.0168189698564159;0.0335707331715067
SSP2;UKI;BEV;Large Car and SUV;trn_pass_road_LDV_4W;trn_pass_road_LDV;trn_pass_road;trn_pass;FV;0.0324575016863941;0.0339445267892582;0.0391898704612607;0.05444064766005;0.0863497724744494
SSP2;UKI;BEV;Midsize Car;trn_pass_road_LDV_4W;trn_pass_road_LDV;trn_pass_road;trn_pass;FV;0.00729827197491522;0.00828058615231373;0.0108985605550196;0.0176059541670883;0.0352943833703492
SSP2;UKI;BEV;Mini Car;trn_pass_road_LDV_4W;trn_pass_road_LDV;trn_pass_road;trn_pass;FV;0.00454181495619326;0.00544690922198345;0.00777532033749108;0.0132723498761313;0.0332479315356506
SSP2;UKI;BEV;Moped;trn_pass_road_LDV_2W;trn_pass_road_LDV;trn_pass_road;trn_pass;FV;0;0.250000000021975;0.735294117520624;1;1
SSP2;UKI;BEV;Motorcycle (50-250cc);trn_pass_road_LDV_2W;trn_pass_road_LDV;trn_pass_road;trn_pass;FV;0;0.25000000013373;0.735294117966121;1;1
SSP2;UKI;BEV;Motorcycle (>250cc);trn_pass_road_LDV_2W;trn_pass_road_LDV;trn_pass_road;trn_pass;FV;0;0.249999999667796;0.73529410587926;1;1
SSP2;UKI;BEV;Subcompact Car;trn_pass_road_LDV_4W;trn_pass_road_LDV;trn_pass_road;trn_pass;FV;0.00356701623911287;0.00411679788560318;0.00558311141498026;0.0092578145090866;0.019692708856799
SSP2;UKI;BEV;Truck (0-3_5t);trn_freight_road_tmp_subsectorL3;trn_freight_road_tmp_subsectorL2;trn_freight_road;trn_freight;FV;0;0.281999999993261;0.433999999900017;0.584999999521375;0.836000001365128
SSP2;UKI;BEV;Truck (18t);trn_freight_road_tmp_subsectorL3;trn_freight_road_tmp_subsectorL2;trn_freight_road;trn_freight;FV;0;0.112000000022261;0.212999999706888;0.315000000486421;0.811000001307609
SSP2;UKI;BEV;Truck (26t);trn_freight_road_tmp_subsectorL3;trn_freight_road_tmp_subsectorL2;trn_freight_road;trn_freight;FV;0;0.11199999994476;0.213000001342218;0.314999999671518;0.811000001988399
SSP2;UKI;BEV;Truck (40t);trn_freight_road_tmp_subsectorL3;trn_freight_road_tmp_subsectorL2;trn_freight_road;trn_freight;FV;0;0.111999999955964;0.213000000060058;0.315000001560617;0.811000001647631
SSP2;UKI;BEV;Truck (7_5t);trn_freight_road_tmp_subsectorL3;trn_freight_road_tmp_subsectorL2;trn_freight_road;trn_freight;FV;0;0.282000000081572;0.433999999244366;0.585000000010001;0.836000001825773
SSP2;UKI;BEV;Van;trn_pass_road_LDV_4W;trn_pass_road_LDV;trn_pass_road;trn_pass;FV;0.0140393808162171;0.0143974843563714;0.0160062681582989;0.0219174903299664;0.0358526726493774
SSP2;UKI;Cycle_tmp_technology;Cycle_tmp_vehicletype;Cycle_tmp_subsectorL3;Cycle_tmp_subsectorL2;Cycle;trn_pass;FV;1;1;1;1;1
SSP2;UKI;Electric;Freight Rail_tmp_vehicletype;Freight Rail_tmp_subsectorL3;Freight Rail_tmp_subsectorL2;Freight Rail;trn_freight;FV;0.825999999064218;0.848000000050852;0.8700000004321;0.890999985783656;0.97799999198919
SSP2;UKI;Electric;HSR_tmp_vehicletype;HSR_tmp_subsectorL3;HSR_tmp_subsectorL2;HSR;trn_pass;FV;1;1;1;1;1
SSP2;UKI;Electric;Passenger Rail_tmp_vehicletype;Passenger Rail_tmp_subsectorL3;Passenger Rail_tmp_subsectorL2;Passenger Rail;trn_pass;FV;1;1;1;1;1
SSP2;UKI;FCEV;Bus_tmp_vehicletype;Bus_tmp_subsectorL3;Bus;trn_pass_road;trn_pass;FV;2.49999999994892e-05;0.0122000000185194;0.0166999998219555;0.0212999998312381;0.0788000000052054
SSP2;UKI;FCEV;Compact Car;trn_pass_road_LDV_4W;trn_pass_road_LDV;trn_pass_road;trn_pass;FV;0.00348045558595059;0.0033907963712001;0.00408663613946879;0.00392566581648196;0.0100982475023121
SSP2;UKI;FCEV;Large Car and SUV;trn_pass_road_LDV_4W;trn_pass_road_LDV;trn_pass_road;trn_pass;FV;0.0159725636451954;0.0145100010906669;0.0150410171386355;0.0145980769567649;0.0275017807738809
SSP2;UKI;FCEV;Midsize Car;trn_pass_road_LDV_4W;trn_pass_road_LDV;trn_pass_road;trn_pass;FV;0.00360699828314881;0.00359377904418148;0.00449315073905176;0.00408925329387767;0.0109083240603793
SSP2;UKI;FCEV;Mini Car;trn_pass_road_LDV_4W;trn_pass_road_LDV;trn_pass_road;trn_pass;FV;0.00205589122349998;0.00219122635644273;0.00295369664680331;0.00309723564237674;0.00939692356283359
SSP2;UKI;FCEV;Subcompact Car;trn_pass_road_LDV_4W;trn_pass_road_LDV;trn_pass_road;trn_pass;FV;0.00156782058262722;0.00159340369614848;0.00205628183479565;0.00199640505510421;0.00573289242668633
SSP2;UKI;FCEV;Truck (0-3_5t);trn_freight_road_tmp_subsectorL3;trn_freight_road_tmp_subsectorL2;trn_freight_road;trn_freight;FV;0;0.0790999999518844;0.152000000575108;0.224000000051396;0.173000000358535
SSP2;UKI;FCEV;Truck (18t);trn_freight_road_tmp_subsectorL3;trn_freight_road_tmp_subsectorL2;trn_freight_road;trn_freight;FV;0;0.0292000000029385;0.0572000000273278;0.0851000002387586;0.118000000062292
SSP2;UKI;FCEV;Truck (26t);trn_freight_road_tmp_subsectorL3;trn_freight_road_tmp_subsectorL2;trn_freight_road;trn_freight;FV;0;0.029200000035022;0.0572000002737631;0.0850999997350147;0.117999999721384
SSP2;UKI;FCEV;Truck (40t);trn_freight_road_tmp_subsectorL3;trn_freight_road_tmp_subsectorL2;trn_freight_road;trn_freight;FV;0;0.0292000000130312;0.0571999999945223;0.0851000000662119;0.118000000463393
SSP2;UKI;FCEV;Truck (7_5t);trn_freight_road_tmp_subsectorL3;trn_freight_road_tmp_subsectorL2;trn_freight_road;trn_freight;FV;0;0.0790999999732564;0.151999999926074;0.223999999822386;0.172999999656479
SSP2;UKI;FCEV;Van;trn_pass_road_LDV_4W;trn_pass_road_LDV;trn_pass_road;trn_pass;FV;0.00610156453587845;0.00559258878540538;0.00568261086746796;0.00524756385128023;0.00996990590203667
SSP2;UKI;Gases;Bus_tmp_vehicletype;Bus_tmp_subsectorL3;Bus;trn_pass_road;trn_pass;FV;0.000903999999937414;0.0222000000182087;0.050799999905401;0.079300000268617;0.12300000026845
SSP2;UKI;Gases;Compact Car;trn_pass_road_LDV_4W;trn_pass_road_LDV;trn_pass_road;trn_pass;FV;0.00137682489056267;0.00255895263684558;0.00387738932505717;0.00935937658505963;0.158182501055706
SSP2;UKI;Gases;Large Car and SUV;trn_pass_road_LDV_4W;trn_pass_road_LDV;trn_pass_road;trn_pass;FV;0.00611318032778771;0.00992891276149525;0.0133246543953524;0.0265310804015478;0.255907839341713
SSP2;UKI;Gases;Midsize Car;trn_pass_road_LDV_4W;trn_pass_road_LDV;trn_pass_road;trn_pass;FV;0.00131167031783429;0.00248276173693536;0.00384221029258711;0.00944977612550691;0.159167321583539
SSP2;UKI;Gases;Mini Car;trn_pass_road_LDV_4W;trn_pass_road_LDV;trn_pass_road;trn_pass;FV;0.000337379348217752;0.00078086121932273;0.00154551125949557;0.00430668890722545;0.0883836578737838
SSP2;UKI;Gases;Subcompact Car;trn_pass_road_LDV_4W;trn_pass_road_LDV;trn_pass_road;trn_pass;FV;0.000665241013054852;0.00135463997017118;0.00219169639201106;0.0055750690042371;0.109172292910189
SSP2;UKI;Gases;Truck (0-3_5t);trn_freight_road_tmp_subsectorL3;trn_freight_road_tmp_subsectorL2;trn_freight_road;trn_freight;FV;0;0.0263000000012473;0.0525999998070427;0.079000000236592;0.184000000352932
SSP2;UKI;Gases;Truck (18t);trn_freight_road_tmp_subsectorL3;trn_freight_road_tmp_subsectorL2;trn_freight_road;trn_freight;FV;0;0.0263000000013616;0.0526000000144873;0.0790000001402443;0.183999999849826
SSP2;UKI;Gases;Truck (26t);trn_freight_road_tmp_subsectorL3;trn_freight_road_tmp_subsectorL2;trn_freight_road;trn_freight;FV;0;0.0263000000128264;0.0526000004315872;0.0789999997956461;0.183999999786762
SSP2;UKI;Gases;Truck (40t);trn_freight_road_tmp_subsectorL3;trn_freight_road_tmp_subsectorL2;trn_freight_road;trn_freight;FV;0;0.0262999999945248;0.0526000000007179;0.0790000001578372;0.184000000642224
SSP2;UKI;Gases;Truck (7_5t);trn_freight_road_tmp_subsectorL3;trn_freight_road_tmp_subsectorL2;trn_freight_road;trn_freight;FV;0;0.0263000000033694;0.052599999854326;0.0789999998285821;0.184000000094016
SSP2;UKI;Gases;Van;trn_pass_road_LDV_4W;trn_pass_road_LDV;trn_pass_road;trn_pass;FV;0.0011967172764778;0.00232125781747325;0.00360390123729768;0.00793183643816886;0.0892438884906426
SSP2;UKI;Hybrid electric;Compact Car;trn_pass_road_LDV_4W;trn_pass_road_LDV;trn_pass_road;trn_pass;FV;0.0410255704023036;0.0516267880005602;0.0788335267701146;0.113465103935639;0.225864180354434
SSP2;UKI;Hybrid electric;Large Car and SUV;trn_pass_road_LDV_4W;trn_pass_road_LDV;trn_pass_road;trn_pass;FV;0.123237321726404;0.139602688222177;0.182305984830846;0.231655450162292;0.368809371831473
SSP2;UKI;Hybrid electric;Midsize Car;trn_pass_road_LDV_4W;trn_pass_road_LDV;trn_pass_road;trn_pass;FV;0.0444252308278665;0.0557242198648005;0.0847520172911306;0.122336446535635;0.247844857112518
SSP2;UKI;Hybrid electric;Mini Car;trn_pass_road_LDV_4W;trn_pass_road_LDV;trn_pass_road;trn_pass;FV;0.0279019450526472;0.0369427567541197;0.060203119624238;0.0916753972304947;0.215527525318467
SSP2;UKI;Hybrid electric;Subcompact Car;trn_pass_road_LDV_4W;trn_pass_road_LDV;trn_pass_road;trn_pass;FV;0.023575780059065;0.0306651347181571;0.048842146471772;0.0720466072814459;0.148985853237502
SSP2;UKI;Hybrid electric;Van;trn_pass_road_LDV_4W;trn_pass_road_LDV;trn_pass_road;trn_pass;FV;0.0713914035882458;0.0760975514721507;0.0919034835205468;0.112274871273674;0.180003920526474
SSP2;UKI;Hydrogen;Domestic Aviation_tmp_vehicletype;Domestic Aviation_tmp_subsectorL3;Domestic Aviation_tmp_subsectorL2;Domestic Aviation;trn_pass;FV;0;8.31999999999998e-07;2.30999999999901e-05;4.54000000000017e-05;0.118999999977684
SSP2;UKI;Liquids;Bus_tmp_vehicletype;Bus_tmp_subsectorL3;Bus;trn_pass_road;trn_pass;FV;1;1;1;1;1
SSP2;UKI;Liquids;Compact Car;trn_pass_road_LDV_4W;trn_pass_road_LDV;trn_pass_road;trn_pass;FV;1;1;1;1;1
SSP2;UKI;Liquids;Domestic Aviation_tmp_vehicletype;Domestic Aviation_tmp_subsectorL3;Domestic Aviation_tmp_subsectorL2;Domestic Aviation;trn_pass;FV;1;1;1;1;1
SSP2;UKI;Liquids;Domestic Ship_tmp_vehicletype;Domestic Ship_tmp_subsectorL3;Domestic Ship_tmp_subsectorL2;Domestic Ship;trn_freight;FV;1;1;1;1;1
SSP2;UKI;Liquids;Freight Rail_tmp_vehicletype;Freight Rail_tmp_subsectorL3;Freight Rail_tmp_subsectorL2;Freight Rail;trn_freight;FV;1;1;1;1;1
SSP2;UKI;Liquids;International Aviation_tmp_vehicletype;International Aviation_tmp_subsectorL3;International Aviation_tmp_subsectorL2;International Aviation;trn_aviation_intl;FV;1;1;1;1;1
SSP2;UKI;Liquids;International Ship_tmp_vehicletype;International Ship_tmp_subsectorL3;International Ship_tmp_subsectorL2;International Ship;trn_shipping_intl;FV;1;1;1;1;1
SSP2;UKI;Liquids;Large Car and SUV;trn_pass_road_LDV_4W;trn_pass_road_LDV;trn_pass_road;trn_pass;FV;1;1;1;1;1
SSP2;UKI;Liquids;Midsize Car;trn_pass_road_LDV_4W;trn_pass_road_LDV;trn_pass_road;trn_pass;FV;1;1;1;1;1
SSP2;UKI;Liquids;Mini Car;trn_pass_road_LDV_4W;trn_pass_road_LDV;trn_pass_road;trn_pass;FV;1;1;1;1;1
SSP2;UKI;Liquids;Moped;trn_pass_road_LDV_2W;trn_pass_road_LDV;trn_pass_road;trn_pass;FV;1;1;1;0.699999999852246;0.0999999999493704
SSP2;UKI;Liquids;Motorcycle (50-250cc);trn_pass_road_LDV_2W;trn_pass_road_LDV;trn_pass_road;trn_pass;FV;1;1;1;0.700000000732762;0.100000000050194
SSP2;UKI;Liquids;Motorcycle (>250cc);trn_pass_road_LDV_2W;trn_pass_road_LDV;trn_pass_road;trn_pass;FV;1;1;1;0.700000001349505;0.100000000293428
SSP2;UKI;Liquids;Passenger Rail_tmp_vehicletype;Passenger Rail_tmp_subsectorL3;Passenger Rail_tmp_subsectorL2;Passenger Rail;trn_pass;FV;0.535000001307476;0.534999999785054;0.534999999715496;0.534999999811578;0.534999999999999
SSP2;UKI;Liquids;Subcompact Car;trn_pass_road_LDV_4W;trn_pass_road_LDV;trn_pass_road;trn_pass;FV;1;1;1;1;1
SSP2;UKI;Liquids;Truck (0-3_5t);trn_freight_road_tmp_subsectorL3;trn_freight_road_tmp_subsectorL2;trn_freight_road;trn_freight;FV;1;1;1;1;1
SSP2;UKI;Liquids;Truck (18t);trn_freight_road_tmp_subsectorL3;trn_freight_road_tmp_subsectorL2;trn_freight_road;trn_freight;FV;1;1;1;1;1
SSP2;UKI;Liquids;Truck (26t);trn_freight_road_tmp_subsectorL3;trn_freight_road_tmp_subsectorL2;trn_freight_road;trn_freight;FV;1;1;1;1;1
SSP2;UKI;Liquids;Truck (40t);trn_freight_road_tmp_subsectorL3;trn_freight_road_tmp_subsectorL2;trn_freight_road;trn_freight;FV;1;1;1;1;1
SSP2;UKI;Liquids;Truck (7_5t);trn_freight_road_tmp_subsectorL3;trn_freight_road_tmp_subsectorL2;trn_freight_road;trn_freight;FV;1;1;1;1;1
SSP2;UKI;Liquids;Van;trn_pass_road_LDV_4W;trn_pass_road_LDV;trn_pass_road;trn_pass;FV;1;1;1;1;1
SSP2;UKI;Walk_tmp_technology;Walk_tmp_vehicletype;Walk_tmp_subsectorL3;Walk_tmp_subsectorL2;Walk;trn_pass;FV;1;1;1;1;1
SSP2;USA;;;;;Cycle;trn_pass;S1S;0.00819999999989406;0.008199999999492;0.00819999999999241;0.00820000000000413;0.0410000000001835
SSP2;USA;;;;;Domestic Aviation;trn_pass;S1S;0.000999999999987326;0.00119999999993378;0.00119999999999907;0.00120000000000069;0.00150000000000672
SSP2;USA;;;;;Domestic Ship;trn_freight;S1S;0.00600000000375541;0.00700000000206019;0.0069999999979633;0.007000000001636;0.00699999999944071
SSP2;USA;;;;;Freight Rail;trn_freight;S1S;0.0500000000062836;0.0300000000085928;0.0250000000016972;0.0200000000088179;0.00999999999898705
SSP2;USA;;;;;HSR;trn_pass;S1S;4.52999999994443e-06;4.52999999975762e-06;3.75999999999695e-06;3.00000000000159e-06;0.000226000000000949
SSP2;USA;;;;;International Aviation;trn_aviation_intl;S1S;1;1;1;1;1
SSP2;USA;;;;;International Ship;trn_shipping_intl;S1S;1;1;1;1;1
SSP2;USA;;;;;Passenger Rail;trn_pass;S1S;0.00192999999997538;0.00192999999988411;0.00212999999999843;0.00232000000000141;0.00193000000000855
SSP2;USA;;;;;Walk;trn_pass;S1S;1;1;1;1;1
SSP2;USA;;;;;trn_freight_road;trn_freight;S1S;1;1;1;1;1
SSP2;USA;;;;;trn_pass_road;trn_pass;S1S;0.129999999998306;0.143999999992555;0.121999999999889;0.10000000000006;0.0900000000004129
SSP2;USA;;;;Bus;trn_pass_road;trn_pass;S2S1;0.0872;0.0699999999999998;0.0666666666666668;0.0636363636363638;0.05
SSP2;USA;;;;Cycle_tmp_subsectorL2;Cycle;trn_pass;S2S1;1;1;1;1;1
SSP2;USA;;;;Domestic Aviation_tmp_subsectorL2;Domestic Aviation;trn_pass;S2S1;1;1;1;1;1
SSP2;USA;;;;Domestic Ship_tmp_subsectorL2;Domestic Ship;trn_freight;S2S1;1;1;1;1;1
SSP2;USA;;;;Freight Rail_tmp_subsectorL2;Freight Rail;trn_freight;S2S1;1;1;1;1;1
SSP2;USA;;;;HSR_tmp_subsectorL2;HSR;trn_pass;S2S1;1;1;1;1;1
SSP2;USA;;;;International Aviation_tmp_subsectorL2;International Aviation;trn_aviation_intl;S2S1;1;1;1;1;1
SSP2;USA;;;;International Ship_tmp_subsectorL2;International Ship;trn_shipping_intl;S2S1;1;1;1;1;1
SSP2;USA;;;;Passenger Rail_tmp_subsectorL2;Passenger Rail;trn_pass;S2S1;1;1;1;1;1
SSP2;USA;;;;Walk_tmp_subsectorL2;Walk;trn_pass;S2S1;1;1;1;1;1
SSP2;USA;;;;trn_freight_road_tmp_subsectorL2;trn_freight_road;trn_freight;S2S1;1;1;1;1;1
SSP2;USA;;;;trn_pass_road_LDV;trn_pass_road;trn_pass;S2S1;1;1;1;1;1
SSP2;USA;;;Bus_tmp_subsectorL3;Bus;trn_pass_road;trn_pass;S3S2;1;1;1;1;1
SSP2;USA;;;Cycle_tmp_subsectorL3;Cycle_tmp_subsectorL2;Cycle;trn_pass;S3S2;1;1;1;1;1
SSP2;USA;;;Domestic Aviation_tmp_subsectorL3;Domestic Aviation_tmp_subsectorL2;Domestic Aviation;trn_pass;S3S2;1;1;1;1;1
SSP2;USA;;;Domestic Ship_tmp_subsectorL3;Domestic Ship_tmp_subsectorL2;Domestic Ship;trn_freight;S3S2;1;1;1;1;1
SSP2;USA;;;Freight Rail_tmp_subsectorL3;Freight Rail_tmp_subsectorL2;Freight Rail;trn_freight;S3S2;1;1;1;1;1
SSP2;USA;;;HSR_tmp_subsectorL3;HSR_tmp_subsectorL2;HSR;trn_pass;S3S2;1;1;1;1;1
SSP2;USA;;;International Aviation_tmp_subsectorL3;International Aviation_tmp_subsectorL2;International Aviation;trn_aviation_intl;S3S2;1;1;1;1;1
SSP2;USA;;;International Ship_tmp_subsectorL3;International Ship_tmp_subsectorL2;International Ship;trn_shipping_intl;S3S2;1;1;1;1;1
SSP2;USA;;;Passenger Rail_tmp_subsectorL3;Passenger Rail_tmp_subsectorL2;Passenger Rail;trn_pass;S3S2;1;1;1;1;1
SSP2;USA;;;Walk_tmp_subsectorL3;Walk_tmp_subsectorL2;Walk;trn_pass;S3S2;1;1;1;1;1
SSP2;USA;;;trn_freight_road_tmp_subsectorL3;trn_freight_road_tmp_subsectorL2;trn_freight_road;trn_freight;S3S2;1;1;1;1;1
SSP2;USA;;;trn_pass_road_LDV_2W;trn_pass_road_LDV;trn_pass_road;trn_pass;S3S2;0.0599999998859601;0.0600000000283018;0.0600000000274541;0.0600000000207236;0.0500000000225711
SSP2;USA;;;trn_pass_road_LDV_4W;trn_pass_road_LDV;trn_pass_road;trn_pass;S3S2;1;1;1;1;1
SSP2;USA;;Bus_tmp_vehicletype;Bus_tmp_subsectorL3;Bus;trn_pass_road;trn_pass;VS3;1;1;1;1;1
SSP2;USA;;Compact Car;trn_pass_road_LDV_4W;trn_pass_road_LDV;trn_pass_road;trn_pass;VS3;0.378000009358403;0.37799999893845;0.378000003972281;0.378000000988651;0.377999999621945
SSP2;USA;;Cycle_tmp_vehicletype;Cycle_tmp_subsectorL3;Cycle_tmp_subsectorL2;Cycle;trn_pass;VS3;1;1;1;1;1
SSP2;USA;;Domestic Aviation_tmp_vehicletype;Domestic Aviation_tmp_subsectorL3;Domestic Aviation_tmp_subsectorL2;Domestic Aviation;trn_pass;VS3;1;1;1;1;1
SSP2;USA;;Domestic Ship_tmp_vehicletype;Domestic Ship_tmp_subsectorL3;Domestic Ship_tmp_subsectorL2;Domestic Ship;trn_freight;VS3;1;1;1;1;1
SSP2;USA;;Freight Rail_tmp_vehicletype;Freight Rail_tmp_subsectorL3;Freight Rail_tmp_subsectorL2;Freight Rail;trn_freight;VS3;1;1;1;1;1
SSP2;USA;;HSR_tmp_vehicletype;HSR_tmp_subsectorL3;HSR_tmp_subsectorL2;HSR;trn_pass;VS3;1;1;1;1;1
SSP2;USA;;International Aviation_tmp_vehicletype;International Aviation_tmp_subsectorL3;International Aviation_tmp_subsectorL2;International Aviation;trn_aviation_intl;VS3;1;1;1;1;1
SSP2;USA;;International Ship_tmp_vehicletype;International Ship_tmp_subsectorL3;International Ship_tmp_subsectorL2;International Ship;trn_shipping_intl;VS3;1;1;1;1;1
SSP2;USA;;Large Car;trn_pass_road_LDV_4W;trn_pass_road_LDV;trn_pass_road;trn_pass;VS3;0.26600000365548;0.266000000208305;0.266000002292601;0.26600000098623;0.265999999757388
SSP2;USA;;Large Car and SUV;trn_pass_road_LDV_4W;trn_pass_road_LDV;trn_pass_road;trn_pass;VS3;1;1;1;1;1
SSP2;USA;;Midsize Car;trn_pass_road_LDV_4W;trn_pass_road_LDV;trn_pass_road;trn_pass;VS3;0.374000006578684;0.373999999609955;0.374000003117573;0.374000002080945;0.373999999987774
SSP2;USA;;Motorcycle (>250cc);trn_pass_road_LDV_2W;trn_pass_road_LDV;trn_pass_road;trn_pass;VS3;1;1;1;1;1
SSP2;USA;;Passenger Rail_tmp_vehicletype;Passenger Rail_tmp_subsectorL3;Passenger Rail_tmp_subsectorL2;Passenger Rail;trn_pass;VS3;1;1;1;1;1
SSP2;USA;;Truck (0-3_5t);trn_freight_road_tmp_subsectorL3;trn_freight_road_tmp_subsectorL2;trn_freight_road;trn_freight;VS3;0.875000001057884;1;1;1;1
SSP2;USA;;Truck (18t);trn_freight_road_tmp_subsectorL3;trn_freight_road_tmp_subsectorL2;trn_freight_road;trn_freight;VS3;1;0.666666667508959;0.631578947368421;0.600000000164669;0.6
SSP2;USA;;Truck (26t);trn_freight_road_tmp_subsectorL3;trn_freight_road_tmp_subsectorL2;trn_freight_road;trn_freight;VS3;0.125000000023867;0.166666666848008;0.184210526315789;0.200000000059285;0.2
SSP2;USA;;Truck (40t);trn_freight_road_tmp_subsectorL3;trn_freight_road_tmp_subsectorL2;trn_freight_road;trn_freight;VS3;0.124999999994022;0.111111111245605;0.105263157894737;0.100000000028856;0.1
SSP2;USA;;Truck (7_5t);trn_freight_road_tmp_subsectorL3;trn_freight_road_tmp_subsectorL2;trn_freight_road;trn_freight;VS3;0.499999999954944;0.555555556243123;0.592631578947368;0.626000000070656;0.625999999999999
SSP2;USA;;Walk_tmp_vehicletype;Walk_tmp_subsectorL3;Walk_tmp_subsectorL2;Walk;trn_pass;VS3;1;1;1;1;1
SSP2;USA;BEV;Bus_tmp_vehicletype;Bus_tmp_subsectorL3;Bus;trn_pass_road;trn_pass;FV;0;0.112000000042021;0.325000000050474;0.537999999741058;1
SSP2;USA;BEV;Compact Car;trn_pass_road_LDV_4W;trn_pass_road_LDV;trn_pass_road;trn_pass;FV;0.0154721249967715;0.0232933495430299;0.0448421641978993;0.10638856634519;1
SSP2;USA;BEV;Large Car;trn_pass_road_LDV_4W;trn_pass_road_LDV;trn_pass_road;trn_pass;FV;0.0457320895431625;0.0591675090622075;0.0892128831190093;0.170460337753191;1
SSP2;USA;BEV;Large Car and SUV;trn_pass_road_LDV_4W;trn_pass_road_LDV;trn_pass_road;trn_pass;FV;0.0431246533923615;0.0554732379798796;0.082412538349839;0.156904531522696;1
SSP2;USA;BEV;Midsize Car;trn_pass_road_LDV_4W;trn_pass_road_LDV;trn_pass_road;trn_pass;FV;0.0278300450832437;0.0382503508067962;0.0637113248431142;0.133246185756356;1
SSP2;USA;BEV;Motorcycle (>250cc);trn_pass_road_LDV_2W;trn_pass_road_LDV;trn_pass_road;trn_pass;FV;0;0.250000000067336;0.735294122411862;1;1
SSP2;USA;BEV;Truck (0-3_5t);trn_freight_road_tmp_subsectorL3;trn_freight_road_tmp_subsectorL2;trn_freight_road;trn_freight;FV;0;0.0163000000002715;0.123999999999086;0.232000000041046;0.69700000049357
SSP2;USA;BEV;Truck (18t);trn_freight_road_tmp_subsectorL3;trn_freight_road_tmp_subsectorL2;trn_freight_road;trn_freight;FV;0;0.00646999999855218;0.0656999999984951;0.124999999969298;0.675999999303093
SSP2;USA;BEV;Truck (26t);trn_freight_road_tmp_subsectorL3;trn_freight_road_tmp_subsectorL2;trn_freight_road;trn_freight;FV;0.0355000000039763;0.135999999996114;0.300000000631779;0.464999998704461;0.710000008382751
SSP2;USA;BEV;Truck (40t);trn_freight_road_tmp_subsectorL3;trn_freight_road_tmp_subsectorL2;trn_freight_road;trn_freight;FV;0.0354999999875818;0.135999999963317;0.299999999569424;0.465000000289659;0.709999999498368
SSP2;USA;BEV;Truck (7_5t);trn_freight_road_tmp_subsectorL3;trn_freight_road_tmp_subsectorL2;trn_freight_road;trn_freight;FV;0;0.016300000000351;0.124000000030635;0.231999999818528;0.697000000191655
SSP2;USA;Cycle_tmp_technology;Cycle_tmp_vehicletype;Cycle_tmp_subsectorL3;Cycle_tmp_subsectorL2;Cycle;trn_pass;FV;1;1;1;1;1
SSP2;USA;Electric;Freight Rail_tmp_vehicletype;Freight Rail_tmp_subsectorL3;Freight Rail_tmp_subsectorL2;Freight Rail;trn_freight;FV;0;0.12500000042296;0.250000000350919;0.374999999209834;0.63466513428233
SSP2;USA;Electric;HSR_tmp_vehicletype;HSR_tmp_subsectorL3;HSR_tmp_subsectorL2;HSR;trn_pass;FV;1;1;1;1;1
SSP2;USA;Electric;Passenger Rail_tmp_vehicletype;Passenger Rail_tmp_subsectorL3;Passenger Rail_tmp_subsectorL2;Passenger Rail;trn_pass;FV;1;1;1;1;1
SSP2;USA;FCEV;Bus_tmp_vehicletype;Bus_tmp_subsectorL3;Bus;trn_pass_road;trn_pass;FV;0;0.0244000000087464;0.0204000000026014;0.0164000000030175;0.0778000001459392
SSP2;USA;FCEV;Compact Car;trn_pass_road_LDV_4W;trn_pass_road_LDV;trn_pass_road;trn_pass;FV;0.00639832468143285;0.00697449730005047;0.0114945317026363;0.013567150526065;0.0248178728400298
SSP2;USA;FCEV;Large Car;trn_pass_road_LDV_4W;trn_pass_road_LDV;trn_pass_road;trn_pass;FV;0.020651559435288;0.0199219249855712;0.0248791416243314;0.0280120884599818;0.042641769232973
SSP2;USA;FCEV;Large Car and SUV;trn_pass_road_LDV_4W;trn_pass_road_LDV;trn_pass_road;trn_pass;FV;0.0196586607921124;0.0186413218985407;0.0223948685197733;0.0256232057219137;0.0405287198716915
SSP2;USA;FCEV;Midsize Car;trn_pass_road_LDV_4W;trn_pass_road_LDV;trn_pass_road;trn_pass;FV;0.0116286800078292;0.0118002715389358;0.0166856801081719;0.0190227959765177;0.0331356468276694
SSP2;USA;FCEV;Truck (0-3_5t);trn_freight_road_tmp_subsectorL3;trn_freight_road_tmp_subsectorL2;trn_freight_road;trn_freight;FV;0;0.00122000000000025;0.00662000000120429;0.0120000000008043;0.101000000016967
SSP2;USA;FCEV;Truck (18t);trn_freight_road_tmp_subsectorL3;trn_freight_road_tmp_subsectorL2;trn_freight_road;trn_freight;FV;0;0.00044999999951817;0.00250000000026925;0.00455999999939094;0.0689999999445502
SSP2;USA;FCEV;Truck (26t);trn_freight_road_tmp_subsectorL3;trn_freight_road_tmp_subsectorL2;trn_freight_road;trn_freight;FV;0.0591000000131871;0.181999999977272;0.218000000216719;0.25300000051884;0.138000001203549
SSP2;USA;FCEV;Truck (40t);trn_freight_road_tmp_subsectorL3;trn_freight_road_tmp_subsectorL2;trn_freight_road;trn_freight;FV;0.0590999999967074;0.181999999865565;0.217999999811145;0.253000002106913;0.137999999920345
SSP2;USA;FCEV;Truck (7_5t);trn_freight_road_tmp_subsectorL3;trn_freight_road_tmp_subsectorL2;trn_freight_road;trn_freight;FV;0;0.00122000000000856;0.00662000000030708;0.01199999995946;0.101000000061886
SSP2;USA;Gases;Bus_tmp_vehicletype;Bus_tmp_subsectorL3;Bus;trn_pass_road;trn_pass;FV;0.0847999999851996;0.0907000000401664;0.10599999999634;0.120999999777131;0.167000000238626
SSP2;USA;Gases;Compact Car;trn_pass_road_LDV_4W;trn_pass_road_LDV;trn_pass_road;trn_pass;FV;0.00170389031116345;0.00226611479668338;0.00538054125257488;0.00697044663406617;0.0150406608227038
SSP2;USA;Gases;Large Car;trn_pass_road_LDV_4W;trn_pass_road_LDV;trn_pass_road;trn_pass;FV;0.00677366197625791;0.00805387041640009;0.0144274531972982;0.01729393198077;0.0329208212730197
SSP2;USA;Gases;Large Car and SUV;trn_pass_road_LDV_4W;trn_pass_road_LDV;trn_pass_road;trn_pass;FV;0.00629461257087114;0.00744309710812175;0.0129761038120766;0.0156961549664868;0.0319045078913852
SSP2;USA;Gases;Midsize Car;trn_pass_road_LDV_4W;trn_pass_road_LDV;trn_pass_road;trn_pass;FV;0.00370069805731992;0.00458926452410708;0.00944010726586965;0.0113663261202711;0.0238648702759448
SSP2;USA;Gases;Truck (0-3_5t);trn_freight_road_tmp_subsectorL3;trn_freight_road_tmp_subsectorL2;trn_freight_road;trn_freight;FV;0;0.00405000000003374;0.0132999999999272;0.022599999994026;0.0614000000303589
SSP2;USA;Gases;Truck (18t);trn_freight_road_tmp_subsectorL3;trn_freight_road_tmp_subsectorL2;trn_freight_road;trn_freight;FV;0;0.00404999999623467;0.0133000000008878;0.0225999999951815;0.061399999965845
SSP2;USA;Gases;Truck (26t);trn_freight_road_tmp_subsectorL3;trn_freight_road_tmp_subsectorL2;trn_freight_road;trn_freight;FV;0.00499999999975295;0.154000000102083;0.219999999923701;0.286000000407758;0.333000003977608
SSP2;USA;Gases;Truck (40t);trn_freight_road_tmp_subsectorL3;trn_freight_road_tmp_subsectorL2;trn_freight_road;trn_freight;FV;0.00499999999869549;0.153999999999692;0.219999999848363;0.285999998953821;0.333000000030023
SSP2;USA;Gases;Truck (7_5t);trn_freight_road_tmp_subsectorL3;trn_freight_road_tmp_subsectorL2;trn_freight_road;trn_freight;FV;0;0.00405000000009008;0.0133000000019725;0.0225999999405876;0.061400000022467
SSP2;USA;Hybrid electric;Compact Car;trn_pass_road_LDV_4W;trn_pass_road_LDV;trn_pass_road;trn_pass;FV;0.0132671602294227;0.0161848031175912;0.0266923145675514;0.0423693253252286;0.0476061119557364
SSP2;USA;Hybrid electric;Large Car;trn_pass_road_LDV_4W;trn_pass_road_LDV;trn_pass_road;trn_pass;FV;0.0357505675528179;0.0392403379168488;0.0536028063652863;0.0730510776741909;0.0774707912077331
SSP2;USA;Hybrid electric;Large Car and SUV;trn_pass_road_LDV_4W;trn_pass_road_LDV;trn_pass_road;trn_pass;FV;0.0347206085763596;0.0383211227849272;0.0524171630785857;0.070101870170152;0.0736893696007299
SSP2;USA;Hybrid electric;Midsize Car;trn_pass_road_LDV_4W;trn_pass_road_LDV;trn_pass_road;trn_pass;FV;0.0229707615147147;0.0265298232606096;0.0394444796970559;0.0568701827779078;0.0615736622324477
SSP2;USA;Hydrogen;Domestic Aviation_tmp_vehicletype;Domestic Aviation_tmp_subsectorL3;Domestic Aviation_tmp_subsectorL2;Domestic Aviation;trn_pass;FV;0;8.31999999999998e-07;2.31000000000001e-05;4.53999999999989e-05;0.118999999991069
SSP2;USA;Liquids;Bus_tmp_vehicletype;Bus_tmp_subsectorL3;Bus;trn_pass_road;trn_pass;FV;1;1;1;1;0.788999999675145
SSP2;USA;Liquids;Compact Car;trn_pass_road_LDV_4W;trn_pass_road_LDV;trn_pass_road;trn_pass;FV;1;1;1;1;0.462835366206173
SSP2;USA;Liquids;Domestic Aviation_tmp_vehicletype;Domestic Aviation_tmp_subsectorL3;Domestic Aviation_tmp_subsectorL2;Domestic Aviation;trn_pass;FV;1;1;1;1;1
SSP2;USA;Liquids;Domestic Ship_tmp_vehicletype;Domestic Ship_tmp_subsectorL3;Domestic Ship_tmp_subsectorL2;Domestic Ship;trn_freight;FV;1;1;1;1;1
SSP2;USA;Liquids;Freight Rail_tmp_vehicletype;Freight Rail_tmp_subsectorL3;Freight Rail_tmp_subsectorL2;Freight Rail;trn_freight;FV;1;1;1;1;1
SSP2;USA;Liquids;International Aviation_tmp_vehicletype;International Aviation_tmp_subsectorL3;International Aviation_tmp_subsectorL2;International Aviation;trn_aviation_intl;FV;1;1;1;1;1
SSP2;USA;Liquids;International Ship_tmp_vehicletype;International Ship_tmp_subsectorL3;International Ship_tmp_subsectorL2;International Ship;trn_shipping_intl;FV;1;1;1;1;1
SSP2;USA;Liquids;Large Car;trn_pass_road_LDV_4W;trn_pass_road_LDV;trn_pass_road;trn_pass;FV;1;1;1;1;0.590333723859227
SSP2;USA;Liquids;Large Car and SUV;trn_pass_road_LDV_4W;trn_pass_road_LDV;trn_pass_road;trn_pass;FV;1;1;1;1;0.645708692400288
SSP2;USA;Liquids;Midsize Car;trn_pass_road_LDV_4W;trn_pass_road_LDV;trn_pass_road;trn_pass;FV;1;1;1;1;0.550611620055003
SSP2;USA;Liquids;Motorcycle (>250cc);trn_pass_road_LDV_2W;trn_pass_road_LDV;trn_pass_road;trn_pass;FV;1;1;1;0.699999998200833;0.100000000001534
SSP2;USA;Liquids;Passenger Rail_tmp_vehicletype;Passenger Rail_tmp_subsectorL3;Passenger Rail_tmp_subsectorL2;Passenger Rail;trn_pass;FV;0.438999999697172;0.438999999903796;0.438999999793341;0.438999999875079;0.43900000001135
SSP2;USA;Liquids;Truck (0-3_5t);trn_freight_road_tmp_subsectorL3;trn_freight_road_tmp_subsectorL2;trn_freight_road;trn_freight;FV;1;1;1;1;1
SSP2;USA;Liquids;Truck (18t);trn_freight_road_tmp_subsectorL3;trn_freight_road_tmp_subsectorL2;trn_freight_road;trn_freight;FV;1;1;1;1;1
SSP2;USA;Liquids;Truck (26t);trn_freight_road_tmp_subsectorL3;trn_freight_road_tmp_subsectorL2;trn_freight_road;trn_freight;FV;1;1;1;1;1
SSP2;USA;Liquids;Truck (40t);trn_freight_road_tmp_subsectorL3;trn_freight_road_tmp_subsectorL2;trn_freight_road;trn_freight;FV;1;1;1;1;1
SSP2;USA;Liquids;Truck (7_5t);trn_freight_road_tmp_subsectorL3;trn_freight_road_tmp_subsectorL2;trn_freight_road;trn_freight;FV;1;1;1;1;1
SSP2;USA;Walk_tmp_technology;Walk_tmp_vehicletype;Walk_tmp_subsectorL3;Walk_tmp_subsectorL2;Walk;trn_pass;FV;1;1;1;1;1
